# every chapter PDF of every primary NCERT book: HEAD, or GET for first/last chapter (all chapters of Maths/Science 6-10); titleOnFirstPages = the chapter's own title found on PDF pages 1-2
code	pdfSeq	url	method	status	contentLength	lastModified	checkedAt	sha256	titleOnFirstPages
aemr1	1	https://ncert.nic.in/textbook/pdf/aemr101.pdf	GET	200	2947895	Fri, 27 Mar 2026 04:51:26 GMT	2026-09-25T23:19:31+05:30	e980949cb7dcc8e925a9605398a8d43d069d3991cb9ba0c9a84bb540209aa89c	yes
aemr1	2	https://ncert.nic.in/textbook/pdf/aemr102.pdf	HEAD	200	9941669	Fri, 27 Mar 2026 04:51:26 GMT	2026-09-25T23:19:29+05:30		
aemr1	3	https://ncert.nic.in/textbook/pdf/aemr103.pdf	HEAD	200	2661557	Fri, 27 Mar 2026 04:51:26 GMT	2026-09-25T23:19:29+05:30		
aemr1	4	https://ncert.nic.in/textbook/pdf/aemr104.pdf	HEAD	200	5095434	Fri, 27 Mar 2026 04:51:28 GMT	2026-09-25T23:19:29+05:30		
aemr1	5	https://ncert.nic.in/textbook/pdf/aemr105.pdf	HEAD	200	3207615	Fri, 27 Mar 2026 04:51:28 GMT	2026-09-25T23:19:29+05:30		
aemr1	6	https://ncert.nic.in/textbook/pdf/aemr106.pdf	HEAD	200	3333009	Fri, 27 Mar 2026 04:51:28 GMT	2026-09-25T23:19:29+05:30		
aemr1	7	https://ncert.nic.in/textbook/pdf/aemr107.pdf	HEAD	200	1474302	Fri, 27 Mar 2026 04:51:28 GMT	2026-09-25T23:19:30+05:30		
aemr1	8	https://ncert.nic.in/textbook/pdf/aemr108.pdf	HEAD	200	2373227	Fri, 27 Mar 2026 04:51:30 GMT	2026-09-25T23:19:30+05:30		
aemr1	9	https://ncert.nic.in/textbook/pdf/aemr109.pdf	GET	200	1372017	Fri, 27 Mar 2026 04:51:30 GMT	2026-09-25T23:19:30+05:30	2b036ce71f781f7a75ef7693ceb04e61f9ae43b5ad36c8adbe74be8fc702be56	yes
aejm1	1	https://ncert.nic.in/textbook/pdf/aejm101.pdf	GET	200	3921503	Fri, 27 Mar 2026 04:51:30 GMT	2026-09-25T23:19:32+05:30	4ebb9faa841f2bb7405f46a710c61f9e924b05a5b243f9d7445f9b94ce37e8cb	no
aejm1	2	https://ncert.nic.in/textbook/pdf/aejm102.pdf	HEAD	200	2909738	Fri, 27 Mar 2026 04:51:30 GMT	2026-09-25T23:19:30+05:30		
aejm1	3	https://ncert.nic.in/textbook/pdf/aejm103.pdf	HEAD	200	24517554	Fri, 27 Mar 2026 04:51:32 GMT	2026-09-25T23:19:30+05:30		
aejm1	4	https://ncert.nic.in/textbook/pdf/aejm104.pdf	HEAD	200	12896677	Fri, 27 Mar 2026 04:51:32 GMT	2026-09-25T23:19:30+05:30		
aejm1	5	https://ncert.nic.in/textbook/pdf/aejm105.pdf	HEAD	200	17104368	Fri, 27 Mar 2026 04:51:32 GMT	2026-09-25T23:19:30+05:30		
aejm1	6	https://ncert.nic.in/textbook/pdf/aejm106.pdf	HEAD	200	11463546	Fri, 27 Mar 2026 04:51:32 GMT	2026-09-25T23:19:30+05:30		
aejm1	7	https://ncert.nic.in/textbook/pdf/aejm107.pdf	HEAD	200	12525793	Fri, 27 Mar 2026 04:51:34 GMT	2026-09-25T23:19:31+05:30		
aejm1	8	https://ncert.nic.in/textbook/pdf/aejm108.pdf	HEAD	200	3675287	Fri, 27 Mar 2026 04:51:34 GMT	2026-09-25T23:19:31+05:30		
aejm1	9	https://ncert.nic.in/textbook/pdf/aejm109.pdf	HEAD	200	2820781	Fri, 27 Mar 2026 04:51:34 GMT	2026-09-25T23:19:31+05:30		
aejm1	10	https://ncert.nic.in/textbook/pdf/aejm110.pdf	HEAD	200	2782648	Fri, 27 Mar 2026 04:51:36 GMT	2026-09-25T23:19:31+05:30		
aejm1	11	https://ncert.nic.in/textbook/pdf/aejm111.pdf	HEAD	200	1553174	Fri, 27 Mar 2026 04:51:36 GMT	2026-09-25T23:19:31+05:30		
aejm1	12	https://ncert.nic.in/textbook/pdf/aejm112.pdf	HEAD	200	1917383	Fri, 27 Mar 2026 04:51:36 GMT	2026-09-25T23:19:32+05:30		
aejm1	13	https://ncert.nic.in/textbook/pdf/aejm113.pdf	GET	200	3002330	Fri, 27 Mar 2026 04:51:36 GMT	2026-09-25T23:19:33+05:30	81879534d419e268ac0314be3a844ba57e5ef7c4f146fe21cbed6493e744ea5f	no
ahsr1	1	https://ncert.nic.in/textbook/pdf/ahsr101.pdf	HEAD	200	5767249	Fri, 27 Mar 2026 04:51:20 GMT	2026-09-25T23:19:31+05:30		
ahsr1	2	https://ncert.nic.in/textbook/pdf/ahsr102.pdf	HEAD	200	3281634	Fri, 27 Mar 2026 04:51:20 GMT	2026-09-25T23:19:31+05:30		
ahsr1	3	https://ncert.nic.in/textbook/pdf/ahsr103.pdf	HEAD	200	5480502	Fri, 27 Mar 2026 04:51:20 GMT	2026-09-25T23:19:31+05:30		
ahsr1	4	https://ncert.nic.in/textbook/pdf/ahsr104.pdf	HEAD	200	6220411	Fri, 27 Mar 2026 04:51:22 GMT	2026-09-25T23:19:31+05:30		
ahsr1	5	https://ncert.nic.in/textbook/pdf/ahsr105.pdf	HEAD	200	8269320	Fri, 27 Mar 2026 04:51:22 GMT	2026-09-25T23:19:31+05:30		
ahsr1	6	https://ncert.nic.in/textbook/pdf/ahsr106.pdf	HEAD	200	6085914	Fri, 27 Mar 2026 04:51:22 GMT	2026-09-25T23:19:32+05:30		
ahsr1	7	https://ncert.nic.in/textbook/pdf/ahsr107.pdf	HEAD	200	1997940	Fri, 27 Mar 2026 04:51:22 GMT	2026-09-25T23:19:32+05:30		
ahsr1	8	https://ncert.nic.in/textbook/pdf/ahsr108.pdf	HEAD	200	3702638	Fri, 27 Mar 2026 04:51:22 GMT	2026-09-25T23:19:32+05:30		
ahsr1	9	https://ncert.nic.in/textbook/pdf/ahsr109.pdf	HEAD	200	4033063	Fri, 27 Mar 2026 04:51:22 GMT	2026-09-25T23:19:32+05:30		
ahsr1	10	https://ncert.nic.in/textbook/pdf/ahsr110.pdf	HEAD	200	3665534	Fri, 27 Mar 2026 04:51:22 GMT	2026-09-25T23:19:32+05:30		
ahsr1	11	https://ncert.nic.in/textbook/pdf/ahsr111.pdf	HEAD	200	3536173	Fri, 27 Mar 2026 04:51:22 GMT	2026-09-25T23:19:32+05:30		
ahsr1	12	https://ncert.nic.in/textbook/pdf/ahsr112.pdf	HEAD	200	4916915	Fri, 27 Mar 2026 04:51:24 GMT	2026-09-25T23:19:32+05:30		
ahsr1	13	https://ncert.nic.in/textbook/pdf/ahsr113.pdf	HEAD	200	3372534	Fri, 27 Mar 2026 04:51:24 GMT	2026-09-25T23:19:32+05:30		
ahsr1	14	https://ncert.nic.in/textbook/pdf/ahsr114.pdf	HEAD	200	3107331	Fri, 27 Mar 2026 04:51:24 GMT	2026-09-25T23:19:32+05:30		
ahsr1	15	https://ncert.nic.in/textbook/pdf/ahsr115.pdf	HEAD	200	4337366	Fri, 27 Mar 2026 04:51:24 GMT	2026-09-25T23:19:32+05:30		
ahsr1	16	https://ncert.nic.in/textbook/pdf/ahsr116.pdf	HEAD	200	2851480	Fri, 27 Mar 2026 04:51:24 GMT	2026-09-25T23:19:32+05:30		
ahsr1	17	https://ncert.nic.in/textbook/pdf/ahsr117.pdf	HEAD	200	2649562	Fri, 27 Mar 2026 04:51:24 GMT	2026-09-25T23:19:32+05:30		
ahsr1	18	https://ncert.nic.in/textbook/pdf/ahsr118.pdf	HEAD	200	4077700	Fri, 27 Mar 2026 04:51:24 GMT	2026-09-25T23:19:32+05:30		
ahsr1	19	https://ncert.nic.in/textbook/pdf/ahsr119.pdf	HEAD	200	6131645	Fri, 27 Mar 2026 04:51:26 GMT	2026-09-25T23:19:32+05:30		
aush1	1	https://ncert.nic.in/textbook/pdf/aush101.pdf	GET	200	2348937	Tue, 01 Aug 2023 06:33:21 GMT	2026-09-25T23:19:33+05:30	c68999139dc2ea752acde291dec082bf0cc012ac38a225df57ff6ea31154db72	
aush1	2	https://ncert.nic.in/textbook/pdf/aush102.pdf	HEAD	200	3634828	Tue, 01 Aug 2023 06:33:22 GMT	2026-09-25T23:19:32+05:30		
aush1	3	https://ncert.nic.in/textbook/pdf/aush103.pdf	HEAD	200	2226801	Tue, 01 Aug 2023 06:33:22 GMT	2026-09-25T23:19:32+05:30		
aush1	4	https://ncert.nic.in/textbook/pdf/aush104.pdf	HEAD	200	1433749	Tue, 01 Aug 2023 06:33:22 GMT	2026-09-25T23:19:32+05:30		
aush1	5	https://ncert.nic.in/textbook/pdf/aush105.pdf	HEAD	200	1620679	Tue, 01 Aug 2023 06:33:22 GMT	2026-09-25T23:19:32+05:30		
aush1	6	https://ncert.nic.in/textbook/pdf/aush106.pdf	HEAD	200	2616230	Tue, 01 Aug 2023 06:33:22 GMT	2026-09-25T23:19:32+05:30		
aush1	7	https://ncert.nic.in/textbook/pdf/aush107.pdf	HEAD	200	2032501	Tue, 01 Aug 2023 06:33:22 GMT	2026-09-25T23:19:32+05:30		
aush1	8	https://ncert.nic.in/textbook/pdf/aush108.pdf	HEAD	200	2227463	Tue, 01 Aug 2023 06:33:22 GMT	2026-09-25T23:19:32+05:30		
aush1	9	https://ncert.nic.in/textbook/pdf/aush109.pdf	HEAD	200	4389498	Tue, 01 Aug 2023 06:33:23 GMT	2026-09-25T23:19:32+05:30		
aush1	10	https://ncert.nic.in/textbook/pdf/aush110.pdf	HEAD	200	2602498	Tue, 01 Aug 2023 06:33:23 GMT	2026-09-25T23:19:33+05:30		
aush1	11	https://ncert.nic.in/textbook/pdf/aush111.pdf	HEAD	200	1501822	Tue, 01 Aug 2023 06:33:23 GMT	2026-09-25T23:19:33+05:30		
aush1	12	https://ncert.nic.in/textbook/pdf/aush112.pdf	HEAD	200	1993797	Tue, 01 Aug 2023 06:33:23 GMT	2026-09-25T23:19:33+05:30		
aush1	13	https://ncert.nic.in/textbook/pdf/aush113.pdf	HEAD	200	1783383	Tue, 01 Aug 2023 06:33:23 GMT	2026-09-25T23:19:33+05:30		
aush1	14	https://ncert.nic.in/textbook/pdf/aush114.pdf	HEAD	200	1952737	Tue, 01 Aug 2023 06:33:23 GMT	2026-09-25T23:19:33+05:30		
aush1	15	https://ncert.nic.in/textbook/pdf/aush115.pdf	HEAD	200	1735236	Tue, 01 Aug 2023 06:33:24 GMT	2026-09-25T23:19:33+05:30		
aush1	16	https://ncert.nic.in/textbook/pdf/aush116.pdf	HEAD	200	1823742	Tue, 01 Aug 2023 06:33:24 GMT	2026-09-25T23:19:33+05:30		
aush1	17	https://ncert.nic.in/textbook/pdf/aush117.pdf	HEAD	200	800239	Tue, 01 Aug 2023 06:33:24 GMT	2026-09-25T23:19:33+05:30		
aush1	18	https://ncert.nic.in/textbook/pdf/aush118.pdf	GET	200	2216471	Tue, 01 Aug 2023 06:33:24 GMT	2026-09-25T23:19:34+05:30	bfbe72379d00e0c355a87b42c42f9ff1cc4a962aff3513d19f1d7773dbd2b415	
bejm1	1	https://ncert.nic.in/textbook/pdf/bejm101.pdf	GET	200	18510236	Fri, 27 Mar 2026 05:05:32 GMT	2026-09-25T23:19:36+05:30	ead718df99c547945c2b91072ccb4acd404f938244bf7aecda0c4e62d15f5b1d	yes
bejm1	2	https://ncert.nic.in/textbook/pdf/bejm102.pdf	HEAD	200	3246886	Fri, 27 Mar 2026 05:05:32 GMT	2026-09-25T23:19:33+05:30		
bejm1	3	https://ncert.nic.in/textbook/pdf/bejm103.pdf	HEAD	200	1975931	Fri, 27 Mar 2026 05:05:32 GMT	2026-09-25T23:19:33+05:30		
bejm1	4	https://ncert.nic.in/textbook/pdf/bejm104.pdf	HEAD	200	2852153	Fri, 27 Mar 2026 05:05:34 GMT	2026-09-25T23:19:33+05:30		
bejm1	5	https://ncert.nic.in/textbook/pdf/bejm105.pdf	HEAD	200	1601310	Fri, 27 Mar 2026 05:05:34 GMT	2026-09-25T23:19:33+05:30		
bejm1	6	https://ncert.nic.in/textbook/pdf/bejm106.pdf	HEAD	200	23239557	Fri, 27 Mar 2026 05:05:36 GMT	2026-09-25T23:19:34+05:30		
bejm1	7	https://ncert.nic.in/textbook/pdf/bejm107.pdf	HEAD	200	4004355	Fri, 27 Mar 2026 05:05:36 GMT	2026-09-25T23:19:34+05:30		
bejm1	8	https://ncert.nic.in/textbook/pdf/bejm108.pdf	HEAD	200	4397879	Fri, 27 Mar 2026 05:05:36 GMT	2026-09-25T23:19:34+05:30		
bejm1	9	https://ncert.nic.in/textbook/pdf/bejm109.pdf	HEAD	200	21215150	Fri, 27 Mar 2026 05:15:16 GMT	2026-09-25T23:19:34+05:30		
bejm1	10	https://ncert.nic.in/textbook/pdf/bejm110.pdf	HEAD	200	2570404	Fri, 27 Mar 2026 05:15:16 GMT	2026-09-25T23:19:34+05:30		
bejm1	11	https://ncert.nic.in/textbook/pdf/bejm111.pdf	GET	200	6832883	Fri, 27 Mar 2026 05:15:16 GMT	2026-09-25T23:19:36+05:30	1ffd8c2b779633eb21c729ca5de29edc72be1f4aa41e971b1bf5e7295ec0c8f0	yes
bhsr1	1	https://ncert.nic.in/textbook/pdf/bhsr101.pdf	HEAD	200	4259785	Fri, 27 Mar 2026 05:05:16 GMT	2026-09-25T23:19:34+05:30		
bhsr1	2	https://ncert.nic.in/textbook/pdf/bhsr102.pdf	HEAD	200	2892916	Fri, 27 Mar 2026 05:05:16 GMT	2026-09-25T23:19:34+05:30		
bhsr1	3	https://ncert.nic.in/textbook/pdf/bhsr103.pdf	HEAD	200	3592021	Fri, 27 Mar 2026 05:05:18 GMT	2026-09-25T23:19:34+05:30		
bhsr1	4	https://ncert.nic.in/textbook/pdf/bhsr104.pdf	HEAD	200	2098438	Fri, 27 Mar 2026 05:05:18 GMT	2026-09-25T23:19:34+05:30		
bhsr1	5	https://ncert.nic.in/textbook/pdf/bhsr105.pdf	HEAD	200	3794087	Fri, 27 Mar 2026 05:05:18 GMT	2026-09-25T23:19:34+05:30		
bhsr1	6	https://ncert.nic.in/textbook/pdf/bhsr106.pdf	HEAD	200	3427150	Fri, 27 Mar 2026 05:05:18 GMT	2026-09-25T23:19:34+05:30		
bhsr1	7	https://ncert.nic.in/textbook/pdf/bhsr107.pdf	HEAD	200	3148613	Fri, 27 Mar 2026 05:05:18 GMT	2026-09-25T23:19:34+05:30		
bhsr1	8	https://ncert.nic.in/textbook/pdf/bhsr108.pdf	HEAD	200	3700283	Fri, 27 Mar 2026 05:05:18 GMT	2026-09-25T23:19:35+05:30		
bhsr1	9	https://ncert.nic.in/textbook/pdf/bhsr109.pdf	HEAD	200	3214174	Fri, 27 Mar 2026 05:05:18 GMT	2026-09-25T23:19:35+05:30		
bhsr1	10	https://ncert.nic.in/textbook/pdf/bhsr110.pdf	HEAD	200	4783537	Fri, 27 Mar 2026 05:05:18 GMT	2026-09-25T23:19:35+05:30		
bhsr1	11	https://ncert.nic.in/textbook/pdf/bhsr111.pdf	HEAD	200	4942816	Fri, 27 Mar 2026 05:05:18 GMT	2026-09-25T23:19:35+05:30		
bhsr1	12	https://ncert.nic.in/textbook/pdf/bhsr112.pdf	HEAD	200	4962388	Fri, 27 Mar 2026 05:05:20 GMT	2026-09-25T23:19:35+05:30		
bhsr1	13	https://ncert.nic.in/textbook/pdf/bhsr113.pdf	HEAD	200	6508525	Fri, 27 Mar 2026 05:05:20 GMT	2026-09-25T23:19:35+05:30		
bhsr1	14	https://ncert.nic.in/textbook/pdf/bhsr114.pdf	HEAD	200	3203436	Fri, 27 Mar 2026 05:05:20 GMT	2026-09-25T23:19:35+05:30		
bhsr1	15	https://ncert.nic.in/textbook/pdf/bhsr115.pdf	HEAD	200	3949861	Fri, 27 Mar 2026 05:05:20 GMT	2026-09-25T23:19:35+05:30		
bhsr1	16	https://ncert.nic.in/textbook/pdf/bhsr116.pdf	HEAD	200	3368096	Fri, 27 Mar 2026 05:05:20 GMT	2026-09-25T23:19:35+05:30		
bhsr1	17	https://ncert.nic.in/textbook/pdf/bhsr117.pdf	HEAD	200	7047895	Fri, 27 Mar 2026 05:05:20 GMT	2026-09-25T23:19:35+05:30		
bhsr1	18	https://ncert.nic.in/textbook/pdf/bhsr118.pdf	HEAD	200	4743188	Fri, 27 Mar 2026 05:05:22 GMT	2026-09-25T23:19:35+05:30		
bhsr1	19	https://ncert.nic.in/textbook/pdf/bhsr119.pdf	HEAD	200	6335901	Fri, 27 Mar 2026 05:05:22 GMT	2026-09-25T23:19:35+05:30		
bhsr1	20	https://ncert.nic.in/textbook/pdf/bhsr120.pdf	HEAD	200	5090420	Fri, 27 Mar 2026 05:05:22 GMT	2026-09-25T23:19:36+05:30		
bhsr1	21	https://ncert.nic.in/textbook/pdf/bhsr121.pdf	HEAD	200	4681599	Fri, 27 Mar 2026 05:05:22 GMT	2026-09-25T23:19:35+05:30		
bhsr1	22	https://ncert.nic.in/textbook/pdf/bhsr122.pdf	HEAD	200	1689211	Fri, 27 Mar 2026 05:05:22 GMT	2026-09-25T23:19:36+05:30		
bhsr1	23	https://ncert.nic.in/textbook/pdf/bhsr123.pdf	HEAD	200	3022937	Fri, 27 Mar 2026 05:05:22 GMT	2026-09-25T23:19:36+05:30		
bhsr1	24	https://ncert.nic.in/textbook/pdf/bhsr124.pdf	HEAD	200	2447571	Fri, 27 Mar 2026 05:05:24 GMT	2026-09-25T23:19:36+05:30		
bhsr1	25	https://ncert.nic.in/textbook/pdf/bhsr125.pdf	HEAD	200	3966133	Fri, 27 Mar 2026 05:05:24 GMT	2026-09-25T23:19:36+05:30		
bhsr1	26	https://ncert.nic.in/textbook/pdf/bhsr126.pdf	HEAD	200	6887925	Fri, 27 Mar 2026 05:05:24 GMT	2026-09-25T23:19:36+05:30		
bemr1	1	https://ncert.nic.in/textbook/pdf/bemr101.pdf	GET	200	1306355	Fri, 27 Mar 2026 05:05:26 GMT	2026-09-25T23:19:36+05:30	ed3d9b6b69d1dc74462eb9b7a95cd29f5ef90ba04b496c33d08e1b743bcc3785	yes
bemr1	2	https://ncert.nic.in/textbook/pdf/bemr102.pdf	HEAD	200	2707837	Fri, 27 Mar 2026 05:05:26 GMT	2026-09-25T23:19:36+05:30		
bemr1	3	https://ncert.nic.in/textbook/pdf/bemr103.pdf	HEAD	200	2769177	Fri, 27 Mar 2026 05:05:26 GMT	2026-09-25T23:19:36+05:30		
bemr1	4	https://ncert.nic.in/textbook/pdf/bemr104.pdf	HEAD	200	2079828	Fri, 27 Mar 2026 05:05:26 GMT	2026-09-25T23:19:36+05:30		
bemr1	5	https://ncert.nic.in/textbook/pdf/bemr105.pdf	HEAD	200	1334821	Fri, 27 Mar 2026 05:05:26 GMT	2026-09-25T23:19:36+05:30		
bemr1	6	https://ncert.nic.in/textbook/pdf/bemr106.pdf	HEAD	200	1190065	Fri, 27 Mar 2026 05:05:28 GMT	2026-09-25T23:19:36+05:30		
bemr1	7	https://ncert.nic.in/textbook/pdf/bemr107.pdf	HEAD	200	1001491	Fri, 27 Mar 2026 05:05:28 GMT	2026-09-25T23:19:36+05:30		
bemr1	8	https://ncert.nic.in/textbook/pdf/bemr108.pdf	HEAD	200	1880662	Fri, 27 Mar 2026 05:05:28 GMT	2026-09-25T23:19:36+05:30		
bemr1	9	https://ncert.nic.in/textbook/pdf/bemr109.pdf	HEAD	200	1595383	Fri, 27 Mar 2026 05:05:28 GMT	2026-09-25T23:19:36+05:30		
bemr1	10	https://ncert.nic.in/textbook/pdf/bemr110.pdf	HEAD	200	1526527	Fri, 27 Mar 2026 05:05:28 GMT	2026-09-25T23:19:36+05:30		
bemr1	11	https://ncert.nic.in/textbook/pdf/bemr111.pdf	HEAD	200	1718174	Fri, 27 Mar 2026 05:05:30 GMT	2026-09-25T23:19:37+05:30		
bemr1	12	https://ncert.nic.in/textbook/pdf/bemr112.pdf	HEAD	200	1744298	Fri, 27 Mar 2026 05:05:30 GMT	2026-09-25T23:19:37+05:30		
bemr1	13	https://ncert.nic.in/textbook/pdf/bemr113.pdf	GET	200	5627972	Fri, 27 Mar 2026 05:05:30 GMT	2026-09-25T23:19:38+05:30	eb42341f735655daa17239afd8a9a99297f988e209a69cc6c7452b1ee71e0094	yes
bush1	1	https://ncert.nic.in/textbook/pdf/bush101.pdf	GET	200	2039105	Tue, 01 Aug 2023 06:58:25 GMT	2026-09-25T23:19:37+05:30	bff2b4c85b40c60027ddb0ce4709ecd73fe5539d9f2cd4019e58a26d0e32fff8	
bush1	2	https://ncert.nic.in/textbook/pdf/bush102.pdf	HEAD	200	2847193	Tue, 01 Aug 2023 06:58:25 GMT	2026-09-25T23:19:37+05:30		
bush1	3	https://ncert.nic.in/textbook/pdf/bush103.pdf	HEAD	200	2962582	Tue, 01 Aug 2023 06:58:25 GMT	2026-09-25T23:19:37+05:30		
bush1	4	https://ncert.nic.in/textbook/pdf/bush104.pdf	HEAD	200	2688148	Tue, 01 Aug 2023 06:58:25 GMT	2026-09-25T23:19:37+05:30		
bush1	5	https://ncert.nic.in/textbook/pdf/bush105.pdf	HEAD	200	2417893	Tue, 01 Aug 2023 06:58:26 GMT	2026-09-25T23:19:37+05:30		
bush1	6	https://ncert.nic.in/textbook/pdf/bush106.pdf	HEAD	200	2428283	Tue, 01 Aug 2023 06:58:26 GMT	2026-09-25T23:19:37+05:30		
bush1	7	https://ncert.nic.in/textbook/pdf/bush107.pdf	HEAD	200	1555691	Tue, 01 Aug 2023 06:58:26 GMT	2026-09-25T23:19:37+05:30		
bush1	8	https://ncert.nic.in/textbook/pdf/bush108.pdf	HEAD	200	2458550	Tue, 01 Aug 2023 06:58:26 GMT	2026-09-25T23:19:37+05:30		
bush1	9	https://ncert.nic.in/textbook/pdf/bush109.pdf	HEAD	200	2588995	Tue, 01 Aug 2023 06:58:26 GMT	2026-09-25T23:19:37+05:30		
bush1	10	https://ncert.nic.in/textbook/pdf/bush110.pdf	HEAD	200	1409670	Tue, 01 Aug 2023 06:58:26 GMT	2026-09-25T23:19:38+05:30		
bush1	11	https://ncert.nic.in/textbook/pdf/bush111.pdf	HEAD	200	2086022	Tue, 01 Aug 2023 06:58:26 GMT	2026-09-25T23:19:38+05:30		
bush1	12	https://ncert.nic.in/textbook/pdf/bush112.pdf	HEAD	200	2050808	Tue, 01 Aug 2023 06:58:27 GMT	2026-09-25T23:19:38+05:30		
bush1	13	https://ncert.nic.in/textbook/pdf/bush113.pdf	HEAD	200	1296022	Tue, 01 Aug 2023 06:58:27 GMT	2026-09-25T23:19:38+05:30		
bush1	14	https://ncert.nic.in/textbook/pdf/bush114.pdf	HEAD	200	1829496	Tue, 01 Aug 2023 06:58:27 GMT	2026-09-25T23:19:38+05:30		
bush1	15	https://ncert.nic.in/textbook/pdf/bush115.pdf	HEAD	200	2095167	Tue, 01 Aug 2023 06:58:27 GMT	2026-09-25T23:19:38+05:30		
bush1	16	https://ncert.nic.in/textbook/pdf/bush116.pdf	HEAD	200	1475260	Tue, 01 Aug 2023 06:58:27 GMT	2026-09-25T23:19:38+05:30		
bush1	17	https://ncert.nic.in/textbook/pdf/bush117.pdf	HEAD	200	456744	Tue, 01 Aug 2023 06:58:27 GMT	2026-09-25T23:19:38+05:30		
bush1	18	https://ncert.nic.in/textbook/pdf/bush118.pdf	HEAD	200	991733	Tue, 01 Aug 2023 06:58:27 GMT	2026-09-25T23:19:38+05:30		
bush1	19	https://ncert.nic.in/textbook/pdf/bush119.pdf	GET	200	858079	Tue, 01 Aug 2023 06:58:28 GMT	2026-09-25T23:19:38+05:30	af29b281de4019e6fcba56c6f0808f5c7a57095b704b57ae5cd2d7488b35ab34	
cemm1	1	https://ncert.nic.in/textbook/pdf/cemm101.pdf	GET	200	4195750	Mon, 06 Jul 2026 07:04:50 GMT	2026-09-25T23:19:38+05:30	132dd4936bba5e6c667d185cd8aba40291f2e38c58dae33edd370771c39e2d07	yes
cemm1	2	https://ncert.nic.in/textbook/pdf/cemm102.pdf	HEAD	200	3957838	Mon, 06 Jul 2026 07:04:52 GMT	2026-09-25T23:19:38+05:30		
cemm1	3	https://ncert.nic.in/textbook/pdf/cemm103.pdf	HEAD	200	4228316	Mon, 06 Jul 2026 07:04:52 GMT	2026-09-25T23:19:38+05:30		
cemm1	4	https://ncert.nic.in/textbook/pdf/cemm104.pdf	HEAD	200	6233450	Mon, 06 Jul 2026 07:04:52 GMT	2026-09-25T23:19:38+05:30		
cemm1	5	https://ncert.nic.in/textbook/pdf/cemm105.pdf	HEAD	200	7099849	Mon, 06 Jul 2026 07:04:54 GMT	2026-09-25T23:19:38+05:30		
cemm1	6	https://ncert.nic.in/textbook/pdf/cemm106.pdf	HEAD	200	8714855	Mon, 06 Jul 2026 07:04:56 GMT	2026-09-25T23:19:39+05:30		
cemm1	7	https://ncert.nic.in/textbook/pdf/cemm107.pdf	HEAD	200	7369427	Mon, 06 Jul 2026 07:04:56 GMT	2026-09-25T23:19:39+05:30		
cemm1	8	https://ncert.nic.in/textbook/pdf/cemm108.pdf	HEAD	200	6159112	Mon, 06 Jul 2026 07:04:56 GMT	2026-09-25T23:19:39+05:30		
cemm1	9	https://ncert.nic.in/textbook/pdf/cemm109.pdf	HEAD	200	5279895	Mon, 06 Jul 2026 07:04:58 GMT	2026-09-25T23:19:39+05:30		
cemm1	10	https://ncert.nic.in/textbook/pdf/cemm110.pdf	HEAD	200	4472104	Mon, 06 Jul 2026 07:04:58 GMT	2026-09-25T23:19:39+05:30		
cemm1	11	https://ncert.nic.in/textbook/pdf/cemm111.pdf	HEAD	200	4162065	Mon, 06 Jul 2026 07:04:58 GMT	2026-09-25T23:19:39+05:30		
cemm1	12	https://ncert.nic.in/textbook/pdf/cemm112.pdf	HEAD	200	6648952	Mon, 06 Jul 2026 07:05:00 GMT	2026-09-25T23:19:39+05:30		
cemm1	13	https://ncert.nic.in/textbook/pdf/cemm113.pdf	HEAD	200	4585128	Mon, 06 Jul 2026 07:05:00 GMT	2026-09-25T23:19:39+05:30		
cemm1	14	https://ncert.nic.in/textbook/pdf/cemm114.pdf	GET	200	9052975	Mon, 06 Jul 2026 07:05:02 GMT	2026-09-25T23:19:41+05:30	06184b26b1f137e81423051423298fa56290b4ba7539a29bf0d1199a50ae21f1	yes
cesa1	1	https://ncert.nic.in/textbook/pdf/cesa101.pdf	GET	200	3263824	Fri, 27 Mar 2026 05:12:08 GMT	2026-09-25T23:19:40+05:30	7edb1e5edba5816abfd90729c5b12b038a6c32c202e39752115f062208067a7b	no
cesa1	2	https://ncert.nic.in/textbook/pdf/cesa102.pdf	HEAD	200	2367893	Fri, 27 Mar 2026 05:12:08 GMT	2026-09-25T23:19:40+05:30		
cesa1	3	https://ncert.nic.in/textbook/pdf/cesa103.pdf	HEAD	200	2412913	Fri, 27 Mar 2026 05:12:08 GMT	2026-09-25T23:19:40+05:30		
cesa1	4	https://ncert.nic.in/textbook/pdf/cesa104.pdf	HEAD	200	2842560	Fri, 27 Mar 2026 05:12:08 GMT	2026-09-25T23:19:40+05:30		
cesa1	5	https://ncert.nic.in/textbook/pdf/cesa105.pdf	HEAD	200	3203588	Fri, 27 Mar 2026 05:12:08 GMT	2026-09-25T23:19:40+05:30		
cesa1	6	https://ncert.nic.in/textbook/pdf/cesa106.pdf	HEAD	200	2368169	Fri, 27 Mar 2026 05:12:08 GMT	2026-09-25T23:19:40+05:30		
cesa1	7	https://ncert.nic.in/textbook/pdf/cesa107.pdf	HEAD	200	2652446	Fri, 27 Mar 2026 05:12:08 GMT	2026-09-25T23:19:41+05:30		
cesa1	8	https://ncert.nic.in/textbook/pdf/cesa108.pdf	HEAD	200	2626966	Fri, 27 Mar 2026 05:12:08 GMT	2026-09-25T23:19:41+05:30		
cesa1	9	https://ncert.nic.in/textbook/pdf/cesa109.pdf	HEAD	200	2944512	Fri, 27 Mar 2026 05:12:09 GMT	2026-09-25T23:19:41+05:30		
cesa1	10	https://ncert.nic.in/textbook/pdf/cesa110.pdf	HEAD	200	2725854	Fri, 27 Mar 2026 05:12:09 GMT	2026-09-25T23:19:41+05:30		
cesa1	11	https://ncert.nic.in/textbook/pdf/cesa111.pdf	HEAD	200	2342338	Fri, 27 Mar 2026 05:12:09 GMT	2026-09-25T23:19:41+05:30		
cesa1	12	https://ncert.nic.in/textbook/pdf/cesa112.pdf	GET	200	2112778	Fri, 27 Mar 2026 05:12:09 GMT	2026-09-25T23:19:41+05:30	5d1e64fd75f697e34df3cac2156c27f73dc1087cb4a76bd5e3ac62efc278d45b	yes
chve1	1	https://ncert.nic.in/textbook/pdf/chve101.pdf	HEAD	200	3750161	Fri, 27 Mar 2026 05:12:05 GMT	2026-09-25T23:19:41+05:30		
chve1	2	https://ncert.nic.in/textbook/pdf/chve102.pdf	HEAD	200	2644119	Fri, 27 Mar 2026 05:12:05 GMT	2026-09-25T23:19:41+05:30		
chve1	3	https://ncert.nic.in/textbook/pdf/chve103.pdf	HEAD	200	9270807	Fri, 27 Mar 2026 05:12:05 GMT	2026-09-25T23:19:41+05:30		
chve1	4	https://ncert.nic.in/textbook/pdf/chve104.pdf	HEAD	200	4996601	Fri, 27 Mar 2026 05:12:05 GMT	2026-09-25T23:19:41+05:30		
chve1	5	https://ncert.nic.in/textbook/pdf/chve105.pdf	HEAD	200	4567026	Fri, 27 Mar 2026 05:12:06 GMT	2026-09-25T23:19:41+05:30		
chve1	6	https://ncert.nic.in/textbook/pdf/chve106.pdf	HEAD	200	3397150	Fri, 27 Mar 2026 05:12:06 GMT	2026-09-25T23:19:41+05:30		
chve1	7	https://ncert.nic.in/textbook/pdf/chve107.pdf	HEAD	200	1785151	Fri, 27 Mar 2026 05:12:06 GMT	2026-09-25T23:19:41+05:30		
chve1	8	https://ncert.nic.in/textbook/pdf/chve108.pdf	HEAD	200	4755682	Fri, 27 Mar 2026 05:12:06 GMT	2026-09-25T23:19:42+05:30		
chve1	9	https://ncert.nic.in/textbook/pdf/chve109.pdf	HEAD	200	2617032	Fri, 27 Mar 2026 05:12:06 GMT	2026-09-25T23:19:42+05:30		
chve1	10	https://ncert.nic.in/textbook/pdf/chve110.pdf	HEAD	200	6446440	Fri, 27 Mar 2026 05:12:06 GMT	2026-09-25T23:19:42+05:30		
chve1	11	https://ncert.nic.in/textbook/pdf/chve111.pdf	HEAD	200	5035012	Fri, 27 Mar 2026 05:12:06 GMT	2026-09-25T23:19:42+05:30		
chve1	12	https://ncert.nic.in/textbook/pdf/chve112.pdf	HEAD	200	2973242	Fri, 27 Mar 2026 05:12:06 GMT	2026-09-25T23:19:42+05:30		
chve1	13	https://ncert.nic.in/textbook/pdf/chve113.pdf	HEAD	200	2538632	Fri, 27 Mar 2026 05:12:07 GMT	2026-09-25T23:19:42+05:30		
chve1	14	https://ncert.nic.in/textbook/pdf/chve114.pdf	HEAD	200	4927232	Fri, 27 Mar 2026 05:12:07 GMT	2026-09-25T23:19:42+05:30		
chve1	15	https://ncert.nic.in/textbook/pdf/chve115.pdf	HEAD	200	2862712	Fri, 27 Mar 2026 05:12:07 GMT	2026-09-25T23:19:42+05:30		
chve1	16	https://ncert.nic.in/textbook/pdf/chve116.pdf	HEAD	200	2216908	Fri, 27 Mar 2026 05:12:07 GMT	2026-09-25T23:19:42+05:30		
chve1	17	https://ncert.nic.in/textbook/pdf/chve117.pdf	HEAD	200	3239335	Fri, 27 Mar 2026 05:12:07 GMT	2026-09-25T23:19:42+05:30		
chve1	18	https://ncert.nic.in/textbook/pdf/chve118.pdf	HEAD	200	3881001	Fri, 27 Mar 2026 05:12:07 GMT	2026-09-25T23:19:42+05:30		
ceev1	1	https://ncert.nic.in/textbook/pdf/ceev101.pdf	GET	200	5856496	Fri, 27 Mar 2026 05:12:09 GMT	2026-09-25T23:19:43+05:30	16d57d64453c3f2c0e74aa93fa4b2d02ae53d2fb2dca3824f6fbcf8acdb18ba8	yes
ceev1	2	https://ncert.nic.in/textbook/pdf/ceev102.pdf	HEAD	200	6119270	Fri, 27 Mar 2026 05:12:10 GMT	2026-09-25T23:19:42+05:30		
ceev1	3	https://ncert.nic.in/textbook/pdf/ceev103.pdf	HEAD	200	4148480	Fri, 27 Mar 2026 05:12:10 GMT	2026-09-25T23:19:42+05:30		
ceev1	4	https://ncert.nic.in/textbook/pdf/ceev104.pdf	HEAD	200	5484266	Fri, 27 Mar 2026 05:12:10 GMT	2026-09-25T23:19:42+05:30		
ceev1	5	https://ncert.nic.in/textbook/pdf/ceev105.pdf	HEAD	200	3059578	Fri, 27 Mar 2026 05:12:10 GMT	2026-09-25T23:19:42+05:30		
ceev1	6	https://ncert.nic.in/textbook/pdf/ceev106.pdf	HEAD	200	3198888	Fri, 27 Mar 2026 05:12:10 GMT	2026-09-25T23:19:42+05:30		
ceev1	7	https://ncert.nic.in/textbook/pdf/ceev107.pdf	HEAD	200	4178455	Fri, 27 Mar 2026 05:12:10 GMT	2026-09-25T23:19:42+05:30		
ceev1	8	https://ncert.nic.in/textbook/pdf/ceev108.pdf	HEAD	200	2767386	Fri, 27 Mar 2026 05:12:11 GMT	2026-09-25T23:19:42+05:30		
ceev1	9	https://ncert.nic.in/textbook/pdf/ceev109.pdf	HEAD	200	3335971	Fri, 27 Mar 2026 05:12:11 GMT	2026-09-25T23:19:42+05:30		
ceev1	10	https://ncert.nic.in/textbook/pdf/ceev110.pdf	HEAD	200	2999258	Fri, 27 Mar 2026 05:12:11 GMT	2026-09-25T23:19:42+05:30		
ceev1	11	https://ncert.nic.in/textbook/pdf/ceev111.pdf	HEAD	200	4117796	Fri, 27 Mar 2026 05:12:11 GMT	2026-09-25T23:19:42+05:30		
ceev1	12	https://ncert.nic.in/textbook/pdf/ceev112.pdf	GET	200	4043864	Fri, 27 Mar 2026 05:12:11 GMT	2026-09-25T23:19:44+05:30	d6246972a3459874cdfa8ff6c6acb200b71e6d4adc0267c3af14fd3d7651642e	yes
cebu1	1	https://ncert.nic.in/textbook/pdf/cebu101.pdf	GET	200	6405340	Mon, 06 Jul 2026 07:01:44 GMT	2026-09-25T23:19:44+05:30	4021b60908af2a4cc55774d0a4c69d129c8e0e047b9c3c1956ade94825a5085d	no
cebu1	2	https://ncert.nic.in/textbook/pdf/cebu102.pdf	HEAD	200	3974900	Mon, 06 Jul 2026 07:01:44 GMT	2026-09-25T23:19:43+05:30		
cebu1	3	https://ncert.nic.in/textbook/pdf/cebu103.pdf	HEAD	200	2677495	Mon, 06 Jul 2026 07:01:44 GMT	2026-09-25T23:19:43+05:30		
cebu1	4	https://ncert.nic.in/textbook/pdf/cebu104.pdf	HEAD	200	904703	Mon, 06 Jul 2026 07:01:44 GMT	2026-09-25T23:19:43+05:30		
cebu1	5	https://ncert.nic.in/textbook/pdf/cebu105.pdf	HEAD	200	1699055	Mon, 06 Jul 2026 07:01:44 GMT	2026-09-25T23:19:43+05:30		
cebu1	6	https://ncert.nic.in/textbook/pdf/cebu106.pdf	HEAD	200	3418496	Mon, 06 Jul 2026 07:01:46 GMT	2026-09-25T23:19:43+05:30		
cebu1	7	https://ncert.nic.in/textbook/pdf/cebu107.pdf	HEAD	200	2256150	Mon, 06 Jul 2026 07:01:46 GMT	2026-09-25T23:19:43+05:30		
cebu1	8	https://ncert.nic.in/textbook/pdf/cebu108.pdf	HEAD	200	696166	Mon, 06 Jul 2026 07:01:46 GMT	2026-09-25T23:19:43+05:30		
cebu1	9	https://ncert.nic.in/textbook/pdf/cebu109.pdf	HEAD	200	2238613	Mon, 06 Jul 2026 07:01:46 GMT	2026-09-25T23:19:43+05:30		
cebu1	10	https://ncert.nic.in/textbook/pdf/cebu110.pdf	HEAD	200	1748924	Mon, 06 Jul 2026 07:01:46 GMT	2026-09-25T23:19:43+05:30		
cebu1	11	https://ncert.nic.in/textbook/pdf/cebu111.pdf	HEAD	200	4859526	Mon, 06 Jul 2026 07:01:48 GMT	2026-09-25T23:19:43+05:30		
cebu1	12	https://ncert.nic.in/textbook/pdf/cebu112.pdf	HEAD	200	875794	Mon, 06 Jul 2026 07:01:48 GMT	2026-09-25T23:19:44+05:30		
cebu1	13	https://ncert.nic.in/textbook/pdf/cebu113.pdf	HEAD	200	1476018	Mon, 06 Jul 2026 07:01:48 GMT	2026-09-25T23:19:44+05:30		
cebu1	14	https://ncert.nic.in/textbook/pdf/cebu114.pdf	HEAD	200	2437891	Mon, 06 Jul 2026 07:01:48 GMT	2026-09-25T23:19:44+05:30		
cebu1	15	https://ncert.nic.in/textbook/pdf/cebu115.pdf	HEAD	200	5700838	Mon, 06 Jul 2026 07:01:48 GMT	2026-09-25T23:19:44+05:30		
cebu1	16	https://ncert.nic.in/textbook/pdf/cebu116.pdf	HEAD	200	1258505	Mon, 06 Jul 2026 07:01:50 GMT	2026-09-25T23:19:44+05:30		
cebu1	17	https://ncert.nic.in/textbook/pdf/cebu117.pdf	HEAD	200	1390829	Mon, 06 Jul 2026 07:01:50 GMT	2026-09-25T23:19:44+05:30		
cebu1	18	https://ncert.nic.in/textbook/pdf/cebu118.pdf	HEAD	200	2349060	Mon, 06 Jul 2026 07:01:50 GMT	2026-09-25T23:19:44+05:30		
cebu1	19	https://ncert.nic.in/textbook/pdf/cebu119.pdf	HEAD	200	523125	Mon, 06 Jul 2026 07:01:50 GMT	2026-09-25T23:19:44+05:30		
cebu1	20	https://ncert.nic.in/textbook/pdf/cebu120.pdf	GET	200	935547	Mon, 06 Jul 2026 07:01:52 GMT	2026-09-25T23:19:44+05:30	5ef3d1212a796d9e59a3ee0065e3ef607fcfe21aa5d4e930d286c638421b8465	yes
ceky1	1	https://ncert.nic.in/textbook/pdf/ceky101.pdf	GET	200	25485902	Fri, 27 Mar 2026 05:18:31 GMT	2026-09-25T23:19:48+05:30	1aca7385d35d30558ce4374daba73bce6868353a469d399ac6e6c4b340c092ee	yes
ceky1	2	https://ncert.nic.in/textbook/pdf/ceky102.pdf	HEAD	200	26377455	Fri, 27 Mar 2026 05:18:34 GMT	2026-09-25T23:19:44+05:30		
ceky1	3	https://ncert.nic.in/textbook/pdf/ceky103.pdf	HEAD	200	27363169	Fri, 27 Mar 2026 05:18:38 GMT	2026-09-25T23:19:44+05:30		
ceky1	4	https://ncert.nic.in/textbook/pdf/ceky104.pdf	HEAD	200	42706212	Fri, 27 Mar 2026 05:18:43 GMT	2026-09-25T23:19:44+05:30		
ceky1	5	https://ncert.nic.in/textbook/pdf/ceky105.pdf	HEAD	200	68463765	Fri, 27 Mar 2026 05:18:52 GMT	2026-09-25T23:19:44+05:30		
ceky1	6	https://ncert.nic.in/textbook/pdf/ceky106.pdf	HEAD	200	3355190	Fri, 27 Mar 2026 05:18:53 GMT	2026-09-25T23:19:44+05:30		
ceky1	7	https://ncert.nic.in/textbook/pdf/ceky107.pdf	GET	200	61515761	Mon, 25 May 2026 09:29:04 GMT	2026-09-25T23:20:22+05:30	8e0d136c69090fa80ffab2f9037fcfc185a61fab35324b2d77a5221f97ff7f3e	yes
cust1	1	https://ncert.nic.in/textbook/pdf/cust101.pdf	HEAD	200	6838696	Wed, 03 Apr 2024 13:35:23 GMT	2026-09-25T23:19:44+05:30		
cust1	2	https://ncert.nic.in/textbook/pdf/cust102.pdf	HEAD	200	11183425	Wed, 03 Apr 2024 13:35:27 GMT	2026-09-25T23:19:44+05:30		
cust1	3	https://ncert.nic.in/textbook/pdf/cust103.pdf	HEAD	200	12511251	Wed, 03 Apr 2024 13:35:31 GMT	2026-09-25T23:19:44+05:30		
cust1	4	https://ncert.nic.in/textbook/pdf/cust104.pdf	HEAD	200	8243300	Wed, 03 Apr 2024 13:35:34 GMT	2026-09-25T23:19:45+05:30		
cust1	5	https://ncert.nic.in/textbook/pdf/cust105.pdf	HEAD	200	6128597	Wed, 03 Apr 2024 13:35:36 GMT	2026-09-25T23:19:45+05:30		
cust1	6	https://ncert.nic.in/textbook/pdf/cust106.pdf	HEAD	200	8563849	Wed, 03 Apr 2024 13:35:40 GMT	2026-09-25T23:19:45+05:30		
cust1	7	https://ncert.nic.in/textbook/pdf/cust107.pdf	HEAD	200	6670764	Wed, 03 Apr 2024 13:35:42 GMT	2026-09-25T23:19:45+05:30		
cust1	8	https://ncert.nic.in/textbook/pdf/cust108.pdf	HEAD	200	5658605	Wed, 03 Apr 2024 13:35:45 GMT	2026-09-25T23:19:45+05:30		
cust1	9	https://ncert.nic.in/textbook/pdf/cust109.pdf	HEAD	200	7229498	Wed, 03 Apr 2024 13:35:47 GMT	2026-09-25T23:19:45+05:30		
cust1	10	https://ncert.nic.in/textbook/pdf/cust110.pdf	HEAD	200	8246094	Wed, 03 Apr 2024 13:35:50 GMT	2026-09-25T23:19:45+05:30		
cust1	11	https://ncert.nic.in/textbook/pdf/cust111.pdf	HEAD	200	10751503	Wed, 03 Apr 2024 13:35:54 GMT	2026-09-25T23:19:45+05:30		
cust1	12	https://ncert.nic.in/textbook/pdf/cust112.pdf	HEAD	200	7792553	Wed, 03 Apr 2024 13:35:58 GMT	2026-09-25T23:19:45+05:30		
cust1	13	https://ncert.nic.in/textbook/pdf/cust113.pdf	HEAD	200	10197016	Wed, 03 Apr 2024 13:36:01 GMT	2026-09-25T23:19:46+05:30		
cust1	14	https://ncert.nic.in/textbook/pdf/cust114.pdf	HEAD	200	11236370	Wed, 03 Apr 2024 13:36:05 GMT	2026-09-25T23:19:46+05:30		
cust1	15	https://ncert.nic.in/textbook/pdf/cust115.pdf	HEAD	200	6856488	Wed, 03 Apr 2024 13:36:07 GMT	2026-09-25T23:19:46+05:30		
cust1	16	https://ncert.nic.in/textbook/pdf/cust116.pdf	HEAD	200	6940667	Wed, 03 Apr 2024 13:36:10 GMT	2026-09-25T23:19:46+05:30		
cust1	17	https://ncert.nic.in/textbook/pdf/cust117.pdf	HEAD	200	3684034	Wed, 03 Apr 2024 13:36:11 GMT	2026-09-25T23:19:46+05:30		
cust1	18	https://ncert.nic.in/textbook/pdf/cust118.pdf	HEAD	200	4088532	Wed, 03 Apr 2024 13:36:13 GMT	2026-09-25T23:19:46+05:30		
cust1	19	https://ncert.nic.in/textbook/pdf/cust119.pdf	HEAD	200	6111936	Wed, 03 Apr 2024 13:36:15 GMT	2026-09-25T23:19:46+05:30		
demm1	1	https://ncert.nic.in/textbook/pdf/demm101.pdf	GET	200	6307610	Fri, 27 Mar 2026 04:45:46 GMT	2026-09-25T23:19:48+05:30	995681c844bbca58feba5da6623d7b11595ee8d93e73cf09a808054e13162fa9	yes
demm1	2	https://ncert.nic.in/textbook/pdf/demm102.pdf	HEAD	200	3891523	Fri, 27 Mar 2026 04:45:46 GMT	2026-09-25T23:19:47+05:30		
demm1	3	https://ncert.nic.in/textbook/pdf/demm103.pdf	HEAD	200	1473015	Fri, 27 Mar 2026 04:45:46 GMT	2026-09-25T23:19:47+05:30		
demm1	4	https://ncert.nic.in/textbook/pdf/demm104.pdf	HEAD	200	4210420	Fri, 27 Mar 2026 04:45:47 GMT	2026-09-25T23:19:47+05:30		
demm1	5	https://ncert.nic.in/textbook/pdf/demm105.pdf	HEAD	200	2835444	Fri, 27 Mar 2026 04:45:47 GMT	2026-09-25T23:19:47+05:30		
demm1	6	https://ncert.nic.in/textbook/pdf/demm106.pdf	HEAD	200	3207736	Fri, 27 Mar 2026 04:45:47 GMT	2026-09-25T23:19:48+05:30		
demm1	7	https://ncert.nic.in/textbook/pdf/demm107.pdf	HEAD	200	3432639	Fri, 27 Mar 2026 04:45:47 GMT	2026-09-25T23:19:48+05:30		
demm1	8	https://ncert.nic.in/textbook/pdf/demm108.pdf	HEAD	200	3690347	Fri, 27 Mar 2026 04:45:47 GMT	2026-09-25T23:19:48+05:30		
demm1	9	https://ncert.nic.in/textbook/pdf/demm109.pdf	HEAD	200	2849050	Fri, 27 Mar 2026 04:45:48 GMT	2026-09-25T23:19:48+05:30		
demm1	10	https://ncert.nic.in/textbook/pdf/demm110.pdf	HEAD	200	2765691	Fri, 27 Mar 2026 04:45:48 GMT	2026-09-25T23:19:48+05:30		
demm1	11	https://ncert.nic.in/textbook/pdf/demm111.pdf	HEAD	200	2197893	Fri, 27 Mar 2026 04:45:48 GMT	2026-09-25T23:19:48+05:30		
demm1	12	https://ncert.nic.in/textbook/pdf/demm112.pdf	HEAD	200	1507022	Fri, 27 Mar 2026 04:45:48 GMT	2026-09-25T23:19:48+05:30		
demm1	13	https://ncert.nic.in/textbook/pdf/demm113.pdf	HEAD	200	2290600	Fri, 27 Mar 2026 04:45:48 GMT	2026-09-25T23:19:48+05:30		
demm1	14	https://ncert.nic.in/textbook/pdf/demm114.pdf	GET	200	2380415	Fri, 27 Mar 2026 04:45:49 GMT	2026-09-25T23:19:49+05:30	5ba6a1829c4da2d351f2a10f093f519a311f966e7f498cc64fa12d2cb70417b5	yes
dhve1	1	https://ncert.nic.in/textbook/pdf/dhve101.pdf	HEAD	200	8654244	Fri, 27 Mar 2026 04:45:40 GMT	2026-09-25T23:19:48+05:30		
dhve1	2	https://ncert.nic.in/textbook/pdf/dhve102.pdf	HEAD	200	3536636	Fri, 27 Mar 2026 04:45:40 GMT	2026-09-25T23:19:48+05:30		
dhve1	3	https://ncert.nic.in/textbook/pdf/dhve103.pdf	HEAD	200	6672397	Fri, 27 Mar 2026 04:45:41 GMT	2026-09-25T23:19:49+05:30		
dhve1	4	https://ncert.nic.in/textbook/pdf/dhve104.pdf	HEAD	200	6670710	Fri, 27 Mar 2026 04:45:41 GMT	2026-09-25T23:19:49+05:30		
dhve1	5	https://ncert.nic.in/textbook/pdf/dhve105.pdf	HEAD	200	6747860	Fri, 27 Mar 2026 04:45:41 GMT	2026-09-25T23:19:49+05:30		
dhve1	6	https://ncert.nic.in/textbook/pdf/dhve106.pdf	HEAD	200	10087996	Fri, 27 Mar 2026 04:45:42 GMT	2026-09-25T23:19:49+05:30		
dhve1	7	https://ncert.nic.in/textbook/pdf/dhve107.pdf	HEAD	200	8520527	Fri, 27 Mar 2026 04:45:42 GMT	2026-09-25T23:19:49+05:30		
dhve1	8	https://ncert.nic.in/textbook/pdf/dhve108.pdf	HEAD	200	6861768	Fri, 27 Mar 2026 04:45:42 GMT	2026-09-25T23:19:49+05:30		
dhve1	9	https://ncert.nic.in/textbook/pdf/dhve109.pdf	HEAD	200	2608308	Fri, 27 Mar 2026 04:45:42 GMT	2026-09-25T23:19:49+05:30		
dhve1	10	https://ncert.nic.in/textbook/pdf/dhve110.pdf	HEAD	200	6300864	Fri, 27 Mar 2026 04:45:42 GMT	2026-09-25T23:19:49+05:30		
dhve1	11	https://ncert.nic.in/textbook/pdf/dhve111.pdf	HEAD	200	3006356	Fri, 27 Mar 2026 04:45:43 GMT	2026-09-25T23:19:49+05:30		
dhve1	12	https://ncert.nic.in/textbook/pdf/dhve112.pdf	HEAD	200	4954219	Fri, 27 Mar 2026 04:45:43 GMT	2026-09-25T23:19:49+05:30		
dhve1	13	https://ncert.nic.in/textbook/pdf/dhve113.pdf	HEAD	200	3166213	Fri, 27 Mar 2026 04:45:43 GMT	2026-09-25T23:19:49+05:30		
desa1	1	https://ncert.nic.in/textbook/pdf/desa101.pdf	GET	200	4059119	Thu, 23 Jul 2026 10:39:02 GMT	2026-09-25T23:19:50+05:30	a597bfd917184205e76d41eee945ecfaa2325d4ccabb82cfdc4bed13bb218d96	yes
desa1	2	https://ncert.nic.in/textbook/pdf/desa102.pdf	HEAD	200	9036520	Thu, 23 Jul 2026 10:39:04 GMT	2026-09-25T23:19:49+05:30		
desa1	3	https://ncert.nic.in/textbook/pdf/desa103.pdf	HEAD	200	4160397	Thu, 23 Jul 2026 10:39:04 GMT	2026-09-25T23:19:49+05:30		
desa1	4	https://ncert.nic.in/textbook/pdf/desa104.pdf	HEAD	200	3802890	Thu, 23 Jul 2026 10:39:04 GMT	2026-09-25T23:19:49+05:30		
desa1	5	https://ncert.nic.in/textbook/pdf/desa105.pdf	HEAD	200	11517159	Thu, 23 Jul 2026 10:39:04 GMT	2026-09-25T23:19:50+05:30		
desa1	6	https://ncert.nic.in/textbook/pdf/desa106.pdf	HEAD	200	4439131	Thu, 23 Jul 2026 10:39:04 GMT	2026-09-25T23:19:50+05:30		
desa1	7	https://ncert.nic.in/textbook/pdf/desa107.pdf	HEAD	200	3814252	Thu, 23 Jul 2026 10:39:04 GMT	2026-09-25T23:19:50+05:30		
desa1	8	https://ncert.nic.in/textbook/pdf/desa108.pdf	HEAD	200	7326334	Thu, 23 Jul 2026 10:39:06 GMT	2026-09-25T23:19:50+05:30		
desa1	9	https://ncert.nic.in/textbook/pdf/desa109.pdf	HEAD	200	7368936	Thu, 23 Jul 2026 10:39:06 GMT	2026-09-25T23:19:50+05:30		
desa1	10	https://ncert.nic.in/textbook/pdf/desa110.pdf	HEAD	200	4148214	Thu, 23 Jul 2026 10:39:06 GMT	2026-09-25T23:19:50+05:30		
desa1	11	https://ncert.nic.in/textbook/pdf/desa111.pdf	HEAD	200	7953564	Thu, 23 Jul 2026 10:39:06 GMT	2026-09-25T23:19:50+05:30		
desa1	12	https://ncert.nic.in/textbook/pdf/desa112.pdf	GET	200	6842984	Thu, 23 Jul 2026 10:39:06 GMT	2026-09-25T23:19:52+05:30	ac220bc588d410e2cc136a98107e5adf2cf599d886ffe9eb2b0c88fb66caebaa	yes
deev1	1	https://ncert.nic.in/textbook/pdf/deev101.pdf	GET	200	6663587	Fri, 27 Mar 2026 04:45:52 GMT	2026-09-25T23:19:51+05:30	5f4ceaa6a57f16b033db8605b5eee8e0ad6b8ca2e6ebcb1740ef3d015aaccd75	yes
deev1	2	https://ncert.nic.in/textbook/pdf/deev102.pdf	HEAD	200	3053630	Fri, 27 Mar 2026 04:45:53 GMT	2026-09-25T23:19:50+05:30		
deev1	3	https://ncert.nic.in/textbook/pdf/deev103.pdf	HEAD	200	9195138	Fri, 27 Mar 2026 04:45:53 GMT	2026-09-25T23:19:50+05:30		
deev1	4	https://ncert.nic.in/textbook/pdf/deev104.pdf	HEAD	200	4933578	Fri, 27 Mar 2026 04:45:53 GMT	2026-09-25T23:19:50+05:30		
deev1	5	https://ncert.nic.in/textbook/pdf/deev105.pdf	HEAD	200	4759949	Fri, 27 Mar 2026 04:45:53 GMT	2026-09-25T23:19:51+05:30		
deev1	6	https://ncert.nic.in/textbook/pdf/deev106.pdf	HEAD	200	5291724	Fri, 27 Mar 2026 04:45:53 GMT	2026-09-25T23:19:51+05:30		
deev1	7	https://ncert.nic.in/textbook/pdf/deev107.pdf	HEAD	200	3809712	Fri, 27 Mar 2026 04:45:53 GMT	2026-09-25T23:19:51+05:30		
deev1	8	https://ncert.nic.in/textbook/pdf/deev108.pdf	HEAD	200	2349918	Fri, 27 Mar 2026 04:45:54 GMT	2026-09-25T23:19:51+05:30		
deev1	9	https://ncert.nic.in/textbook/pdf/deev109.pdf	HEAD	200	9020281	Fri, 27 Mar 2026 04:45:54 GMT	2026-09-25T23:19:51+05:30		
deev1	10	https://ncert.nic.in/textbook/pdf/deev110.pdf	GET	200	2224088	Fri, 27 Mar 2026 04:45:54 GMT	2026-09-25T23:19:52+05:30	e2e234a351039e97c12136f58b1410b3933207b2408bceba818f0e47324d5707	yes
debu1	1	https://ncert.nic.in/textbook/pdf/debu101.pdf	GET	200	10802845	Fri, 27 Mar 2026 04:45:57 GMT	2026-09-25T23:19:53+05:30	f479d228bcdc31517e55dc7e907914ec1ccc2fe8b9629430b3f880518c1b3a03	no
debu1	2	https://ncert.nic.in/textbook/pdf/debu102.pdf	HEAD	200	11088636	Fri, 27 Mar 2026 04:45:58 GMT	2026-09-25T23:19:52+05:30		
debu1	3	https://ncert.nic.in/textbook/pdf/debu103.pdf	HEAD	200	3297758	Fri, 27 Mar 2026 04:45:58 GMT	2026-09-25T23:19:52+05:30		
debu1	4	https://ncert.nic.in/textbook/pdf/debu104.pdf	HEAD	200	3371179	Fri, 27 Mar 2026 04:45:58 GMT	2026-09-25T23:19:52+05:30		
debu1	5	https://ncert.nic.in/textbook/pdf/debu105.pdf	HEAD	200	10342828	Fri, 27 Mar 2026 04:45:59 GMT	2026-09-25T23:19:52+05:30		
debu1	6	https://ncert.nic.in/textbook/pdf/debu106.pdf	HEAD	200	10917797	Fri, 27 Mar 2026 04:46:00 GMT	2026-09-25T23:19:52+05:30		
debu1	7	https://ncert.nic.in/textbook/pdf/debu107.pdf	HEAD	200	8007191	Fri, 27 Mar 2026 04:46:01 GMT	2026-09-25T23:19:52+05:30		
debu1	8	https://ncert.nic.in/textbook/pdf/debu108.pdf	HEAD	200	8454393	Fri, 27 Mar 2026 04:46:02 GMT	2026-09-25T23:19:53+05:30		
debu1	9	https://ncert.nic.in/textbook/pdf/debu109.pdf	HEAD	200	6157077	Fri, 27 Mar 2026 04:46:02 GMT	2026-09-25T23:19:53+05:30		
debu1	10	https://ncert.nic.in/textbook/pdf/debu110.pdf	HEAD	200	4788543	Fri, 27 Mar 2026 04:46:03 GMT	2026-09-25T23:19:53+05:30		
debu1	11	https://ncert.nic.in/textbook/pdf/debu111.pdf	HEAD	200	1605583	Fri, 27 Mar 2026 04:46:03 GMT	2026-09-25T23:19:53+05:30		
debu1	12	https://ncert.nic.in/textbook/pdf/debu112.pdf	HEAD	200	8130748	Fri, 27 Mar 2026 04:46:03 GMT	2026-09-25T23:19:53+05:30		
debu1	13	https://ncert.nic.in/textbook/pdf/debu113.pdf	HEAD	200	5030371	Fri, 27 Mar 2026 04:46:04 GMT	2026-09-25T23:19:53+05:30		
debu1	14	https://ncert.nic.in/textbook/pdf/debu114.pdf	HEAD	200	9526645	Fri, 27 Mar 2026 04:46:05 GMT	2026-09-25T23:19:53+05:30		
debu1	15	https://ncert.nic.in/textbook/pdf/debu115.pdf	HEAD	200	15140752	Fri, 27 Mar 2026 04:46:06 GMT	2026-09-25T23:19:53+05:30		
debu1	16	https://ncert.nic.in/textbook/pdf/debu116.pdf	HEAD	200	22546882	Fri, 27 Mar 2026 04:46:07 GMT	2026-09-25T23:19:53+05:30		
debu1	17	https://ncert.nic.in/textbook/pdf/debu117.pdf	HEAD	200	9792806	Fri, 27 Mar 2026 04:46:07 GMT	2026-09-25T23:19:53+05:30		
debu1	18	https://ncert.nic.in/textbook/pdf/debu118.pdf	GET	200	1826535	Fri, 27 Mar 2026 04:46:07 GMT	2026-09-25T23:19:54+05:30	fb873acd9bca823582c90f5fdc74abaa2120de9345b7aa8fd346e756e787c448	yes
deky1	1	https://ncert.nic.in/textbook/pdf/deky101.pdf	GET	200	10902216	Fri, 27 Mar 2026 04:58:14 GMT	2026-09-25T23:19:56+05:30	f977dc1b729c6bee96ef8c3d46bf42f52e52a38515711115ff61dfa47b9d2ef4	yes
deky1	2	https://ncert.nic.in/textbook/pdf/deky102.pdf	HEAD	200	4676712	Fri, 27 Mar 2026 04:58:14 GMT	2026-09-25T23:19:54+05:30		
deky1	3	https://ncert.nic.in/textbook/pdf/deky103.pdf	GET	200	9194694	Fri, 27 Mar 2026 04:58:15 GMT	2026-09-25T23:19:57+05:30	7c1e2427786651b2a6544a849f5aa3c419fd0b1b94898d305caa9755f862142c	yes
dust1	1	https://ncert.nic.in/textbook/pdf/dust101.pdf	HEAD	200	2563888	Thu, 17 Apr 2025 13:52:12 GMT	2026-09-25T23:19:54+05:30		
dust1	2	https://ncert.nic.in/textbook/pdf/dust102.pdf	HEAD	200	3794330	Thu, 17 Apr 2025 13:52:13 GMT	2026-09-25T23:19:54+05:30		
dust1	3	https://ncert.nic.in/textbook/pdf/dust103.pdf	HEAD	200	4604568	Fri, 18 Apr 2025 15:10:38 GMT	2026-09-25T23:19:55+05:30		
dust1	4	https://ncert.nic.in/textbook/pdf/dust104.pdf	HEAD	200	3573889	Thu, 17 Apr 2025 13:52:14 GMT	2026-09-25T23:19:54+05:30		
dust1	5	https://ncert.nic.in/textbook/pdf/dust105.pdf	HEAD	200	4048914	Thu, 17 Apr 2025 13:52:15 GMT	2026-09-25T23:19:54+05:30		
dust1	6	https://ncert.nic.in/textbook/pdf/dust106.pdf	HEAD	200	4101836	Fri, 18 Apr 2025 15:11:38 GMT	2026-09-25T23:19:54+05:30		
dust1	7	https://ncert.nic.in/textbook/pdf/dust107.pdf	HEAD	200	2420315	Thu, 17 Apr 2025 13:52:16 GMT	2026-09-25T23:19:55+05:30		
dust1	8	https://ncert.nic.in/textbook/pdf/dust108.pdf	HEAD	200	3873352	Thu, 17 Apr 2025 13:52:17 GMT	2026-09-25T23:19:55+05:30		
dust1	9	https://ncert.nic.in/textbook/pdf/dust109.pdf	HEAD	200	3799839	Fri, 18 Apr 2025 15:12:14 GMT	2026-09-25T23:19:55+05:30		
dust1	10	https://ncert.nic.in/textbook/pdf/dust110.pdf	HEAD	200	3097062	Thu, 17 Apr 2025 13:52:18 GMT	2026-09-25T23:19:55+05:30		
dust1	11	https://ncert.nic.in/textbook/pdf/dust111.pdf	HEAD	200	4218380	Thu, 17 Apr 2025 13:52:18 GMT	2026-09-25T23:19:55+05:30		
dust1	12	https://ncert.nic.in/textbook/pdf/dust112.pdf	HEAD	200	3424794	Fri, 18 Apr 2025 15:12:42 GMT	2026-09-25T23:19:55+05:30		
dust1	13	https://ncert.nic.in/textbook/pdf/dust113.pdf	HEAD	200	3470090	Thu, 17 Apr 2025 13:52:20 GMT	2026-09-25T23:19:56+05:30		
dust1	14	https://ncert.nic.in/textbook/pdf/dust114.pdf	HEAD	200	2804135	Fri, 18 Apr 2025 15:13:15 GMT	2026-09-25T23:19:55+05:30		
eemm1	1	https://ncert.nic.in/textbook/pdf/eemm101.pdf	GET	200	1967931	Tue, 24 Mar 2026 05:11:27 GMT	2026-09-25T23:19:56+05:30	71a246543ba0107b101d1864398c15159ba61f0604c008c59134df3b14eaf1e9	yes
eemm1	2	https://ncert.nic.in/textbook/pdf/eemm102.pdf	HEAD	200	1744656	Tue, 24 Mar 2026 05:11:28 GMT	2026-09-25T23:19:56+05:30		
eemm1	3	https://ncert.nic.in/textbook/pdf/eemm103.pdf	HEAD	200	2437324	Tue, 24 Mar 2026 05:11:28 GMT	2026-09-25T23:19:56+05:30		
eemm1	4	https://ncert.nic.in/textbook/pdf/eemm104.pdf	HEAD	200	1761160	Tue, 24 Mar 2026 05:11:28 GMT	2026-09-25T23:19:56+05:30		
eemm1	5	https://ncert.nic.in/textbook/pdf/eemm105.pdf	HEAD	200	1681510	Tue, 24 Mar 2026 05:11:28 GMT	2026-09-25T23:19:56+05:30		
eemm1	6	https://ncert.nic.in/textbook/pdf/eemm106.pdf	HEAD	200	2223791	Tue, 24 Mar 2026 05:11:28 GMT	2026-09-25T23:19:56+05:30		
eemm1	7	https://ncert.nic.in/textbook/pdf/eemm107.pdf	HEAD	200	1677462	Tue, 24 Mar 2026 05:11:28 GMT	2026-09-25T23:19:56+05:30		
eemm1	8	https://ncert.nic.in/textbook/pdf/eemm108.pdf	HEAD	200	2094850	Tue, 24 Mar 2026 05:11:29 GMT	2026-09-25T23:19:56+05:30		
eemm1	9	https://ncert.nic.in/textbook/pdf/eemm109.pdf	HEAD	200	1816610	Tue, 24 Mar 2026 05:11:29 GMT	2026-09-25T23:19:56+05:30		
eemm1	10	https://ncert.nic.in/textbook/pdf/eemm110.pdf	HEAD	200	1238160	Tue, 24 Mar 2026 05:11:29 GMT	2026-09-25T23:19:56+05:30		
eemm1	11	https://ncert.nic.in/textbook/pdf/eemm111.pdf	HEAD	200	1828193	Tue, 24 Mar 2026 05:11:29 GMT	2026-09-25T23:19:56+05:30		
eemm1	12	https://ncert.nic.in/textbook/pdf/eemm112.pdf	HEAD	200	1308713	Tue, 24 Mar 2026 05:11:29 GMT	2026-09-25T23:19:56+05:30		
eemm1	13	https://ncert.nic.in/textbook/pdf/eemm113.pdf	HEAD	200	1109526	Tue, 24 Mar 2026 05:11:29 GMT	2026-09-25T23:19:56+05:30		
eemm1	14	https://ncert.nic.in/textbook/pdf/eemm114.pdf	HEAD	200	6795431	Tue, 24 Mar 2026 05:11:30 GMT	2026-09-25T23:19:56+05:30		
eemm1	15	https://ncert.nic.in/textbook/pdf/eemm115.pdf	GET	200	3061117	Tue, 24 Mar 2026 05:11:31 GMT	2026-09-25T23:19:57+05:30	0fd10e68667a87f7a32646c02ff09981f28b5ea8b02349e37b202e69064899fd	yes
ehve1	1	https://ncert.nic.in/textbook/pdf/ehve101.pdf	HEAD	200	2571695	Tue, 24 Mar 2026 05:11:22 GMT	2026-09-25T23:19:57+05:30		
ehve1	2	https://ncert.nic.in/textbook/pdf/ehve102.pdf	HEAD	200	6233621	Tue, 24 Mar 2026 05:11:22 GMT	2026-09-25T23:19:57+05:30		
ehve1	3	https://ncert.nic.in/textbook/pdf/ehve103.pdf	HEAD	200	6416657	Tue, 24 Mar 2026 05:11:23 GMT	2026-09-25T23:19:57+05:30		
ehve1	4	https://ncert.nic.in/textbook/pdf/ehve104.pdf	HEAD	200	8905863	Tue, 24 Mar 2026 05:11:23 GMT	2026-09-25T23:19:57+05:30		
ehve1	5	https://ncert.nic.in/textbook/pdf/ehve105.pdf	HEAD	200	7214959	Tue, 24 Mar 2026 05:11:23 GMT	2026-09-25T23:19:57+05:30		
ehve1	6	https://ncert.nic.in/textbook/pdf/ehve106.pdf	HEAD	200	10873876	Tue, 24 Mar 2026 05:11:23 GMT	2026-09-25T23:19:57+05:30		
ehve1	7	https://ncert.nic.in/textbook/pdf/ehve107.pdf	HEAD	200	5221823	Tue, 24 Mar 2026 05:11:24 GMT	2026-09-25T23:19:57+05:30		
ehve1	8	https://ncert.nic.in/textbook/pdf/ehve108.pdf	HEAD	200	5193159	Tue, 24 Mar 2026 05:11:24 GMT	2026-09-25T23:19:57+05:30		
ehve1	9	https://ncert.nic.in/textbook/pdf/ehve109.pdf	HEAD	200	6483613	Tue, 24 Mar 2026 05:11:24 GMT	2026-09-25T23:19:57+05:30		
ehve1	10	https://ncert.nic.in/textbook/pdf/ehve110.pdf	HEAD	200	6307830	Tue, 24 Mar 2026 05:11:24 GMT	2026-09-25T23:19:57+05:30		
ehve1	11	https://ncert.nic.in/textbook/pdf/ehve111.pdf	HEAD	200	7481443	Tue, 24 Mar 2026 05:11:25 GMT	2026-09-25T23:19:57+05:30		
ehve1	12	https://ncert.nic.in/textbook/pdf/ehve112.pdf	HEAD	200	7405888	Tue, 24 Mar 2026 05:11:25 GMT	2026-09-25T23:19:57+05:30		
eesa1	1	https://ncert.nic.in/textbook/pdf/eesa101.pdf	GET	200	2744399	Tue, 24 Mar 2026 05:11:25 GMT	2026-09-25T23:19:58+05:30	0864e50aa6c35dc45b898ea5e5f3fadfea3a1a2d1aca5110fb2f63ba26f43831	yes
eesa1	2	https://ncert.nic.in/textbook/pdf/eesa102.pdf	HEAD	200	6250521	Tue, 24 Mar 2026 05:11:25 GMT	2026-09-25T23:19:57+05:30		
eesa1	3	https://ncert.nic.in/textbook/pdf/eesa103.pdf	HEAD	200	6043545	Tue, 24 Mar 2026 05:11:26 GMT	2026-09-25T23:19:57+05:30		
eesa1	4	https://ncert.nic.in/textbook/pdf/eesa104.pdf	HEAD	200	6959567	Tue, 24 Mar 2026 05:11:26 GMT	2026-09-25T23:19:57+05:30		
eesa1	5	https://ncert.nic.in/textbook/pdf/eesa105.pdf	HEAD	200	4647957	Tue, 24 Mar 2026 05:11:26 GMT	2026-09-25T23:19:57+05:30		
eesa1	6	https://ncert.nic.in/textbook/pdf/eesa106.pdf	HEAD	200	5242339	Tue, 24 Mar 2026 05:11:26 GMT	2026-09-25T23:19:57+05:30		
eesa1	7	https://ncert.nic.in/textbook/pdf/eesa107.pdf	HEAD	200	3046460	Tue, 24 Mar 2026 05:11:26 GMT	2026-09-25T23:19:58+05:30		
eesa1	8	https://ncert.nic.in/textbook/pdf/eesa108.pdf	HEAD	200	7504563	Tue, 24 Mar 2026 05:11:27 GMT	2026-09-25T23:19:58+05:30		
eesa1	9	https://ncert.nic.in/textbook/pdf/eesa109.pdf	HEAD	200	6627436	Tue, 24 Mar 2026 05:11:27 GMT	2026-09-25T23:19:58+05:30		
eesa1	10	https://ncert.nic.in/textbook/pdf/eesa110.pdf	GET	200	8702168	Tue, 24 Mar 2026 05:11:27 GMT	2026-09-25T23:20:00+05:30	99b02ed2bbfb647ddef000be2d10d8ba48f2fa734e0a2620152534390819990f	yes
eeev1	1	https://ncert.nic.in/textbook/pdf/eeev101.pdf	GET	200	6144756	Tue, 24 Mar 2026 05:11:31 GMT	2026-09-25T23:19:59+05:30	dd9dc913db77fdaf5eaab8f46724c4dade510cb87eda098633239fb030d2d156	yes
eeev1	2	https://ncert.nic.in/textbook/pdf/eeev102.pdf	HEAD	200	4542056	Tue, 24 Mar 2026 05:11:31 GMT	2026-09-25T23:19:58+05:30		
eeev1	3	https://ncert.nic.in/textbook/pdf/eeev103.pdf	HEAD	200	5194810	Tue, 24 Mar 2026 05:11:31 GMT	2026-09-25T23:19:58+05:30		
eeev1	4	https://ncert.nic.in/textbook/pdf/eeev104.pdf	HEAD	200	2785002	Tue, 24 Mar 2026 05:11:32 GMT	2026-09-25T23:19:58+05:30		
eeev1	5	https://ncert.nic.in/textbook/pdf/eeev105.pdf	HEAD	200	5548144	Tue, 24 Mar 2026 05:11:32 GMT	2026-09-25T23:19:58+05:30		
eeev1	6	https://ncert.nic.in/textbook/pdf/eeev106.pdf	HEAD	200	3387928	Tue, 24 Mar 2026 05:11:32 GMT	2026-09-25T23:19:58+05:30		
eeev1	7	https://ncert.nic.in/textbook/pdf/eeev107.pdf	HEAD	200	3110187	Tue, 24 Mar 2026 05:11:32 GMT	2026-09-25T23:19:58+05:30		
eeev1	8	https://ncert.nic.in/textbook/pdf/eeev108.pdf	HEAD	200	3554808	Tue, 24 Mar 2026 05:11:32 GMT	2026-09-25T23:19:59+05:30		
eeev1	9	https://ncert.nic.in/textbook/pdf/eeev109.pdf	HEAD	200	4580322	Tue, 24 Mar 2026 05:11:33 GMT	2026-09-25T23:19:59+05:30		
eeev1	10	https://ncert.nic.in/textbook/pdf/eeev110.pdf	GET	200	4403925	Tue, 24 Mar 2026 05:11:33 GMT	2026-09-25T23:20:00+05:30	138822abfc78d0bbd27687b7b882f06b9f84a40b4012752a2e3965efddecafcb	yes
eebu1	1	https://ncert.nic.in/textbook/pdf/eebu101.pdf	GET	200	3333339	Tue, 24 Mar 2026 05:11:33 GMT	2026-09-25T23:20:00+05:30	22c7e30d0c64e8dbcde7e02247c5d3160a190df9a98d33a2b278a6edcefaa8ce	no
eebu1	2	https://ncert.nic.in/textbook/pdf/eebu102.pdf	HEAD	200	1815181	Tue, 24 Mar 2026 05:11:33 GMT	2026-09-25T23:19:59+05:30		
eebu1	3	https://ncert.nic.in/textbook/pdf/eebu103.pdf	HEAD	200	1294872	Tue, 24 Mar 2026 05:11:34 GMT	2026-09-25T23:19:59+05:30		
eebu1	4	https://ncert.nic.in/textbook/pdf/eebu104.pdf	HEAD	200	1397267	Tue, 24 Mar 2026 05:11:34 GMT	2026-09-25T23:20:00+05:30		
eebu1	5	https://ncert.nic.in/textbook/pdf/eebu105.pdf	HEAD	200	1329313	Tue, 24 Mar 2026 05:11:34 GMT	2026-09-25T23:20:00+05:30		
eebu1	6	https://ncert.nic.in/textbook/pdf/eebu106.pdf	HEAD	200	2767018	Tue, 24 Mar 2026 05:11:34 GMT	2026-09-25T23:20:00+05:30		
eebu1	7	https://ncert.nic.in/textbook/pdf/eebu107.pdf	HEAD	200	1464117	Tue, 24 Mar 2026 05:11:34 GMT	2026-09-25T23:20:00+05:30		
eebu1	8	https://ncert.nic.in/textbook/pdf/eebu108.pdf	HEAD	200	3248597	Tue, 24 Mar 2026 05:11:34 GMT	2026-09-25T23:20:00+05:30		
eebu1	9	https://ncert.nic.in/textbook/pdf/eebu109.pdf	HEAD	200	2224388	Tue, 24 Mar 2026 05:11:34 GMT	2026-09-25T23:20:00+05:30		
eebu1	10	https://ncert.nic.in/textbook/pdf/eebu110.pdf	HEAD	200	2437805	Tue, 24 Mar 2026 05:11:34 GMT	2026-09-25T23:20:00+05:30		
eebu1	11	https://ncert.nic.in/textbook/pdf/eebu111.pdf	HEAD	200	2252960	Tue, 24 Mar 2026 05:11:34 GMT	2026-09-25T23:20:00+05:30		
eebu1	12	https://ncert.nic.in/textbook/pdf/eebu112.pdf	HEAD	200	2273761	Tue, 24 Mar 2026 05:11:35 GMT	2026-09-25T23:20:01+05:30		
eebu1	13	https://ncert.nic.in/textbook/pdf/eebu113.pdf	HEAD	200	2103263	Tue, 24 Mar 2026 05:11:35 GMT	2026-09-25T23:20:01+05:30		
eebu1	14	https://ncert.nic.in/textbook/pdf/eebu114.pdf	HEAD	200	1905067	Tue, 24 Mar 2026 05:11:35 GMT	2026-09-25T23:20:01+05:30		
eebu1	15	https://ncert.nic.in/textbook/pdf/eebu115.pdf	HEAD	200	2191718	Tue, 24 Mar 2026 05:11:35 GMT	2026-09-25T23:20:01+05:30		
eebu1	16	https://ncert.nic.in/textbook/pdf/eebu116.pdf	HEAD	200	2349407	Tue, 24 Mar 2026 05:11:35 GMT	2026-09-25T23:20:01+05:30		
eebu1	17	https://ncert.nic.in/textbook/pdf/eebu117.pdf	HEAD	200	1036101	Tue, 24 Mar 2026 05:11:35 GMT	2026-09-25T23:20:01+05:30		
eebu1	18	https://ncert.nic.in/textbook/pdf/eebu118.pdf	HEAD	200	2301836	Tue, 24 Mar 2026 05:11:35 GMT	2026-09-25T23:20:01+05:30		
eebu1	19	https://ncert.nic.in/textbook/pdf/eebu119.pdf	GET	200	2476933	Tue, 24 Mar 2026 05:11:35 GMT	2026-09-25T23:20:02+05:30	bae8495164ce377f3c001496aafc6748b3568b3fbd1f627494cb80243cf19b6d	yes
eeky1	1	https://ncert.nic.in/textbook/pdf/eeky101.pdf	GET	200	14790252	Mon, 06 Jul 2026 07:11:42 GMT	2026-09-25T23:20:05+05:30	30b0897154c88fb114709fdf49a9119b980ca2773d22692e47e7369835ee5833	yes
eeky1	2	https://ncert.nic.in/textbook/pdf/eeky102.pdf	HEAD	200	8761255	Mon, 06 Jul 2026 07:11:40 GMT	2026-09-25T23:20:01+05:30		
eeky1	3	https://ncert.nic.in/textbook/pdf/eeky103.pdf	GET	200	50232906	Mon, 06 Jul 2026 07:11:36 GMT	2026-09-25T23:20:36+05:30	d2e0c04f20340669d032cc6d88b211648e786b382c925e06bae6c23c000d67dc	yes
eust1	1	https://ncert.nic.in/textbook/pdf/eust101.pdf	HEAD	200	2919570	Wed, 23 Jul 2025 11:51:20 GMT	2026-09-25T23:20:01+05:30		
eust1	2	https://ncert.nic.in/textbook/pdf/eust102.pdf	HEAD	200	5320664	Wed, 23 Jul 2025 11:51:21 GMT	2026-09-25T23:20:01+05:30		
eust1	3	https://ncert.nic.in/textbook/pdf/eust103.pdf	HEAD	200	2882153	Wed, 23 Jul 2025 11:51:22 GMT	2026-09-25T23:20:01+05:30		
eust1	4	https://ncert.nic.in/textbook/pdf/eust104.pdf	HEAD	200	2976607	Wed, 23 Jul 2025 11:51:22 GMT	2026-09-25T23:20:01+05:30		
eust1	5	https://ncert.nic.in/textbook/pdf/eust105.pdf	HEAD	200	2582653	Wed, 23 Jul 2025 11:51:23 GMT	2026-09-25T23:20:02+05:30		
eust1	6	https://ncert.nic.in/textbook/pdf/eust106.pdf	HEAD	200	3833743	Wed, 23 Jul 2025 11:51:24 GMT	2026-09-25T23:20:02+05:30		
eust1	7	https://ncert.nic.in/textbook/pdf/eust107.pdf	HEAD	200	3941079	Wed, 23 Jul 2025 11:51:25 GMT	2026-09-25T23:20:02+05:30		
eust1	8	https://ncert.nic.in/textbook/pdf/eust108.pdf	HEAD	200	2993896	Wed, 23 Jul 2025 11:51:26 GMT	2026-09-25T23:20:02+05:30		
eust1	9	https://ncert.nic.in/textbook/pdf/eust109.pdf	HEAD	200	3046134	Wed, 23 Jul 2025 11:51:26 GMT	2026-09-25T23:20:02+05:30		
eust1	10	https://ncert.nic.in/textbook/pdf/eust110.pdf	HEAD	200	5029391	Wed, 23 Jul 2025 11:51:27 GMT	2026-09-25T23:20:02+05:30		
eust1	11	https://ncert.nic.in/textbook/pdf/eust111.pdf	HEAD	200	4212030	Wed, 23 Jul 2025 11:51:28 GMT	2026-09-25T23:20:02+05:30		
eust1	12	https://ncert.nic.in/textbook/pdf/eust112.pdf	HEAD	200	2511109	Wed, 23 Jul 2025 11:51:29 GMT	2026-09-25T23:20:02+05:30		
eust1	13	https://ncert.nic.in/textbook/pdf/eust113.pdf	HEAD	200	4106402	Wed, 23 Jul 2025 11:51:30 GMT	2026-09-25T23:20:02+05:30		
eust1	14	https://ncert.nic.in/textbook/pdf/eust114.pdf	HEAD	200	5828740	Wed, 23 Jul 2025 11:51:31 GMT	2026-09-25T23:20:02+05:30		
eust1	15	https://ncert.nic.in/textbook/pdf/eust115.pdf	HEAD	200	5073585	Wed, 23 Jul 2025 11:51:32 GMT	2026-09-25T23:20:03+05:30		
eust1	16	https://ncert.nic.in/textbook/pdf/eust116.pdf	HEAD	200	1904684	Wed, 23 Jul 2025 11:51:32 GMT	2026-09-25T23:20:03+05:30		
eust1	17	https://ncert.nic.in/textbook/pdf/eust117.pdf	HEAD	200	4000175	Wed, 23 Jul 2025 11:51:33 GMT	2026-09-25T23:20:03+05:30		
eust1	18	https://ncert.nic.in/textbook/pdf/eust118.pdf	HEAD	200	3368969	Wed, 23 Jul 2025 11:51:34 GMT	2026-09-25T23:20:03+05:30		
fhml1	1	https://ncert.nic.in/textbook/pdf/fhml101.pdf	HEAD	200	2743223	Fri, 27 Mar 2026 06:01:22 GMT	2026-09-25T23:20:03+05:30		
fhml1	2	https://ncert.nic.in/textbook/pdf/fhml102.pdf	HEAD	200	2278969	Fri, 27 Mar 2026 06:01:22 GMT	2026-09-25T23:20:03+05:30		
fhml1	3	https://ncert.nic.in/textbook/pdf/fhml103.pdf	HEAD	200	2791671	Fri, 27 Mar 2026 06:01:24 GMT	2026-09-25T23:20:03+05:30		
fhml1	4	https://ncert.nic.in/textbook/pdf/fhml104.pdf	HEAD	200	2351735	Fri, 27 Mar 2026 06:01:24 GMT	2026-09-25T23:20:03+05:30		
fhml1	5	https://ncert.nic.in/textbook/pdf/fhml105.pdf	HEAD	200	1380580	Fri, 27 Mar 2026 06:01:24 GMT	2026-09-25T23:20:03+05:30		
fhml1	6	https://ncert.nic.in/textbook/pdf/fhml106.pdf	HEAD	200	2006132	Fri, 27 Mar 2026 06:01:24 GMT	2026-09-25T23:20:03+05:30		
fhml1	7	https://ncert.nic.in/textbook/pdf/fhml107.pdf	HEAD	200	2869931	Fri, 27 Mar 2026 06:01:24 GMT	2026-09-25T23:20:03+05:30		
fhml1	8	https://ncert.nic.in/textbook/pdf/fhml108.pdf	HEAD	200	3797748	Fri, 27 Mar 2026 06:01:24 GMT	2026-09-25T23:20:04+05:30		
fhml1	9	https://ncert.nic.in/textbook/pdf/fhml109.pdf	HEAD	200	2404608	Fri, 27 Mar 2026 06:01:24 GMT	2026-09-25T23:20:04+05:30		
fhml1	10	https://ncert.nic.in/textbook/pdf/fhml110.pdf	HEAD	200	3061891	Fri, 27 Mar 2026 06:01:24 GMT	2026-09-25T23:20:04+05:30		
fhml1	11	https://ncert.nic.in/textbook/pdf/fhml111.pdf	HEAD	200	1621132	Fri, 27 Mar 2026 06:01:24 GMT	2026-09-25T23:20:04+05:30		
fhml1	12	https://ncert.nic.in/textbook/pdf/fhml112.pdf	HEAD	200	4209807	Fri, 27 Mar 2026 06:01:26 GMT	2026-09-25T23:20:04+05:30		
fhml1	13	https://ncert.nic.in/textbook/pdf/fhml113.pdf	HEAD	200	3922407	Fri, 27 Mar 2026 06:01:26 GMT	2026-09-25T23:20:04+05:30		
fepr1	1	https://ncert.nic.in/textbook/pdf/fepr101.pdf	GET	200	14040235	Fri, 27 Mar 2026 06:01:32 GMT	2026-09-25T23:20:12+05:30	256fda6b053cda4dbc836dcbd88e984d1f4d9f04849c8465129506cc2a162ddb	yes
fepr1	2	https://ncert.nic.in/textbook/pdf/fepr102.pdf	HEAD	200	12342631	Fri, 27 Mar 2026 06:01:32 GMT	2026-09-25T23:20:04+05:30		
fepr1	3	https://ncert.nic.in/textbook/pdf/fepr103.pdf	HEAD	200	9782731	Fri, 27 Mar 2026 06:01:32 GMT	2026-09-25T23:20:04+05:30		
fepr1	4	https://ncert.nic.in/textbook/pdf/fepr104.pdf	HEAD	200	5811425	Fri, 27 Mar 2026 06:01:32 GMT	2026-09-25T23:20:04+05:30		
fepr1	5	https://ncert.nic.in/textbook/pdf/fepr105.pdf	GET	200	9571559	Fri, 27 Mar 2026 06:01:34 GMT	2026-09-25T23:20:06+05:30	3d58845dbed7a3721a11602ff63c06b5b299aafe75b57d60072aa232ef013b46	yes
fegp1	1	https://ncert.nic.in/textbook/pdf/fegp101.pdf	GET	200	665543	Tue, 07 Apr 2026 12:08:06 GMT	2026-09-25T23:20:05+05:30	9a2ff6ddbbd42bbd140a340c20ab27d4e7b8626148518acbb5adca7b93644347	yes
fegp1	2	https://ncert.nic.in/textbook/pdf/fegp102.pdf	GET	200	3569854	Tue, 07 Apr 2026 12:09:03 GMT	2026-09-25T23:20:08+05:30	057f2a0a5e74afd850f2b8e41315d58fa2b9409fbd587f7d9b92a7420f190db1	yes
fegp1	3	https://ncert.nic.in/textbook/pdf/fegp103.pdf	GET	200	1732246	Tue, 07 Apr 2026 12:09:24 GMT	2026-09-25T23:20:10+05:30	c33f3769dc238bf1593ae3bc16c8721d422fe4e57d79b18f085b1ed1669f9cdb	yes
fegp1	4	https://ncert.nic.in/textbook/pdf/fegp104.pdf	GET	200	4925332	Tue, 07 Apr 2026 12:09:48 GMT	2026-09-25T23:20:08+05:30	8f7d28bab6f2108de771ff4a16c03a383b0e23a2f5699f8cf41915bbf0a921f2	yes
fegp1	5	https://ncert.nic.in/textbook/pdf/fegp105.pdf	GET	200	1114610	Tue, 07 Apr 2026 12:10:02 GMT	2026-09-25T23:20:09+05:30	467aa97ca5a18533a7738ddd57020de3d322c63013018edd06714ac23436dabf	yes
fegp1	6	https://ncert.nic.in/textbook/pdf/fegp106.pdf	GET	200	1047151	Tue, 07 Apr 2026 12:10:18 GMT	2026-09-25T23:20:09+05:30	f03f2030420f0f1aa173348bd4fbb3b133a4b8de93cb56db9f5085d5c03a4d53	yes
fegp1	7	https://ncert.nic.in/textbook/pdf/fegp107.pdf	GET	200	1642774	Tue, 07 Apr 2026 12:10:38 GMT	2026-09-25T23:20:09+05:30	c142b8d472ced617817fb9986e73e44656a9d8c0693e80228f7e0a21d8817e12	yes
fegp1	8	https://ncert.nic.in/textbook/pdf/fegp108.pdf	GET	200	1640009	Tue, 07 Apr 2026 12:10:54 GMT	2026-09-25T23:20:11+05:30	7c777e26cad8154b5bb55308c36cc47173084ad1ec1ad3c2f5a7cf863e132e53	yes
fegp1	9	https://ncert.nic.in/textbook/pdf/fegp109.pdf	GET	200	4421915	Tue, 07 Apr 2026 12:11:10 GMT	2026-09-25T23:20:11+05:30	2a675ebe6523c343d88ae43ba173a8dabac2881e3caabeffa8d0379435f02f04	yes
fegp1	10	https://ncert.nic.in/textbook/pdf/fegp110.pdf	GET	200	1986132	Tue, 07 Apr 2026 12:11:28 GMT	2026-09-25T23:20:12+05:30	2c286fb7a738c1f17824a338248b40ccaaf0733f6f37b356c6349e27e317f2ec	yes
fees1	1	https://ncert.nic.in/textbook/pdf/fees101.pdf	GET	200	14307817	Mon, 06 Jul 2026 11:35:04 GMT	2026-09-25T23:20:14+05:30	d3bad3f707113687c48362cf8574ce9e688dc35e527d4ca3f9bc427d3ee4f95f	yes
fees1	2	https://ncert.nic.in/textbook/pdf/fees102.pdf	HEAD	200	9514510	Mon, 06 Jul 2026 11:35:04 GMT	2026-09-25T23:20:11+05:30		
fees1	3	https://ncert.nic.in/textbook/pdf/fees103.pdf	HEAD	200	25253179	Mon, 06 Jul 2026 11:35:04 GMT	2026-09-25T23:20:12+05:30		
fees1	4	https://ncert.nic.in/textbook/pdf/fees104.pdf	HEAD	200	13231874	Mon, 06 Jul 2026 11:35:04 GMT	2026-09-25T23:20:12+05:30		
fees1	5	https://ncert.nic.in/textbook/pdf/fees105.pdf	HEAD	200	15864814	Mon, 06 Jul 2026 11:35:04 GMT	2026-09-25T23:20:12+05:30		
fees1	6	https://ncert.nic.in/textbook/pdf/fees106.pdf	HEAD	200	5136035	Mon, 06 Jul 2026 11:35:04 GMT	2026-09-25T23:20:12+05:30		
fees1	7	https://ncert.nic.in/textbook/pdf/fees107.pdf	HEAD	200	27559470	Mon, 06 Jul 2026 11:35:06 GMT	2026-09-25T23:20:12+05:30		
fees1	8	https://ncert.nic.in/textbook/pdf/fees108.pdf	HEAD	200	15219790	Mon, 06 Jul 2026 11:35:06 GMT	2026-09-25T23:20:13+05:30		
fees1	9	https://ncert.nic.in/textbook/pdf/fees109.pdf	HEAD	200	15129493	Mon, 06 Jul 2026 11:35:06 GMT	2026-09-25T23:20:13+05:30		
fees1	10	https://ncert.nic.in/textbook/pdf/fees110.pdf	HEAD	200	8132842	Mon, 06 Jul 2026 11:35:06 GMT	2026-09-25T23:20:13+05:30		
fees1	11	https://ncert.nic.in/textbook/pdf/fees111.pdf	HEAD	200	8118760	Mon, 06 Jul 2026 11:35:06 GMT	2026-09-25T23:20:13+05:30		
fees1	12	https://ncert.nic.in/textbook/pdf/fees112.pdf	HEAD	200	11464809	Mon, 06 Jul 2026 11:35:06 GMT	2026-09-25T23:20:13+05:30		
fees1	13	https://ncert.nic.in/textbook/pdf/fees113.pdf	HEAD	200	10525096	Mon, 06 Jul 2026 11:35:06 GMT	2026-09-25T23:20:13+05:30		
fees1	14	https://ncert.nic.in/textbook/pdf/fees114.pdf	GET	200	17935855	Mon, 06 Jul 2026 11:35:08 GMT	2026-09-25T23:20:24+05:30	eadb00de667498a7981b7010f369c99dbaab82c599e457c0fd640e11d3e58d96	yes
fsde1	1	https://ncert.nic.in/textbook/pdf/fsde101.pdf	HEAD	200	5180028	Mon, 17 Aug 2026 09:44:38 GMT	2026-09-25T23:20:13+05:30		
fsde1	2	https://ncert.nic.in/textbook/pdf/fsde102.pdf	HEAD	200	2372061	Mon, 17 Aug 2026 09:44:38 GMT	2026-09-25T23:20:13+05:30		
fsde1	3	https://ncert.nic.in/textbook/pdf/fsde103.pdf	HEAD	200	9179223	Mon, 17 Aug 2026 09:44:38 GMT	2026-09-25T23:20:13+05:30		
fsde1	4	https://ncert.nic.in/textbook/pdf/fsde104.pdf	HEAD	200	6398900	Mon, 17 Aug 2026 09:44:38 GMT	2026-09-25T23:20:14+05:30		
fsde1	5	https://ncert.nic.in/textbook/pdf/fsde105.pdf	HEAD	200	4050349	Mon, 17 Aug 2026 09:44:40 GMT	2026-09-25T23:20:14+05:30		
fsde1	6	https://ncert.nic.in/textbook/pdf/fsde106.pdf	HEAD	200	5458027	Mon, 17 Aug 2026 09:44:40 GMT	2026-09-25T23:20:14+05:30		
fsde1	7	https://ncert.nic.in/textbook/pdf/fsde107.pdf	HEAD	200	4292105	Mon, 17 Aug 2026 09:44:40 GMT	2026-09-25T23:20:14+05:30		
fsde1	8	https://ncert.nic.in/textbook/pdf/fsde108.pdf	HEAD	200	5943715	Mon, 17 Aug 2026 09:44:40 GMT	2026-09-25T23:20:14+05:30		
fsde1	9	https://ncert.nic.in/textbook/pdf/fsde109.pdf	HEAD	200	4469417	Mon, 17 Aug 2026 09:44:42 GMT	2026-09-25T23:20:14+05:30		
fsde1	10	https://ncert.nic.in/textbook/pdf/fsde110.pdf	HEAD	200	3229855	Mon, 17 Aug 2026 09:44:42 GMT	2026-09-25T23:20:14+05:30		
fsde1	11	https://ncert.nic.in/textbook/pdf/fsde111.pdf	HEAD	200	3138573	Mon, 17 Aug 2026 09:44:42 GMT	2026-09-25T23:20:14+05:30		
fsde1	12	https://ncert.nic.in/textbook/pdf/fsde112.pdf	HEAD	200	6164720	Mon, 17 Aug 2026 09:44:44 GMT	2026-09-25T23:20:15+05:30		
fsde1	13	https://ncert.nic.in/textbook/pdf/fsde113.pdf	HEAD	200	7292735	Mon, 17 Aug 2026 09:44:44 GMT	2026-09-25T23:20:15+05:30		
fsde1	14	https://ncert.nic.in/textbook/pdf/fsde114.pdf	HEAD	200	4233735	Mon, 17 Aug 2026 09:44:44 GMT	2026-09-25T23:20:15+05:30		
fsde1	15	https://ncert.nic.in/textbook/pdf/fsde115.pdf	HEAD	200	4811382	Mon, 17 Aug 2026 09:44:46 GMT	2026-09-25T23:20:15+05:30		
fsde1	16	https://ncert.nic.in/textbook/pdf/fsde116.pdf	HEAD	200	5169333	Mon, 17 Aug 2026 09:44:46 GMT	2026-09-25T23:20:15+05:30		
fecu1	1	https://ncert.nic.in/textbook/pdf/fecu101.pdf	GET	200	2844408	Fri, 27 Mar 2026 06:01:42 GMT	2026-09-25T23:20:16+05:30	8173ff76c173f2775d490aaa4beb311c08ba343212de44142caa9090d6e44183	yes
fecu1	2	https://ncert.nic.in/textbook/pdf/fecu102.pdf	GET	200	8906024	Fri, 27 Mar 2026 06:01:44 GMT	2026-09-25T23:20:18+05:30	554cd7f2bb9cddd99065d80de739fe60cb1be6375c878115ecc4cbd1cd04c48b	yes
fecu1	3	https://ncert.nic.in/textbook/pdf/fecu103.pdf	GET	200	9464094	Fri, 27 Mar 2026 06:01:44 GMT	2026-09-25T23:20:20+05:30	8152108ef9672c8588183481c2d9aceea3bef0121f66827421f77b0c83fa03c8	yes
fecu1	4	https://ncert.nic.in/textbook/pdf/fecu104.pdf	GET	200	7462076	Fri, 27 Mar 2026 06:01:46 GMT	2026-09-25T23:20:26+05:30	e455c054ef54832a898da0d65368e3e21dea3146aabdf57d7a96ca9f805944bb	yes
fecu1	5	https://ncert.nic.in/textbook/pdf/fecu105.pdf	GET	200	5706898	Fri, 27 Mar 2026 06:01:46 GMT	2026-09-25T23:20:20+05:30	7d3ee8442e26b6f496661f934ea295eec231b5eb9ff4db3b86a5fe3575184693	yes
fecu1	6	https://ncert.nic.in/textbook/pdf/fecu106.pdf	GET	200	7125762	Fri, 27 Mar 2026 06:01:46 GMT	2026-09-25T23:20:22+05:30	724430ffe475776fd2fb6690152d5e3a869a202cbbbafbc325562a223bdf64b8	yes
fecu1	7	https://ncert.nic.in/textbook/pdf/fecu107.pdf	GET	200	6982652	Fri, 27 Mar 2026 06:01:46 GMT	2026-09-25T23:20:25+05:30	27baf8b9f3d6b5e33f02dd8ea08dadfce95ec68c466fd81b721f6b9d865afd73	yes
fecu1	8	https://ncert.nic.in/textbook/pdf/fecu108.pdf	GET	200	7233382	Fri, 27 Mar 2026 06:01:48 GMT	2026-09-25T23:20:24+05:30	c85586ac03db887157e2773fa22d15ac444921a5b744a5bd0939fa92d0081c4a	yes
fecu1	9	https://ncert.nic.in/textbook/pdf/fecu109.pdf	GET	200	7587586	Fri, 27 Mar 2026 06:01:48 GMT	2026-09-25T23:20:26+05:30	1f35f9f23d3bf085e2806057a13f584dafe7016d54291010761150eb1237220c	yes
fecu1	10	https://ncert.nic.in/textbook/pdf/fecu110.pdf	GET	200	8490293	Fri, 27 Mar 2026 06:01:50 GMT	2026-09-25T23:20:31+05:30	f19717a6196b75fb719f5122ad107ec440339399137a626e3f3c77eb91607aa9	yes
fecu1	11	https://ncert.nic.in/textbook/pdf/fecu111.pdf	GET	200	9826670	Fri, 27 Mar 2026 06:01:50 GMT	2026-09-25T23:20:37+05:30	59908f5a38e8b654a21e05b8f8872f2dd1c2dac6e2321055f04064c7a49e0cfc	yes
fecu1	12	https://ncert.nic.in/textbook/pdf/fecu112.pdf	GET	200	7208237	Fri, 27 Mar 2026 06:01:50 GMT	2026-09-25T23:20:27+05:30	514963bedfef5679733b4d2b6b7274629ebc9031dcded7777bf0324bf7404928	yes
fekr1	1	https://ncert.nic.in/textbook/pdf/fekr101.pdf	GET	200	2644793	Mon, 06 Jul 2026 11:32:32 GMT	2026-09-25T23:20:27+05:30	b625ad8840023abc046346a41a6d8f35c9d950962c260b86f11bd317fb4e2f6c	no
fekr1	2	https://ncert.nic.in/textbook/pdf/fekr102.pdf	HEAD	200	6059204	Mon, 06 Jul 2026 11:32:32 GMT	2026-09-25T23:20:26+05:30		
fekr1	3	https://ncert.nic.in/textbook/pdf/fekr103.pdf	HEAD	200	2429127	Mon, 06 Jul 2026 11:32:32 GMT	2026-09-25T23:20:27+05:30		
fekr1	4	https://ncert.nic.in/textbook/pdf/fekr104.pdf	HEAD	200	1863314	Mon, 06 Jul 2026 11:32:32 GMT	2026-09-25T23:20:27+05:30		
fekr1	5	https://ncert.nic.in/textbook/pdf/fekr105.pdf	HEAD	200	1463615	Mon, 06 Jul 2026 11:32:32 GMT	2026-09-25T23:20:27+05:30		
fekr1	6	https://ncert.nic.in/textbook/pdf/fekr106.pdf	HEAD	200	3406928	Mon, 06 Jul 2026 11:32:34 GMT	2026-09-25T23:20:27+05:30		
fekr1	7	https://ncert.nic.in/textbook/pdf/fekr107.pdf	HEAD	200	1501233	Mon, 06 Jul 2026 11:32:34 GMT	2026-09-25T23:20:27+05:30		
fekr1	8	https://ncert.nic.in/textbook/pdf/fekr108.pdf	HEAD	200	1821800	Mon, 06 Jul 2026 11:32:34 GMT	2026-09-25T23:20:27+05:30		
fekr1	9	https://ncert.nic.in/textbook/pdf/fekr109.pdf	HEAD	200	5123787	Mon, 06 Jul 2026 11:32:34 GMT	2026-09-25T23:20:27+05:30		
fekr1	10	https://ncert.nic.in/textbook/pdf/fekr110.pdf	HEAD	200	834567	Mon, 06 Jul 2026 11:32:34 GMT	2026-09-25T23:20:27+05:30		
fekr1	11	https://ncert.nic.in/textbook/pdf/fekr111.pdf	HEAD	200	1498063	Mon, 06 Jul 2026 11:32:34 GMT	2026-09-25T23:20:28+05:30		
fekr1	12	https://ncert.nic.in/textbook/pdf/fekr112.pdf	HEAD	200	7376039	Mon, 06 Jul 2026 11:32:34 GMT	2026-09-25T23:20:28+05:30		
fekr1	13	https://ncert.nic.in/textbook/pdf/fekr113.pdf	HEAD	200	1703735	Mon, 06 Jul 2026 11:32:34 GMT	2026-09-25T23:20:28+05:30		
fekr1	14	https://ncert.nic.in/textbook/pdf/fekr114.pdf	HEAD	200	1439987	Mon, 06 Jul 2026 11:32:36 GMT	2026-09-25T23:20:28+05:30		
fekr1	15	https://ncert.nic.in/textbook/pdf/fekr115.pdf	HEAD	200	1108499	Mon, 06 Jul 2026 11:32:36 GMT	2026-09-25T23:20:28+05:30		
fekr1	16	https://ncert.nic.in/textbook/pdf/fekr116.pdf	HEAD	200	5992650	Mon, 06 Jul 2026 11:32:36 GMT	2026-09-25T23:20:28+05:30		
fekr1	17	https://ncert.nic.in/textbook/pdf/fekr117.pdf	HEAD	200	3659186	Mon, 06 Jul 2026 11:32:36 GMT	2026-09-25T23:20:28+05:30		
fekr1	18	https://ncert.nic.in/textbook/pdf/fekr118.pdf	HEAD	200	1064841	Mon, 06 Jul 2026 11:32:36 GMT	2026-09-25T23:20:28+05:30		
fekr1	19	https://ncert.nic.in/textbook/pdf/fekr119.pdf	HEAD	200	2419598	Mon, 06 Jul 2026 11:32:36 GMT	2026-09-25T23:20:28+05:30		
fekr1	20	https://ncert.nic.in/textbook/pdf/fekr120.pdf	HEAD	200	853763	Mon, 06 Jul 2026 11:32:32 GMT	2026-09-25T23:20:28+05:30		
fekr1	21	https://ncert.nic.in/textbook/pdf/fekr121.pdf	HEAD	200	567246	Mon, 06 Jul 2026 11:32:36 GMT	2026-09-25T23:20:28+05:30		
fekr1	22	https://ncert.nic.in/textbook/pdf/fekr122.pdf	GET	200	995293	Mon, 06 Jul 2026 11:32:38 GMT	2026-09-25T23:20:29+05:30	c756204ebe5f45c2f9a22942baa3b0167db59dbb599d94883aa8b75cab44e48c	yes
feky1	1	https://ncert.nic.in/textbook/pdf/feky101.pdf	GET	200	67574124	Fri, 07 Aug 2026 06:34:46 GMT	2026-09-25T23:20:59+05:30	7638c920981e875ebcadc1e242114d1cf8d1b1854ce159192057358dc09e522c	yes
feky1	2	https://ncert.nic.in/textbook/pdf/feky102.pdf	HEAD	200	136145376	Fri, 07 Aug 2026 06:35:02 GMT	2026-09-25T23:20:29+05:30		
feky1	3	https://ncert.nic.in/textbook/pdf/feky103.pdf	HEAD	200	119641471	Fri, 07 Aug 2026 06:35:14 GMT	2026-09-25T23:20:29+05:30		
feky1	4	https://ncert.nic.in/textbook/pdf/feky104.pdf	HEAD	200	252881118	Fri, 07 Aug 2026 06:35:42 GMT	2026-09-25T23:20:29+05:30		
feky1	5	https://ncert.nic.in/textbook/pdf/feky105.pdf	GET	200	26155405	Fri, 07 Aug 2026 06:35:44 GMT	2026-09-25T23:20:46+05:30	94c3f9778cd6291d73f728cc2b0ea1aeced291c4e343ad0c7e261fdb48a2cd8d	yes
fekb1	1	https://ncert.nic.in/textbook/pdf/fekb101.pdf	GET	200	4688603	Fri, 27 Mar 2026 06:02:14 GMT	2026-09-25T23:20:34+05:30	059a78a8089b57b8a068d4359edc32a688f83ab868a8a19935901801b3836f6f	no
fekb1	2	https://ncert.nic.in/textbook/pdf/fekb102.pdf	HEAD	200	2904539	Fri, 27 Mar 2026 06:02:14 GMT	2026-09-25T23:20:32+05:30		
fekb1	3	https://ncert.nic.in/textbook/pdf/fekb103.pdf	HEAD	200	5433709	Fri, 27 Mar 2026 06:02:16 GMT	2026-09-25T23:20:33+05:30		
fekb1	4	https://ncert.nic.in/textbook/pdf/fekb104.pdf	HEAD	200	2626800	Fri, 27 Mar 2026 06:02:16 GMT	2026-09-25T23:20:33+05:30		
fekb1	5	https://ncert.nic.in/textbook/pdf/fekb105.pdf	HEAD	200	4339709	Fri, 27 Mar 2026 06:02:16 GMT	2026-09-25T23:20:33+05:30		
fekb1	6	https://ncert.nic.in/textbook/pdf/fekb106.pdf	GET	200	5091218	Fri, 27 Mar 2026 06:02:16 GMT	2026-09-25T23:20:35+05:30	8ec0ccdf0df29b6331dfe512a139243818cc396d8630061e9c057f9322d2029a	yes
fuky1	1	https://ncert.nic.in/textbook/pdf/fuky101.pdf	HEAD	200	6262905	Mon, 07 Jul 2025 13:32:36 GMT	2026-09-25T23:20:35+05:30		
fuky1	2	https://ncert.nic.in/textbook/pdf/fuky102.pdf	HEAD	200	8955192	Mon, 07 Jul 2025 13:32:29 GMT	2026-09-25T23:20:35+05:30		
fuky1	3	https://ncert.nic.in/textbook/pdf/fuky103.pdf	HEAD	200	8614162	Mon, 07 Jul 2025 13:32:27 GMT	2026-09-25T23:20:35+05:30		
fuky1	4	https://ncert.nic.in/textbook/pdf/fuky104.pdf	HEAD	200	7718440	Mon, 07 Jul 2025 13:32:25 GMT	2026-09-25T23:20:35+05:30		
fuky1	5	https://ncert.nic.in/textbook/pdf/fuky105.pdf	HEAD	200	4494146	Mon, 07 Jul 2025 13:32:23 GMT	2026-09-25T23:20:36+05:30		
fuky1	6	https://ncert.nic.in/textbook/pdf/fuky106.pdf	HEAD	200	8002713	Mon, 07 Jul 2025 13:32:22 GMT	2026-09-25T23:20:36+05:30		
fuky1	7	https://ncert.nic.in/textbook/pdf/fuky107.pdf	HEAD	200	5089407	Mon, 07 Jul 2025 13:32:20 GMT	2026-09-25T23:20:36+05:30		
fuky1	8	https://ncert.nic.in/textbook/pdf/fuky108.pdf	HEAD	200	4250885	Mon, 07 Jul 2025 13:32:18 GMT	2026-09-25T23:20:36+05:30		
fuky1	9	https://ncert.nic.in/textbook/pdf/fuky109.pdf	HEAD	200	4574711	Mon, 07 Jul 2025 13:32:17 GMT	2026-09-25T23:20:36+05:30		
fuky1	10	https://ncert.nic.in/textbook/pdf/fuky110.pdf	HEAD	200	8038433	Mon, 07 Jul 2025 13:32:16 GMT	2026-09-25T23:20:36+05:30		
fuky1	11	https://ncert.nic.in/textbook/pdf/fuky111.pdf	HEAD	200	10577577	Mon, 07 Jul 2025 13:32:14 GMT	2026-09-25T23:20:36+05:30		
fuky1	12	https://ncert.nic.in/textbook/pdf/fuky112.pdf	HEAD	200	3713328	Mon, 07 Jul 2025 13:32:10 GMT	2026-09-25T23:20:36+05:30		
fuky1	13	https://ncert.nic.in/textbook/pdf/fuky113.pdf	HEAD	200	6953222	Mon, 07 Jul 2025 13:32:09 GMT	2026-09-25T23:20:36+05:30		
fuky1	14	https://ncert.nic.in/textbook/pdf/fuky114.pdf	HEAD	200	10354158	Mon, 07 Jul 2025 13:32:05 GMT	2026-09-25T23:20:36+05:30		
ghml1	1	https://ncert.nic.in/textbook/pdf/ghml101.pdf	HEAD	200	6736985	Fri, 27 Mar 2026 08:24:12 GMT	2026-09-25T23:20:36+05:30		
ghml1	2	https://ncert.nic.in/textbook/pdf/ghml102.pdf	HEAD	200	4156179	Fri, 27 Mar 2026 08:24:12 GMT	2026-09-25T23:20:37+05:30		
ghml1	3	https://ncert.nic.in/textbook/pdf/ghml103.pdf	HEAD	200	4069640	Fri, 27 Mar 2026 08:24:12 GMT	2026-09-25T23:20:37+05:30		
ghml1	4	https://ncert.nic.in/textbook/pdf/ghml104.pdf	HEAD	200	6604969	Fri, 27 Mar 2026 08:24:12 GMT	2026-09-25T23:20:37+05:30		
ghml1	5	https://ncert.nic.in/textbook/pdf/ghml105.pdf	HEAD	200	4538021	Fri, 27 Mar 2026 08:24:12 GMT	2026-09-25T23:20:37+05:30		
ghml1	6	https://ncert.nic.in/textbook/pdf/ghml106.pdf	HEAD	200	3651565	Fri, 27 Mar 2026 08:24:12 GMT	2026-09-25T23:20:37+05:30		
ghml1	7	https://ncert.nic.in/textbook/pdf/ghml107.pdf	HEAD	200	4946329	Fri, 27 Mar 2026 08:24:12 GMT	2026-09-25T23:20:37+05:30		
ghml1	8	https://ncert.nic.in/textbook/pdf/ghml108.pdf	HEAD	200	5851251	Fri, 27 Mar 2026 08:24:12 GMT	2026-09-25T23:20:37+05:30		
ghml1	9	https://ncert.nic.in/textbook/pdf/ghml109.pdf	HEAD	200	20949586	Fri, 27 Mar 2026 08:24:12 GMT	2026-09-25T23:20:37+05:30		
ghml1	10	https://ncert.nic.in/textbook/pdf/ghml110.pdf	HEAD	200	9109439	Fri, 27 Mar 2026 08:24:14 GMT	2026-09-25T23:20:37+05:30		
gepr1	1	https://ncert.nic.in/textbook/pdf/gepr101.pdf	GET	200	17923438	Fri, 27 Mar 2026 08:24:20 GMT	2026-09-25T23:20:45+05:30	3e8ea91a79cdde47f3da0cb4cd87e10675c28f3d901f740f0aa8384c0b9656c0	yes
gepr1	2	https://ncert.nic.in/textbook/pdf/gepr102.pdf	HEAD	200	19017415	Fri, 27 Mar 2026 08:24:20 GMT	2026-09-25T23:20:37+05:30		
gepr1	3	https://ncert.nic.in/textbook/pdf/gepr103.pdf	HEAD	200	19127215	Fri, 27 Mar 2026 08:24:20 GMT	2026-09-25T23:20:38+05:30		
gepr1	4	https://ncert.nic.in/textbook/pdf/gepr104.pdf	HEAD	200	14069517	Fri, 27 Mar 2026 08:24:20 GMT	2026-09-25T23:20:38+05:30		
gepr1	5	https://ncert.nic.in/textbook/pdf/gepr105.pdf	GET	200	18413716	Fri, 27 Mar 2026 08:24:22 GMT	2026-09-25T23:20:57+05:30	000f001705207ccc74b987dfe157d4b539a134e5ffc29032296441d6f36d86a0	yes
gegp1	1	https://ncert.nic.in/textbook/pdf/gegp101.pdf	GET	200	3514664	Tue, 07 Apr 2026 11:44:16 GMT	2026-09-25T23:20:39+05:30	5e2cc8878ff163c7a40bfce14fe322d590d6f6f326423f654a1ece84ef6db5d5	yes
gegp1	2	https://ncert.nic.in/textbook/pdf/gegp102.pdf	GET	200	1680261	Tue, 07 Apr 2026 11:44:43 GMT	2026-09-25T23:20:42+05:30	3f9a4898905a8043a72c49f7c49e52658a0877dafdb277dc3d9c5f628d8cee99	yes
gegp1	3	https://ncert.nic.in/textbook/pdf/gegp103.pdf	GET	200	4401928	Tue, 07 Apr 2026 11:45:05 GMT	2026-09-25T23:20:42+05:30	1c723a273318d9d7b146830ca1fd365af64b384c1290f363852ec63d4312642c	yes
gegp1	4	https://ncert.nic.in/textbook/pdf/gegp104.pdf	GET	200	1730609	Tue, 07 Apr 2026 11:45:22 GMT	2026-09-25T23:20:43+05:30	34f6d4228ab4cff1f9804622aefd55518c6e4cf013acf2eaf5e5d92ebb3e333b	yes
gegp1	5	https://ncert.nic.in/textbook/pdf/gegp105.pdf	GET	200	1504627	Tue, 07 Apr 2026 11:45:45 GMT	2026-09-25T23:20:43+05:30	0215377a79c8ca5e673fdef22c39aed98c9a92e3d9725b616e61b9a97fda25ed	yes
gegp1	6	https://ncert.nic.in/textbook/pdf/gegp106.pdf	GET	200	1967442	Tue, 07 Apr 2026 11:45:58 GMT	2026-09-25T23:20:44+05:30	cad0c8c0d298550c6d9db0b855be037cee5af4856da286fc7fb4af7a8739a166	yes
gegp1	7	https://ncert.nic.in/textbook/pdf/gegp107.pdf	GET	200	1485430	Tue, 07 Apr 2026 11:46:12 GMT	2026-09-25T23:20:44+05:30	e6c4aee5b9f7d24be24b999d0a52c04c9e977a9d48c9e577a8f93dade000e359	yes
gegp1	8	https://ncert.nic.in/textbook/pdf/gegp108.pdf	GET	200	2083116	Tue, 07 Apr 2026 11:46:32 GMT	2026-09-25T23:20:45+05:30	649d566aabbdc5508096e279669edeb96c0cf9a03caa71933c383e2a80538034	yes
gegp2	1	https://ncert.nic.in/textbook/pdf/gegp201.pdf	GET	200	2307220	Sat, 08 Nov 2025 08:12:12 GMT	2026-09-25T23:20:45+05:30	5c3bf1c0b399fb415696bd3edb2e9bb248806ff4359b81860e4d5985dc4b2e74	yes
gegp2	2	https://ncert.nic.in/textbook/pdf/gegp202.pdf	GET	200	2699950	Sat, 08 Nov 2025 08:12:38 GMT	2026-09-25T23:20:46+05:30	f1fcfba8edb1fe7ae4007430b15777890ee77bc920f6fa3b9302c809a7d52011	yes
gegp2	3	https://ncert.nic.in/textbook/pdf/gegp203.pdf	GET	200	2123328	Sat, 08 Nov 2025 08:13:20 GMT	2026-09-25T23:20:46+05:30	f2bcd34a7ea217badd90ebda2829c365b6a2dd0ce5f63dc11e7a1a6437f0093d	yes
gegp2	4	https://ncert.nic.in/textbook/pdf/gegp204.pdf	GET	200	3156942	Sat, 08 Nov 2025 08:13:44 GMT	2026-09-25T23:20:49+05:30	de3ff27baad26a24ebfa498433bb12d184131f5cb0661ba9825707cdd65ee233	yes
gegp2	5	https://ncert.nic.in/textbook/pdf/gegp205.pdf	GET	200	5384815	Sat, 08 Nov 2025 08:14:04 GMT	2026-09-25T23:20:47+05:30	08a56fb462cf4d0568f6e72db023ebafebd73aa72d61bbb65a1e9e1e0ddc953d	yes
gegp2	6	https://ncert.nic.in/textbook/pdf/gegp206.pdf	GET	200	2954966	Sat, 08 Nov 2025 08:14:28 GMT	2026-09-25T23:20:48+05:30	3516883abf7943f4b33bb0880971542166672357f0cfbbee8c6dcb30dd9b0bbe	yes
gegp2	7	https://ncert.nic.in/textbook/pdf/gegp207.pdf	GET	200	3414240	Sat, 08 Nov 2025 08:14:48 GMT	2026-09-25T23:20:48+05:30	d067e703f929400fba03a7d8606662003feeb3840fd9e538a0b85ce1ca823dea	yes
gees1	1	https://ncert.nic.in/textbook/pdf/gees101.pdf	GET	200	7101583	Tue, 21 Jul 2026 09:21:04 GMT	2026-09-25T23:20:49+05:30	324ece32b4c7beb55c679d18df111309d7fad68aac178f9d66d49ada091b3b86	yes
gees1	2	https://ncert.nic.in/textbook/pdf/gees102.pdf	HEAD	200	4150588	Tue, 21 Jul 2026 09:21:04 GMT	2026-09-25T23:20:48+05:30		
gees1	3	https://ncert.nic.in/textbook/pdf/gees103.pdf	HEAD	200	11860550	Tue, 21 Jul 2026 09:21:06 GMT	2026-09-25T23:20:48+05:30		
gees1	4	https://ncert.nic.in/textbook/pdf/gees104.pdf	HEAD	200	4148851	Tue, 21 Jul 2026 09:21:06 GMT	2026-09-25T23:20:48+05:30		
gees1	5	https://ncert.nic.in/textbook/pdf/gees105.pdf	HEAD	200	8550057	Tue, 21 Jul 2026 09:21:07 GMT	2026-09-25T23:20:48+05:30		
gees1	6	https://ncert.nic.in/textbook/pdf/gees106.pdf	HEAD	200	8809669	Tue, 21 Jul 2026 09:21:07 GMT	2026-09-25T23:20:48+05:30		
gees1	7	https://ncert.nic.in/textbook/pdf/gees107.pdf	HEAD	200	6171010	Tue, 21 Jul 2026 09:21:08 GMT	2026-09-25T23:20:48+05:30		
gees1	8	https://ncert.nic.in/textbook/pdf/gees108.pdf	HEAD	200	3678076	Tue, 21 Jul 2026 09:21:08 GMT	2026-09-25T23:20:49+05:30		
gees1	9	https://ncert.nic.in/textbook/pdf/gees109.pdf	HEAD	200	4078842	Tue, 21 Jul 2026 09:21:08 GMT	2026-09-25T23:20:49+05:30		
gees1	10	https://ncert.nic.in/textbook/pdf/gees110.pdf	HEAD	200	5546673	Tue, 21 Jul 2026 09:21:09 GMT	2026-09-25T23:20:49+05:30		
gees1	11	https://ncert.nic.in/textbook/pdf/gees111.pdf	HEAD	200	3166540	Tue, 21 Jul 2026 09:21:09 GMT	2026-09-25T23:20:49+05:30		
gees1	12	https://ncert.nic.in/textbook/pdf/gees112.pdf	GET	200	9254599	Tue, 21 Jul 2026 09:21:10 GMT	2026-09-25T23:20:51+05:30	9fb8476d1480fcd2844b84d1cbd26c690c1ffaea0fc64c5d523d0973323e7687	yes
gees2	1	https://ncert.nic.in/textbook/pdf/gees201.pdf	GET	200	4464038	Mon, 06 Jul 2026 11:40:38 GMT	2026-09-25T23:20:50+05:30	6960d2e231f67d3c6e189c3c30cf25ec1958c31a6a248424d7ac0b0c565a550e	yes
gees2	2	https://ncert.nic.in/textbook/pdf/gees202.pdf	HEAD	200	6665780	Mon, 06 Jul 2026 11:40:38 GMT	2026-09-25T23:20:49+05:30		
gees2	3	https://ncert.nic.in/textbook/pdf/gees203.pdf	HEAD	200	6071444	Mon, 06 Jul 2026 11:40:38 GMT	2026-09-25T23:20:50+05:30		
gees2	4	https://ncert.nic.in/textbook/pdf/gees204.pdf	HEAD	200	5772974	Mon, 06 Jul 2026 11:40:38 GMT	2026-09-25T23:20:50+05:30		
gees2	5	https://ncert.nic.in/textbook/pdf/gees205.pdf	HEAD	200	3277629	Mon, 06 Jul 2026 11:40:38 GMT	2026-09-25T23:20:50+05:30		
gees2	6	https://ncert.nic.in/textbook/pdf/gees206.pdf	HEAD	200	3903890	Mon, 06 Jul 2026 11:40:40 GMT	2026-09-25T23:20:50+05:30		
gees2	7	https://ncert.nic.in/textbook/pdf/gees207.pdf	HEAD	200	8413648	Mon, 06 Jul 2026 11:40:40 GMT	2026-09-25T23:20:51+05:30		
gees2	8	https://ncert.nic.in/textbook/pdf/gees208.pdf	GET	200	3851456	Mon, 06 Jul 2026 11:40:40 GMT	2026-09-25T23:20:52+05:30	ed08c46a27f2f3f2a8a944fdcd967c144b6ff69db8fb24e4f8e0c50ceb6ee4de	yes
gsde1	1	https://ncert.nic.in/textbook/pdf/gsde101.pdf	HEAD	200	9116791	Mon, 17 Aug 2026 09:44:46 GMT	2026-09-25T23:20:51+05:30		
gsde1	2	https://ncert.nic.in/textbook/pdf/gsde102.pdf	HEAD	200	10364523	Mon, 17 Aug 2026 09:44:48 GMT	2026-09-25T23:20:51+05:30		
gsde1	3	https://ncert.nic.in/textbook/pdf/gsde103.pdf	HEAD	200	9418161	Mon, 17 Aug 2026 09:44:48 GMT	2026-09-25T23:20:51+05:30		
gsde1	4	https://ncert.nic.in/textbook/pdf/gsde104.pdf	HEAD	200	5481956	Mon, 17 Aug 2026 09:44:48 GMT	2026-09-25T23:20:51+05:30		
gsde1	5	https://ncert.nic.in/textbook/pdf/gsde105.pdf	HEAD	200	5206176	Mon, 17 Aug 2026 09:44:50 GMT	2026-09-25T23:20:51+05:30		
gsde1	6	https://ncert.nic.in/textbook/pdf/gsde106.pdf	HEAD	200	10587193	Mon, 17 Aug 2026 09:44:50 GMT	2026-09-25T23:20:51+05:30		
gsde1	7	https://ncert.nic.in/textbook/pdf/gsde107.pdf	HEAD	200	7977684	Mon, 17 Aug 2026 09:44:52 GMT	2026-09-25T23:20:51+05:30		
gsde1	8	https://ncert.nic.in/textbook/pdf/gsde108.pdf	HEAD	200	8075790	Mon, 17 Aug 2026 09:44:52 GMT	2026-09-25T23:20:51+05:30		
gsde1	9	https://ncert.nic.in/textbook/pdf/gsde109.pdf	HEAD	200	3247112	Mon, 17 Aug 2026 09:44:52 GMT	2026-09-25T23:20:52+05:30		
gsde1	10	https://ncert.nic.in/textbook/pdf/gsde110.pdf	HEAD	200	7898246	Mon, 17 Aug 2026 09:44:54 GMT	2026-09-25T23:20:52+05:30		
gsde1	11	https://ncert.nic.in/textbook/pdf/gsde111.pdf	HEAD	200	12284652	Mon, 17 Aug 2026 09:44:54 GMT	2026-09-25T23:20:52+05:30		
gsde1	12	https://ncert.nic.in/textbook/pdf/gsde112.pdf	HEAD	200	6339339	Mon, 17 Aug 2026 09:44:54 GMT	2026-09-25T23:20:52+05:30		
gsde1	13	https://ncert.nic.in/textbook/pdf/gsde113.pdf	HEAD	200	4508868	Mon, 17 Aug 2026 09:44:56 GMT	2026-09-25T23:20:52+05:30		
gsde1	14	https://ncert.nic.in/textbook/pdf/gsde114.pdf	HEAD	200	1170205	Mon, 17 Aug 2026 09:44:56 GMT	2026-09-25T23:20:52+05:30		
gsde1	15	https://ncert.nic.in/textbook/pdf/gsde115.pdf	HEAD	200	1666954	Mon, 17 Aug 2026 09:44:56 GMT	2026-09-25T23:20:52+05:30		
gecu1	1	https://ncert.nic.in/textbook/pdf/gecu101.pdf	GET	200	1568750	Fri, 27 Mar 2026 08:24:26 GMT	2026-09-25T23:20:53+05:30	55e5b0ae85748680168f39679977f43e8273ae803115673338ed1cdbf7766707	yes
gecu1	2	https://ncert.nic.in/textbook/pdf/gecu102.pdf	GET	200	3265878	Fri, 27 Mar 2026 08:24:26 GMT	2026-09-25T23:20:53+05:30	e2bd98df3f63a3847c295d9e62458b9b22098ec33d97da4bd2238e5754503b80	yes
gecu1	3	https://ncert.nic.in/textbook/pdf/gecu103.pdf	GET	200	4685046	Fri, 27 Mar 2026 08:24:28 GMT	2026-09-25T23:20:55+05:30	a614bde9f6897e0cfa77e3f5a7eb820afdc11c89479ca7f0caaf1b2e2085866f	yes
gecu1	4	https://ncert.nic.in/textbook/pdf/gecu104.pdf	GET	200	3552187	Fri, 27 Mar 2026 08:24:28 GMT	2026-09-25T23:20:54+05:30	d9853a7d3276595ca71088a1770eba63e2e7e373bf64d358c1b2bc1e64d15949	yes
gecu1	5	https://ncert.nic.in/textbook/pdf/gecu105.pdf	GET	200	3314791	Fri, 27 Mar 2026 08:24:28 GMT	2026-09-25T23:20:59+05:30	d5bfcea77a1e89edceb2a5c3617cbb6721d90223deb5eb3c7ec36a429012a86b	yes
gecu1	6	https://ncert.nic.in/textbook/pdf/gecu106.pdf	GET	200	4289180	Fri, 27 Mar 2026 08:24:28 GMT	2026-09-25T23:21:00+05:30	a91bdc2cc986ab51faf52dae5f9defe8a406b29e2f55366fe0e52edd594ed872	yes
gecu1	7	https://ncert.nic.in/textbook/pdf/gecu107.pdf	GET	200	4037640	Fri, 27 Mar 2026 08:24:28 GMT	2026-09-25T23:20:55+05:30	c5340809b551610bef0bf58965d1ff91cb3e61d528135c1801a577b1fe8543df	yes
gecu1	8	https://ncert.nic.in/textbook/pdf/gecu108.pdf	GET	200	4208057	Fri, 27 Mar 2026 08:24:28 GMT	2026-09-25T23:20:56+05:30	204892238bd67b9e2185827ee13c030079c50bc219e1a8167086b5f0b5b1042b	yes
gecu1	9	https://ncert.nic.in/textbook/pdf/gecu109.pdf	GET	200	4329765	Fri, 27 Mar 2026 08:24:28 GMT	2026-09-25T23:20:57+05:30	9c8e63c21665340a87b7cce86f44f118fcd5f99a9f555bcc3925ba883ad0a0fb	yes
gecu1	10	https://ncert.nic.in/textbook/pdf/gecu110.pdf	GET	200	3907214	Fri, 27 Mar 2026 08:24:28 GMT	2026-09-25T23:20:57+05:30	dca5bd39d9a877e7a2f67ccfba9447b3c47355bd21d2b0c763e2d6c1613b78f6	yes
gecu1	11	https://ncert.nic.in/textbook/pdf/gecu111.pdf	GET	200	4456260	Fri, 27 Mar 2026 08:24:28 GMT	2026-09-25T23:20:58+05:30	c5f4520442e45cc96d9c1d849b34f40387cb888f95330ac13ad0ccbdcc696219	yes
gecu1	12	https://ncert.nic.in/textbook/pdf/gecu112.pdf	GET	200	5281311	Fri, 27 Mar 2026 08:24:30 GMT	2026-09-25T23:20:59+05:30	94c1900a9066a6783f4494f28aa21b0d01cce9cb952275abb5cf380c24de3260	yes
gekr1	1	https://ncert.nic.in/textbook/pdf/gekr101.pdf	GET	200	9919888	Fri, 27 Mar 2026 08:24:34 GMT	2026-09-25T23:21:01+05:30	96b970f2b5467571d33d01794bd92b4511a2b4daf161202b0948fb4521267598	no
gekr1	2	https://ncert.nic.in/textbook/pdf/gekr102.pdf	HEAD	200	3337231	Fri, 27 Mar 2026 08:24:34 GMT	2026-09-25T23:20:59+05:30		
gekr1	3	https://ncert.nic.in/textbook/pdf/gekr103.pdf	HEAD	200	5320719	Fri, 27 Mar 2026 08:24:34 GMT	2026-09-25T23:20:59+05:30		
gekr1	4	https://ncert.nic.in/textbook/pdf/gekr104.pdf	HEAD	200	3621802	Fri, 27 Mar 2026 08:24:34 GMT	2026-09-25T23:20:59+05:30		
gekr1	5	https://ncert.nic.in/textbook/pdf/gekr105.pdf	HEAD	200	3422273	Fri, 27 Mar 2026 08:24:34 GMT	2026-09-25T23:20:59+05:30		
gekr1	6	https://ncert.nic.in/textbook/pdf/gekr106.pdf	HEAD	200	3113039	Fri, 27 Mar 2026 08:24:34 GMT	2026-09-25T23:20:59+05:30		
gekr1	7	https://ncert.nic.in/textbook/pdf/gekr107.pdf	HEAD	200	4434415	Fri, 27 Mar 2026 08:24:34 GMT	2026-09-25T23:20:59+05:30		
gekr1	8	https://ncert.nic.in/textbook/pdf/gekr108.pdf	HEAD	200	4088608	Fri, 27 Mar 2026 08:24:34 GMT	2026-09-25T23:20:59+05:30		
gekr1	9	https://ncert.nic.in/textbook/pdf/gekr109.pdf	HEAD	200	2619295	Fri, 27 Mar 2026 08:24:34 GMT	2026-09-25T23:20:59+05:30		
gekr1	10	https://ncert.nic.in/textbook/pdf/gekr110.pdf	HEAD	200	6272071	Fri, 27 Mar 2026 08:24:36 GMT	2026-09-25T23:20:59+05:30		
gekr1	11	https://ncert.nic.in/textbook/pdf/gekr111.pdf	HEAD	200	3910381	Fri, 27 Mar 2026 08:24:36 GMT	2026-09-25T23:21:00+05:30		
gekr1	12	https://ncert.nic.in/textbook/pdf/gekr112.pdf	HEAD	200	2803164	Fri, 27 Mar 2026 08:24:36 GMT	2026-09-25T23:21:00+05:30		
gekr1	13	https://ncert.nic.in/textbook/pdf/gekr113.pdf	HEAD	200	1179230	Fri, 27 Mar 2026 08:24:36 GMT	2026-09-25T23:21:00+05:30		
gekr1	14	https://ncert.nic.in/textbook/pdf/gekr114.pdf	HEAD	200	2898616	Fri, 27 Mar 2026 08:24:36 GMT	2026-09-25T23:21:00+05:30		
gekr1	15	https://ncert.nic.in/textbook/pdf/gekr115.pdf	HEAD	200	8200195	Fri, 27 Mar 2026 08:24:36 GMT	2026-09-25T23:21:00+05:30		
gekr1	16	https://ncert.nic.in/textbook/pdf/gekr116.pdf	HEAD	200	3110319	Fri, 27 Mar 2026 08:24:36 GMT	2026-09-25T23:21:00+05:30		
gekr1	17	https://ncert.nic.in/textbook/pdf/gekr117.pdf	HEAD	200	3897615	Fri, 27 Mar 2026 08:24:36 GMT	2026-09-25T23:21:00+05:30		
gekr1	18	https://ncert.nic.in/textbook/pdf/gekr118.pdf	HEAD	200	4570172	Fri, 27 Mar 2026 08:24:36 GMT	2026-09-25T23:21:00+05:30		
gekr1	19	https://ncert.nic.in/textbook/pdf/gekr119.pdf	HEAD	200	3880045	Fri, 27 Mar 2026 08:24:36 GMT	2026-09-25T23:21:00+05:30		
gekr1	20	https://ncert.nic.in/textbook/pdf/gekr120.pdf	GET	200	3956079	Fri, 27 Mar 2026 08:24:38 GMT	2026-09-25T23:21:01+05:30	157fbe194b7829e378ef64663fbb75273951c2ffb4d8dc3c303ef4d03d02c77a	yes
geky1	1	https://ncert.nic.in/textbook/pdf/geky101.pdf	GET	200	51421097	Fri, 27 Mar 2026 08:25:08 GMT	2026-09-25T23:21:23+05:30	74f2cca580aebf563d22065efb3dc021f020fe179d2c427ac5cdb64535fcd3c8	yes
geky1	2	https://ncert.nic.in/textbook/pdf/geky102.pdf	HEAD	200	79542075	Fri, 27 Mar 2026 08:25:18 GMT	2026-09-25T23:21:00+05:30		
geky1	3	https://ncert.nic.in/textbook/pdf/geky103.pdf	HEAD	200	92794958	Fri, 27 Mar 2026 08:25:32 GMT	2026-09-25T23:21:00+05:30		
geky1	4	https://ncert.nic.in/textbook/pdf/geky104.pdf	HEAD	200	92614571	Fri, 27 Mar 2026 08:25:44 GMT	2026-09-25T23:21:00+05:30		
geky1	5	https://ncert.nic.in/textbook/pdf/geky105.pdf	HEAD	200	77449815	Fri, 27 Mar 2026 08:25:54 GMT	2026-09-25T23:21:00+05:30		
geky1	6	https://ncert.nic.in/textbook/pdf/geky106.pdf	GET	200	14341279	Fri, 27 Mar 2026 08:25:54 GMT	2026-09-25T23:21:11+05:30	f5c53d8dddf99c00702d6a654cf3dc24b5dcb485fec76ceacd8a83b5fc190689	yes
gekb1	1	https://ncert.nic.in/textbook/pdf/gekb101.pdf	GET	200	4257961	Fri, 27 Mar 2026 08:24:56 GMT	2026-09-25T23:21:02+05:30	c0830692211af80ae8c40d2b5dc91245f5e04ff78077905dd08af17d5e946ea5	yes
gekb1	2	https://ncert.nic.in/textbook/pdf/gekb102.pdf	HEAD	200	3353451	Fri, 27 Mar 2026 08:24:58 GMT	2026-09-25T23:21:01+05:30		
gekb1	3	https://ncert.nic.in/textbook/pdf/gekb103.pdf	HEAD	200	5030937	Fri, 27 Mar 2026 08:24:58 GMT	2026-09-25T23:21:01+05:30		
gekb1	4	https://ncert.nic.in/textbook/pdf/gekb104.pdf	HEAD	200	2794811	Fri, 27 Mar 2026 08:24:58 GMT	2026-09-25T23:21:01+05:30		
gekb1	5	https://ncert.nic.in/textbook/pdf/gekb105.pdf	HEAD	200	3773373	Fri, 27 Mar 2026 08:24:58 GMT	2026-09-25T23:21:02+05:30		
gekb1	6	https://ncert.nic.in/textbook/pdf/gekb106.pdf	HEAD	200	2594117	Fri, 27 Mar 2026 08:24:58 GMT	2026-09-25T23:21:02+05:30		
gekb1	7	https://ncert.nic.in/textbook/pdf/gekb107.pdf	GET	200	1070234	Fri, 27 Mar 2026 08:24:58 GMT	2026-09-25T23:21:03+05:30	fa16ca0795020c61d88052185bd1fbb8bd126253007e09d240bd20e961d92f1f	yes
guky1	1	https://ncert.nic.in/textbook/pdf/guky101.pdf	HEAD	200	2470219	Mon, 07 Jul 2025 16:15:35 GMT	2026-09-25T23:21:02+05:30		
guky1	2	https://ncert.nic.in/textbook/pdf/guky102.pdf	HEAD	200	2130383	Mon, 07 Jul 2025 16:15:35 GMT	2026-09-25T23:21:02+05:30		
guky1	3	https://ncert.nic.in/textbook/pdf/guky103.pdf	HEAD	200	3309726	Mon, 07 Jul 2025 16:15:34 GMT	2026-09-25T23:21:02+05:30		
guky1	4	https://ncert.nic.in/textbook/pdf/guky104.pdf	HEAD	200	4175419	Mon, 07 Jul 2025 16:15:33 GMT	2026-09-25T23:21:02+05:30		
guky1	5	https://ncert.nic.in/textbook/pdf/guky105.pdf	HEAD	200	1879224	Mon, 07 Jul 2025 16:15:33 GMT	2026-09-25T23:21:02+05:30		
guky1	6	https://ncert.nic.in/textbook/pdf/guky106.pdf	HEAD	200	2270474	Mon, 07 Jul 2025 16:13:51 GMT	2026-09-25T23:21:03+05:30		
guky1	7	https://ncert.nic.in/textbook/pdf/guky107.pdf	HEAD	200	2758255	Mon, 07 Jul 2025 16:12:55 GMT	2026-09-25T23:21:03+05:30		
guky1	8	https://ncert.nic.in/textbook/pdf/guky108.pdf	HEAD	200	2374573	Mon, 07 Jul 2025 16:11:33 GMT	2026-09-25T23:21:03+05:30		
guky1	9	https://ncert.nic.in/textbook/pdf/guky109.pdf	HEAD	200	2278131	Mon, 07 Jul 2025 16:11:32 GMT	2026-09-25T23:21:03+05:30		
guky1	10	https://ncert.nic.in/textbook/pdf/guky110.pdf	HEAD	200	2585835	Mon, 07 Jul 2025 16:11:32 GMT	2026-09-25T23:21:03+05:30		
guky1	11	https://ncert.nic.in/textbook/pdf/guky111.pdf	HEAD	200	3023979	Mon, 07 Jul 2025 16:11:31 GMT	2026-09-25T23:21:03+05:30		
guky1	12	https://ncert.nic.in/textbook/pdf/guky112.pdf	HEAD	200	2333185	Mon, 07 Jul 2025 16:11:31 GMT	2026-09-25T23:21:03+05:30		
guky1	13	https://ncert.nic.in/textbook/pdf/guky113.pdf	HEAD	200	2298430	Mon, 07 Jul 2025 16:11:30 GMT	2026-09-25T23:21:03+05:30		
guky1	14	https://ncert.nic.in/textbook/pdf/guky114.pdf	HEAD	200	3499308	Mon, 07 Jul 2025 16:11:29 GMT	2026-09-25T23:21:03+05:30		
hhml1	1	https://ncert.nic.in/textbook/pdf/hhml101.pdf	HEAD	200	4617289	Tue, 24 Mar 2026 06:37:06 GMT	2026-09-25T23:21:03+05:30		
hhml1	2	https://ncert.nic.in/textbook/pdf/hhml102.pdf	HEAD	200	6432881	Tue, 24 Mar 2026 06:37:06 GMT	2026-09-25T23:21:03+05:30		
hhml1	3	https://ncert.nic.in/textbook/pdf/hhml103.pdf	HEAD	200	2731273	Tue, 24 Mar 2026 06:37:06 GMT	2026-09-25T23:21:03+05:30		
hhml1	4	https://ncert.nic.in/textbook/pdf/hhml104.pdf	HEAD	200	5139117	Tue, 24 Mar 2026 06:36:56 GMT	2026-09-25T23:21:03+05:30		
hhml1	5	https://ncert.nic.in/textbook/pdf/hhml105.pdf	HEAD	200	3443245	Tue, 24 Mar 2026 06:36:54 GMT	2026-09-25T23:21:03+05:30		
hhml1	6	https://ncert.nic.in/textbook/pdf/hhml106.pdf	HEAD	200	4469623	Tue, 24 Mar 2026 06:36:52 GMT	2026-09-25T23:21:03+05:30		
hhml1	7	https://ncert.nic.in/textbook/pdf/hhml107.pdf	HEAD	200	3999399	Tue, 24 Mar 2026 06:36:52 GMT	2026-09-25T23:21:04+05:30		
hhml1	8	https://ncert.nic.in/textbook/pdf/hhml108.pdf	HEAD	200	4785585	Tue, 24 Mar 2026 06:36:52 GMT	2026-09-25T23:21:04+05:30		
hhml1	9	https://ncert.nic.in/textbook/pdf/hhml109.pdf	HEAD	200	4974858	Tue, 24 Mar 2026 06:36:50 GMT	2026-09-25T23:21:04+05:30		
hhml1	10	https://ncert.nic.in/textbook/pdf/hhml110.pdf	HEAD	200	4329821	Tue, 24 Mar 2026 06:36:50 GMT	2026-09-25T23:21:04+05:30		
hepr1	1	https://ncert.nic.in/textbook/pdf/hepr101.pdf	GET	200	10594080	Tue, 24 Mar 2026 06:35:52 GMT	2026-09-25T23:21:07+05:30	5075bd97c3015e9c6d83dffdcbea28fd48149ceb1ae345b5e8c1e961ab92fef7	yes
hepr1	2	https://ncert.nic.in/textbook/pdf/hepr102.pdf	HEAD	200	12025465	Tue, 24 Mar 2026 06:35:50 GMT	2026-09-25T23:21:04+05:30		
hepr1	3	https://ncert.nic.in/textbook/pdf/hepr103.pdf	HEAD	200	15028159	Tue, 24 Mar 2026 06:35:50 GMT	2026-09-25T23:21:04+05:30		
hepr1	4	https://ncert.nic.in/textbook/pdf/hepr104.pdf	HEAD	200	16872106	Tue, 24 Mar 2026 06:35:48 GMT	2026-09-25T23:21:04+05:30		
hepr1	5	https://ncert.nic.in/textbook/pdf/hepr105.pdf	GET	200	11709119	Tue, 24 Mar 2026 06:35:44 GMT	2026-09-25T23:21:10+05:30	8ac8b20a1a41c0afe29d5e0991ac08353e8eb858f9d6fd636981e5e7c94f22a8	yes
hegp1	1	https://ncert.nic.in/textbook/pdf/hegp101.pdf	GET	200	2253242	Fri, 15 May 2026 12:26:17 GMT	2026-09-25T23:21:05+05:30	5bff054e99d47c7ef525a5a038f8d7304c7342e7b396752839d832fe431c8b7d	yes
hegp1	2	https://ncert.nic.in/textbook/pdf/hegp102.pdf	GET	200	5533884	Fri, 15 May 2026 12:26:39 GMT	2026-09-25T23:21:09+05:30	400d905fd0cc06dfa66c13947b243a2f102086f91cef8dbb8cf2ac4352647fdc	yes
hegp1	3	https://ncert.nic.in/textbook/pdf/hegp103.pdf	GET	200	7088188	Fri, 15 May 2026 12:27:04 GMT	2026-09-25T23:21:08+05:30	a7ff2708e1a325cd2883b551bfa080116b76a6828be2d0748f436d8c6b2f7e31	yes
hegp1	4	https://ncert.nic.in/textbook/pdf/hegp104.pdf	GET	200	2260046	Fri, 15 May 2026 12:27:28 GMT	2026-09-25T23:21:09+05:30	6e5cc17aad981c1cfd2d494cdbe646a232c66d7e33e3fc9c41795b3eecd9773b	yes
hegp1	5	https://ncert.nic.in/textbook/pdf/hegp105.pdf	GET	200	3266092	Fri, 15 May 2026 12:27:48 GMT	2026-09-25T23:21:17+05:30	be42c7861c9dd363df01c5173635cf4a44de1b7ef98942c0f439a3e45e4a9714	yes
hegp1	6	https://ncert.nic.in/textbook/pdf/hegp106.pdf	GET	200	2132751	Fri, 15 May 2026 12:28:12 GMT	2026-09-25T23:21:10+05:30	e61e89b86b4a13a15b05ef419e140394b0604f243ae9d75e8dc1ff42cd0164a2	yes
hegp1	7	https://ncert.nic.in/textbook/pdf/hegp107.pdf	GET	200	2537413	Fri, 15 May 2026 12:28:36 GMT	2026-09-25T23:21:11+05:30	fa57f58fe2e00e2fda965ff731677b6c98ec2f7d15f7c493761d7e64c78e9655	yes
hegp2	1	https://ncert.nic.in/textbook/pdf/hegp201.pdf	GET	200	9551589	Mon, 29 Dec 2025 11:18:09 GMT	2026-09-25T23:21:12+05:30	86cfb50d292280dd30b5d8a70f62b060fd8496fdb7975e32d4eecbbe8050af37	yes
hegp2	2	https://ncert.nic.in/textbook/pdf/hegp202.pdf	GET	200	8217864	Mon, 29 Dec 2025 11:18:10 GMT	2026-09-25T23:21:16+05:30	c4620bea2d56af50a6b759b34b6754863473c60a453548d0f791db7e1e9bfab6	no
hegp2	3	https://ncert.nic.in/textbook/pdf/hegp203.pdf	GET	200	3752993	Mon, 29 Dec 2025 11:18:10 GMT	2026-09-25T23:21:12+05:30	e863bec516556be8cfaa2c77d5f2ff5f6d0de03bae6f67908310d2563e2ebddc	yes
hegp2	4	https://ncert.nic.in/textbook/pdf/hegp204.pdf	GET	200	12320504	Mon, 29 Dec 2025 11:18:11 GMT	2026-09-25T23:21:15+05:30	7ce5eee54576d367c51d59aea1985a55d8e0eba74434265a76d064b3b54214ef	yes
hegp2	5	https://ncert.nic.in/textbook/pdf/hegp205.pdf	GET	200	11519953	Mon, 29 Dec 2025 11:18:11 GMT	2026-09-25T23:21:21+05:30	73a3818f47e42d5415cc4df82c21b4ade71ebaaea58238f329ce7d94ae451653	yes
hegp2	6	https://ncert.nic.in/textbook/pdf/hegp206.pdf	GET	200	5378116	Mon, 29 Dec 2025 11:18:12 GMT	2026-09-25T23:21:21+05:30	24d0580fb1b50295626bdb9130654b9f8a7ae6e879eeccaa7f7fd8b8b6e80a5b	yes
hegp2	7	https://ncert.nic.in/textbook/pdf/hegp207.pdf	GET	200	3912355	Mon, 29 Dec 2025 11:18:12 GMT	2026-09-25T23:21:16+05:30	a525f2c348fc53cf899189210da1b2a3a0c93e21310ad853bddf3df528e33a24	yes
hees1	1	https://ncert.nic.in/textbook/pdf/hees101.pdf	GET	200	5723202	Mon, 06 Jul 2026 11:40:50 GMT	2026-09-25T23:21:17+05:30	1d97a4fce0ca184956340c2808e76516744fac92aa5a297e24d3ed45aeca434a	yes
hees1	2	https://ncert.nic.in/textbook/pdf/hees102.pdf	HEAD	200	10425083	Mon, 06 Jul 2026 11:40:50 GMT	2026-09-25T23:21:17+05:30		
hees1	3	https://ncert.nic.in/textbook/pdf/hees103.pdf	HEAD	200	5394984	Mon, 06 Jul 2026 11:40:52 GMT	2026-09-25T23:21:17+05:30		
hees1	4	https://ncert.nic.in/textbook/pdf/hees104.pdf	HEAD	200	6218582	Mon, 06 Jul 2026 11:40:52 GMT	2026-09-25T23:21:17+05:30		
hees1	5	https://ncert.nic.in/textbook/pdf/hees105.pdf	HEAD	200	4272852	Mon, 06 Jul 2026 11:40:52 GMT	2026-09-25T23:21:17+05:30		
hees1	6	https://ncert.nic.in/textbook/pdf/hees106.pdf	HEAD	200	3476052	Mon, 06 Jul 2026 11:40:52 GMT	2026-09-25T23:21:17+05:30		
hees1	7	https://ncert.nic.in/textbook/pdf/hees107.pdf	GET	200	8941486	Mon, 06 Jul 2026 11:40:52 GMT	2026-09-25T23:21:20+05:30	b7d79a26372984cee970f802fb383312f42f189a33c746d5b11c9f9be47e4f09	yes
hees2	1	https://ncert.nic.in/textbook/pdf/hees201.pdf	GET	200	8248862	Tue, 21 Jul 2026 09:44:03 GMT	2026-09-25T23:21:20+05:30	68f119b33395c16a5c63819596d46aacadde9a17aec5c4cf978d0b03e85a84a4	yes
hees2	2	https://ncert.nic.in/textbook/pdf/hees202.pdf	HEAD	200	5391964	Tue, 21 Jul 2026 09:44:04 GMT	2026-09-25T23:21:18+05:30		
hees2	3	https://ncert.nic.in/textbook/pdf/hees203.pdf	HEAD	200	9246943	Tue, 21 Jul 2026 09:44:05 GMT	2026-09-25T23:21:18+05:30		
hees2	4	https://ncert.nic.in/textbook/pdf/hees204.pdf	HEAD	200	3466058	Tue, 21 Jul 2026 09:44:06 GMT	2026-09-25T23:21:19+05:30		
hees2	5	https://ncert.nic.in/textbook/pdf/hees205.pdf	HEAD	200	6144187	Tue, 21 Jul 2026 09:44:06 GMT	2026-09-25T23:21:19+05:30		
hees2	6	https://ncert.nic.in/textbook/pdf/hees206.pdf	HEAD	200	4149598	Tue, 21 Jul 2026 09:44:07 GMT	2026-09-25T23:21:20+05:30		
hees2	7	https://ncert.nic.in/textbook/pdf/hees207.pdf	HEAD	200	4767259	Tue, 21 Jul 2026 09:44:08 GMT	2026-09-25T23:21:20+05:30		
hees2	8	https://ncert.nic.in/textbook/pdf/hees208.pdf	GET	200	5823357	Tue, 21 Jul 2026 09:44:09 GMT	2026-09-25T23:21:21+05:30	cfdd8e4a732582926a6e06f6f779b28732a0ae23c8383e3136f4ba612933ff29	yes
hsde1	1	https://ncert.nic.in/textbook/pdf/hsde101.pdf	HEAD	200	6139303	Mon, 24 Aug 2026 05:30:10 GMT	2026-09-25T23:21:20+05:30		
hsde1	2	https://ncert.nic.in/textbook/pdf/hsde102.pdf	HEAD	200	8620088	Mon, 24 Aug 2026 05:30:10 GMT	2026-09-25T23:21:20+05:30		
hsde1	3	https://ncert.nic.in/textbook/pdf/hsde103.pdf	HEAD	200	8219151	Mon, 24 Aug 2026 05:30:12 GMT	2026-09-25T23:21:20+05:30		
hsde1	4	https://ncert.nic.in/textbook/pdf/hsde104.pdf	HEAD	200	8153664	Mon, 24 Aug 2026 05:30:12 GMT	2026-09-25T23:21:21+05:30		
hsde1	5	https://ncert.nic.in/textbook/pdf/hsde105.pdf	HEAD	200	7098153	Mon, 24 Aug 2026 05:30:12 GMT	2026-09-25T23:21:21+05:30		
hsde1	6	https://ncert.nic.in/textbook/pdf/hsde106.pdf	HEAD	200	7749785	Mon, 24 Aug 2026 05:30:14 GMT	2026-09-25T23:21:21+05:30		
hsde1	7	https://ncert.nic.in/textbook/pdf/hsde107.pdf	HEAD	200	5695284	Mon, 24 Aug 2026 05:30:14 GMT	2026-09-25T23:21:21+05:30		
hsde1	8	https://ncert.nic.in/textbook/pdf/hsde108.pdf	HEAD	200	8268633	Mon, 24 Aug 2026 05:30:14 GMT	2026-09-25T23:21:21+05:30		
hsde1	9	https://ncert.nic.in/textbook/pdf/hsde109.pdf	HEAD	200	8745617	Mon, 24 Aug 2026 05:30:16 GMT	2026-09-25T23:21:21+05:30		
hsde1	10	https://ncert.nic.in/textbook/pdf/hsde110.pdf	HEAD	200	10876517	Mon, 24 Aug 2026 05:30:16 GMT	2026-09-25T23:21:21+05:30		
hsde1	11	https://ncert.nic.in/textbook/pdf/hsde111.pdf	HEAD	200	8899223	Mon, 24 Aug 2026 05:30:16 GMT	2026-09-25T23:21:21+05:30		
hsde1	12	https://ncert.nic.in/textbook/pdf/hsde112.pdf	HEAD	200	6032766	Mon, 24 Aug 2026 05:30:16 GMT	2026-09-25T23:21:21+05:30		
hsde1	13	https://ncert.nic.in/textbook/pdf/hsde113.pdf	HEAD	200	7535888	Mon, 24 Aug 2026 05:30:18 GMT	2026-09-25T23:21:21+05:30		
hsde1	14	https://ncert.nic.in/textbook/pdf/hsde114.pdf	HEAD	200	3025706	Mon, 24 Aug 2026 05:30:18 GMT	2026-09-25T23:21:21+05:30		
hsde1	15	https://ncert.nic.in/textbook/pdf/hsde115.pdf	HEAD	200	2531613	Mon, 24 Aug 2026 05:30:18 GMT	2026-09-25T23:21:22+05:30		
hsde1	16	https://ncert.nic.in/textbook/pdf/hsde116.pdf	HEAD	200	2135612	Mon, 24 Aug 2026 05:30:20 GMT	2026-09-25T23:21:22+05:30		
hecu1	1	https://ncert.nic.in/textbook/pdf/hecu101.pdf	GET	200	1697788	Tue, 24 Mar 2026 06:51:20 GMT	2026-09-25T23:21:22+05:30	6880453a226ff6d8a9d690583ec20986444521fa9885e29d481965340158a978	yes
hecu1	2	https://ncert.nic.in/textbook/pdf/hecu102.pdf	GET	200	4249386	Tue, 24 Mar 2026 06:51:20 GMT	2026-09-25T23:21:23+05:30	44e418ea2de5db0c1ff2f17ad2569f1a6152e68d1dd939964dc403280c17148d	yes
hecu1	3	https://ncert.nic.in/textbook/pdf/hecu103.pdf	GET	200	4296386	Tue, 24 Mar 2026 06:51:18 GMT	2026-09-25T23:21:26+05:30	49a37e79e8ba271ecfad48cd6b3303d34bb33cc66c76b2359d2b1554f3e6087c	yes
hecu1	4	https://ncert.nic.in/textbook/pdf/hecu104.pdf	GET	200	3473059	Tue, 24 Mar 2026 06:51:18 GMT	2026-09-25T23:21:24+05:30	ce743fd7c7b46b8cb5bddd311a1ceec0f77ded78a7f30e99876ca560a7d7f6d2	yes
hecu1	5	https://ncert.nic.in/textbook/pdf/hecu105.pdf	GET	200	3623485	Tue, 24 Mar 2026 06:51:18 GMT	2026-09-25T23:21:25+05:30	e9e58080c80e1f6a4b2887ffd8433df875cf18f390d53f26eb8a996b205a8da8	yes
hecu1	6	https://ncert.nic.in/textbook/pdf/hecu106.pdf	GET	200	4528853	Tue, 24 Mar 2026 06:51:16 GMT	2026-09-25T23:21:24+05:30	412b6dd3d2431ad61f85f1f8f1fd3d43d6f617d2ea2e2e2373e792c8d4355383	yes
hecu1	7	https://ncert.nic.in/textbook/pdf/hecu107.pdf	GET	200	4310087	Tue, 24 Mar 2026 06:51:16 GMT	2026-09-25T23:21:26+05:30	36e2285f24c68257565ce80269985747ec4d6274222f2b3a33638f4cdfe92de1	yes
hecu1	8	https://ncert.nic.in/textbook/pdf/hecu108.pdf	GET	200	3401991	Tue, 24 Mar 2026 06:51:16 GMT	2026-09-25T23:21:25+05:30	275edc2c38f72c75862de365a614e59ecc7477434b9075c1796e52a2875a1011	yes
hecu1	9	https://ncert.nic.in/textbook/pdf/hecu109.pdf	GET	200	3366845	Tue, 24 Mar 2026 06:51:14 GMT	2026-09-25T23:21:25+05:30	70bedff48c0bf93db66fd37148ead74ee46a0aab4879b14f02857950011eacc7	yes
hecu1	10	https://ncert.nic.in/textbook/pdf/hecu110.pdf	GET	200	3596854	Tue, 24 Mar 2026 06:51:14 GMT	2026-09-25T23:21:25+05:30	41be07dc5b17b6dfa3d9dd75a65a3a9fdc464dd685f658dd202c6f5ccdc8f73f	yes
hecu1	11	https://ncert.nic.in/textbook/pdf/hecu111.pdf	GET	200	3177304	Tue, 24 Mar 2026 06:51:12 GMT	2026-09-25T23:21:26+05:30	35f46ca4aeb55d895f35803400363efb360454ae006347395b51f08da9cc71eb	yes
hecu1	12	https://ncert.nic.in/textbook/pdf/hecu112.pdf	GET	200	5151891	Tue, 24 Mar 2026 06:51:12 GMT	2026-09-25T23:21:27+05:30	f9d70cc4401b86b28c3d3c2b6c7296636110c28654af4aa318c5f98eb48a3269	yes
hecu1	13	https://ncert.nic.in/textbook/pdf/hecu113.pdf	GET	200	5778779	Tue, 24 Mar 2026 06:51:12 GMT	2026-09-25T23:21:28+05:30	cb06970aeefb4618d3fdd7fb6a1108c06d137f24d563410fdb9d08c5503a9a23	yes
hekr1	1	https://ncert.nic.in/textbook/pdf/hekr101.pdf	GET	200	7991932	Tue, 24 Mar 2026 06:51:10 GMT	2026-09-25T23:21:28+05:30	98a4a5feb5c31b6be5c6dea118d52ee7713f131550e139aeb430e135626db8b8	no
hekr1	2	https://ncert.nic.in/textbook/pdf/hekr102.pdf	HEAD	200	5218273	Tue, 24 Mar 2026 06:51:10 GMT	2026-09-25T23:21:26+05:30		
hekr1	3	https://ncert.nic.in/textbook/pdf/hekr103.pdf	HEAD	200	9685975	Tue, 24 Mar 2026 06:51:08 GMT	2026-09-25T23:21:26+05:30		
hekr1	4	https://ncert.nic.in/textbook/pdf/hekr104.pdf	HEAD	200	4033628	Tue, 24 Mar 2026 06:51:08 GMT	2026-09-25T23:21:27+05:30		
hekr1	5	https://ncert.nic.in/textbook/pdf/hekr105.pdf	HEAD	200	5855408	Tue, 24 Mar 2026 06:51:06 GMT	2026-09-25T23:21:27+05:30		
hekr1	6	https://ncert.nic.in/textbook/pdf/hekr106.pdf	HEAD	200	3341262	Tue, 24 Mar 2026 06:51:06 GMT	2026-09-25T23:21:27+05:30		
hekr1	7	https://ncert.nic.in/textbook/pdf/hekr107.pdf	HEAD	200	3516637	Tue, 24 Mar 2026 06:51:06 GMT	2026-09-25T23:21:27+05:30		
hekr1	8	https://ncert.nic.in/textbook/pdf/hekr108.pdf	HEAD	200	3333657	Tue, 24 Mar 2026 06:51:04 GMT	2026-09-25T23:21:27+05:30		
hekr1	9	https://ncert.nic.in/textbook/pdf/hekr109.pdf	HEAD	200	2634056	Tue, 24 Mar 2026 06:51:04 GMT	2026-09-25T23:21:27+05:30		
hekr1	10	https://ncert.nic.in/textbook/pdf/hekr110.pdf	HEAD	200	11662864	Tue, 24 Mar 2026 06:51:02 GMT	2026-09-25T23:21:27+05:30		
hekr1	11	https://ncert.nic.in/textbook/pdf/hekr111.pdf	HEAD	200	3963276	Tue, 24 Mar 2026 06:51:02 GMT	2026-09-25T23:21:28+05:30		
hekr1	12	https://ncert.nic.in/textbook/pdf/hekr112.pdf	HEAD	200	3536529	Tue, 24 Mar 2026 06:51:00 GMT	2026-09-25T23:21:28+05:30		
hekr1	13	https://ncert.nic.in/textbook/pdf/hekr113.pdf	HEAD	200	2922218	Tue, 24 Mar 2026 06:51:00 GMT	2026-09-25T23:21:28+05:30		
hekr1	14	https://ncert.nic.in/textbook/pdf/hekr114.pdf	HEAD	200	3913199	Tue, 24 Mar 2026 06:51:00 GMT	2026-09-25T23:21:28+05:30		
hekr1	15	https://ncert.nic.in/textbook/pdf/hekr115.pdf	HEAD	200	6215198	Tue, 24 Mar 2026 06:50:58 GMT	2026-09-25T23:21:28+05:30		
hekr1	16	https://ncert.nic.in/textbook/pdf/hekr116.pdf	HEAD	200	3295330	Tue, 24 Mar 2026 06:50:58 GMT	2026-09-25T23:21:28+05:30		
hekr1	17	https://ncert.nic.in/textbook/pdf/hekr117.pdf	HEAD	200	6007815	Tue, 24 Mar 2026 06:50:56 GMT	2026-09-25T23:21:28+05:30		
hekr1	18	https://ncert.nic.in/textbook/pdf/hekr118.pdf	HEAD	200	3991299	Tue, 24 Mar 2026 06:50:56 GMT	2026-09-25T23:21:28+05:30		
hekr1	19	https://ncert.nic.in/textbook/pdf/hekr119.pdf	GET	200	3306200	Tue, 24 Mar 2026 06:50:56 GMT	2026-09-25T23:21:29+05:30	bf03a5c46da05a830b2f866b894b1ca1b9c2d1bb578f38bf9050d9bbef5df8e2	yes
heky1	1	https://ncert.nic.in/textbook/pdf/heky101.pdf	GET	200	182255486	Tue, 24 Mar 2026 06:56:30 GMT	2026-09-25T23:22:58+05:30	7427288b46a539d33d9f61e443d285bc7c006e18b3e0a8560fe2f25ef031378d	yes
heky1	2	https://ncert.nic.in/textbook/pdf/heky102.pdf	HEAD	200	150697186	Tue, 24 Mar 2026 06:56:28 GMT	2026-09-25T23:21:28+05:30		
heky1	3	https://ncert.nic.in/textbook/pdf/heky103.pdf	HEAD	200	83901720	Tue, 24 Mar 2026 06:57:10 GMT	2026-09-25T23:21:28+05:30		
heky1	4	https://ncert.nic.in/textbook/pdf/heky104.pdf	HEAD	200	178286744	Tue, 24 Mar 2026 06:56:28 GMT	2026-09-25T23:21:28+05:30		
heky1	5	https://ncert.nic.in/textbook/pdf/heky105.pdf	HEAD	200	224459870	Tue, 24 Mar 2026 06:56:26 GMT	2026-09-25T23:21:28+05:30		
heky1	6	https://ncert.nic.in/textbook/pdf/heky106.pdf	GET	200	13868360	Fri, 27 Mar 2026 08:31:26 GMT	2026-09-25T23:21:33+05:30	9cd7b9b6994077d5baf76a2be1706872b31d417f71e742920c6e96941db38856	yes
hekb1	1	https://ncert.nic.in/textbook/pdf/hekb101.pdf	GET	200	4791590	Tue, 24 Mar 2026 06:57:06 GMT	2026-09-25T23:21:30+05:30	ad507d62faed21ba636a46e8ec06660868de51c4765519f91d240898d57f8c7b	yes
hekb1	2	https://ncert.nic.in/textbook/pdf/hekb102.pdf	HEAD	200	4700545	Tue, 24 Mar 2026 06:57:06 GMT	2026-09-25T23:21:28+05:30		
hekb1	3	https://ncert.nic.in/textbook/pdf/hekb103.pdf	HEAD	200	5222357	Tue, 24 Mar 2026 06:57:04 GMT	2026-09-25T23:21:28+05:30		
hekb1	4	https://ncert.nic.in/textbook/pdf/hekb104.pdf	HEAD	200	3899755	Tue, 24 Mar 2026 06:57:04 GMT	2026-09-25T23:21:29+05:30		
hekb1	5	https://ncert.nic.in/textbook/pdf/hekb105.pdf	HEAD	200	4109227	Tue, 24 Mar 2026 06:57:00 GMT	2026-09-25T23:21:29+05:30		
hekb1	6	https://ncert.nic.in/textbook/pdf/hekb106.pdf	HEAD	200	4831714	Tue, 24 Mar 2026 06:56:58 GMT	2026-09-25T23:21:29+05:30		
hekb1	7	https://ncert.nic.in/textbook/pdf/hekb107.pdf	GET	200	1035036	Tue, 24 Mar 2026 06:56:58 GMT	2026-09-25T23:21:30+05:30	767cb16ba0dbfc8b7ce56c588af7b2f6d1dd6945ffe6f6287842b02b9ac4a124	yes
hukl1	1	https://ncert.nic.in/textbook/pdf/hukl101.pdf	HEAD	200	7148521	Wed, 23 Jul 2025 11:51:06 GMT	2026-09-25T23:21:29+05:30		
hukl1	2	https://ncert.nic.in/textbook/pdf/hukl102.pdf	HEAD	200	3638766	Wed, 23 Jul 2025 11:51:06 GMT	2026-09-25T23:21:29+05:30		
hukl1	3	https://ncert.nic.in/textbook/pdf/hukl103.pdf	HEAD	200	3474573	Wed, 23 Jul 2025 11:51:06 GMT	2026-09-25T23:21:30+05:30		
hukl1	4	https://ncert.nic.in/textbook/pdf/hukl104.pdf	HEAD	200	2576941	Wed, 23 Jul 2025 11:51:08 GMT	2026-09-25T23:21:30+05:30		
hukl1	5	https://ncert.nic.in/textbook/pdf/hukl105.pdf	HEAD	200	1010503	Wed, 23 Jul 2025 11:51:08 GMT	2026-09-25T23:21:30+05:30		
hukl1	6	https://ncert.nic.in/textbook/pdf/hukl106.pdf	HEAD	200	2842425	Wed, 23 Jul 2025 11:51:08 GMT	2026-09-25T23:21:30+05:30		
hukl1	7	https://ncert.nic.in/textbook/pdf/hukl107.pdf	HEAD	200	3730224	Wed, 23 Jul 2025 11:51:08 GMT	2026-09-25T23:21:30+05:30		
hukl1	8	https://ncert.nic.in/textbook/pdf/hukl108.pdf	HEAD	200	3484426	Wed, 23 Jul 2025 11:51:10 GMT	2026-09-25T23:21:30+05:30		
hukl1	9	https://ncert.nic.in/textbook/pdf/hukl109.pdf	HEAD	200	8742349	Wed, 23 Jul 2025 11:51:10 GMT	2026-09-25T23:21:30+05:30		
hukl1	10	https://ncert.nic.in/textbook/pdf/hukl110.pdf	HEAD	200	1468367	Wed, 23 Jul 2025 11:51:10 GMT	2026-09-25T23:21:30+05:30		
hukl1	11	https://ncert.nic.in/textbook/pdf/hukl111.pdf	HEAD	200	4929874	Wed, 23 Jul 2025 11:51:12 GMT	2026-09-25T23:21:30+05:30		
hukl1	12	https://ncert.nic.in/textbook/pdf/hukl112.pdf	HEAD	200	4190081	Wed, 23 Jul 2025 11:51:12 GMT	2026-09-25T23:21:30+05:30		
hukl1	13	https://ncert.nic.in/textbook/pdf/hukl113.pdf	HEAD	200	2938626	Wed, 23 Jul 2025 11:51:12 GMT	2026-09-25T23:21:30+05:30		
hukl1	14	https://ncert.nic.in/textbook/pdf/hukl114.pdf	HEAD	200	3585777	Wed, 23 Jul 2025 11:51:14 GMT	2026-09-25T23:21:30+05:30		
hukl1	15	https://ncert.nic.in/textbook/pdf/hukl115.pdf	HEAD	200	1665376	Wed, 23 Jul 2025 11:51:14 GMT	2026-09-25T23:21:31+05:30		
hukl1	16	https://ncert.nic.in/textbook/pdf/hukl116.pdf	HEAD	200	2834487	Wed, 23 Jul 2025 11:51:14 GMT	2026-09-25T23:21:31+05:30		
hukl1	17	https://ncert.nic.in/textbook/pdf/hukl117.pdf	HEAD	200	3094185	Wed, 23 Jul 2025 11:51:16 GMT	2026-09-25T23:21:31+05:30		
hukl1	18	https://ncert.nic.in/textbook/pdf/hukl118.pdf	HEAD	200	2891512	Wed, 23 Jul 2025 11:51:16 GMT	2026-09-25T23:21:31+05:30		
hukl1	19	https://ncert.nic.in/textbook/pdf/hukl119.pdf	HEAD	200	1014880	Wed, 23 Jul 2025 11:51:16 GMT	2026-09-25T23:21:31+05:30		
hukl1	20	https://ncert.nic.in/textbook/pdf/hukl120.pdf	HEAD	200	2808677	Wed, 23 Jul 2025 11:51:18 GMT	2026-09-25T23:21:31+05:30		
hukl1	21	https://ncert.nic.in/textbook/pdf/hukl121.pdf	HEAD	200	816385	Wed, 23 Jul 2025 11:51:18 GMT	2026-09-25T23:21:31+05:30		
iebe1	1	https://ncert.nic.in/textbook/pdf/iebe101.pdf	GET	200	4828926	Wed, 22 Apr 2026 13:10:20 GMT	2026-09-25T23:21:32+05:30	49299c57ee26f26387083c15e14b0e0fecda0fbc91080a9ef2e7931263345f6b	yes
iebe1	2	https://ncert.nic.in/textbook/pdf/iebe102.pdf	HEAD	200	4515578	Fri, 21 Aug 2026 05:50:50 GMT	2026-09-25T23:21:31+05:30		
iebe1	3	https://ncert.nic.in/textbook/pdf/iebe103.pdf	HEAD	200	3987773	Wed, 22 Apr 2026 13:10:16 GMT	2026-09-25T23:21:31+05:30		
iebe1	4	https://ncert.nic.in/textbook/pdf/iebe104.pdf	HEAD	200	4701865	Wed, 22 Apr 2026 13:10:14 GMT	2026-09-25T23:21:31+05:30		
iebe1	5	https://ncert.nic.in/textbook/pdf/iebe105.pdf	HEAD	200	3584686	Wed, 22 Apr 2026 13:10:12 GMT	2026-09-25T23:21:32+05:30		
iebe1	6	https://ncert.nic.in/textbook/pdf/iebe106.pdf	HEAD	200	3474066	Wed, 22 Apr 2026 13:10:10 GMT	2026-09-25T23:21:32+05:30		
iebe1	7	https://ncert.nic.in/textbook/pdf/iebe107.pdf	HEAD	200	3627243	Wed, 22 Apr 2026 13:10:06 GMT	2026-09-25T23:21:32+05:30		
iebe1	8	https://ncert.nic.in/textbook/pdf/iebe108.pdf	GET	200	4514440	Wed, 22 Apr 2026 13:10:04 GMT	2026-09-25T23:21:33+05:30	8336a2d385b636c06665a8a91f527e736b7f20a0f5e7fc7446478b57b7d91f63	yes
ihga1	1	https://ncert.nic.in/textbook/pdf/ihga101.pdf	HEAD	200	3825273	Fri, 24 Apr 2026 06:58:56 GMT	2026-09-25T23:21:32+05:30		
ihga1	2	https://ncert.nic.in/textbook/pdf/ihga102.pdf	HEAD	200	2310922	Fri, 24 Apr 2026 06:58:54 GMT	2026-09-25T23:21:32+05:30		
ihga1	3	https://ncert.nic.in/textbook/pdf/ihga103.pdf	HEAD	200	3139305	Fri, 24 Apr 2026 06:58:51 GMT	2026-09-25T23:21:32+05:30		
ihga1	4	https://ncert.nic.in/textbook/pdf/ihga104.pdf	HEAD	200	2806423	Fri, 24 Apr 2026 06:58:49 GMT	2026-09-25T23:21:32+05:30		
ihga1	5	https://ncert.nic.in/textbook/pdf/ihga105.pdf	HEAD	200	2476224	Fri, 24 Apr 2026 06:58:46 GMT	2026-09-25T23:21:32+05:30		
ihga1	6	https://ncert.nic.in/textbook/pdf/ihga106.pdf	HEAD	200	2616778	Fri, 24 Apr 2026 06:58:44 GMT	2026-09-25T23:21:33+05:30		
ihga1	7	https://ncert.nic.in/textbook/pdf/ihga107.pdf	HEAD	200	3833663	Fri, 24 Apr 2026 06:58:42 GMT	2026-09-25T23:21:33+05:30		
ihga1	8	https://ncert.nic.in/textbook/pdf/ihga108.pdf	HEAD	200	2005159	Fri, 24 Apr 2026 06:58:39 GMT	2026-09-25T23:21:33+05:30		
ihga1	9	https://ncert.nic.in/textbook/pdf/ihga109.pdf	HEAD	200	2019202	Fri, 24 Apr 2026 06:58:36 GMT	2026-09-25T23:21:33+05:30		
ihga1	10	https://ncert.nic.in/textbook/pdf/ihga110.pdf	HEAD	200	1999899	Fri, 24 Apr 2026 06:58:34 GMT	2026-09-25T23:21:33+05:30		
ihga1	11	https://ncert.nic.in/textbook/pdf/ihga111.pdf	HEAD	200	3449817	Fri, 24 Apr 2026 06:58:31 GMT	2026-09-25T23:21:33+05:30		
ihga1	12	https://ncert.nic.in/textbook/pdf/ihga112.pdf	HEAD	200	2271257	Fri, 24 Apr 2026 06:58:28 GMT	2026-09-25T23:21:33+05:30		
ihsh1	1	https://ncert.nic.in/textbook/pdf/ihsh101.pdf	HEAD	200	11915114	Mon, 17 Aug 2026 09:46:20 GMT	2026-09-25T23:21:33+05:30		
ihsh1	2	https://ncert.nic.in/textbook/pdf/ihsh102.pdf	HEAD	200	15170715	Mon, 17 Aug 2026 09:46:22 GMT	2026-09-25T23:21:33+05:30		
ihsh1	3	https://ncert.nic.in/textbook/pdf/ihsh103.pdf	HEAD	200	21044223	Mon, 17 Aug 2026 09:46:16 GMT	2026-09-25T23:21:33+05:30		
ihsh1	4	https://ncert.nic.in/textbook/pdf/ihsh104.pdf	HEAD	200	21152224	Mon, 17 Aug 2026 09:46:24 GMT	2026-09-25T23:21:33+05:30		
ihsh1	5	https://ncert.nic.in/textbook/pdf/ihsh105.pdf	HEAD	200	11605059	Mon, 17 Aug 2026 09:46:26 GMT	2026-09-25T23:21:33+05:30		
ihsh1	6	https://ncert.nic.in/textbook/pdf/ihsh106.pdf	HEAD	200	20513082	Mon, 17 Aug 2026 09:46:28 GMT	2026-09-25T23:21:33+05:30		
ihsh1	7	https://ncert.nic.in/textbook/pdf/ihsh107.pdf	HEAD	200	16011897	Mon, 17 Aug 2026 09:46:30 GMT	2026-09-25T23:21:33+05:30		
ihsh1	8	https://ncert.nic.in/textbook/pdf/ihsh108.pdf	HEAD	200	14269375	Mon, 17 Aug 2026 09:46:32 GMT	2026-09-25T23:21:33+05:30		
ihsh1	9	https://ncert.nic.in/textbook/pdf/ihsh109.pdf	HEAD	200	19242350	Mon, 17 Aug 2026 09:46:36 GMT	2026-09-25T23:21:33+05:30		
ihsh1	10	https://ncert.nic.in/textbook/pdf/ihsh110.pdf	HEAD	200	15997042	Mon, 17 Aug 2026 09:46:38 GMT	2026-09-25T23:21:33+05:30		
ihsh1	11	https://ncert.nic.in/textbook/pdf/ihsh111.pdf	HEAD	200	12483865	Mon, 17 Aug 2026 09:46:38 GMT	2026-09-25T23:21:33+05:30		
ihsh1	12	https://ncert.nic.in/textbook/pdf/ihsh112.pdf	HEAD	200	6495817	Mon, 17 Aug 2026 09:46:40 GMT	2026-09-25T23:21:34+05:30		
ihsh1	13	https://ncert.nic.in/textbook/pdf/ihsh113.pdf	HEAD	200	6839751	Mon, 17 Aug 2026 09:46:42 GMT	2026-09-25T23:21:34+05:30		
ihsh1	14	https://ncert.nic.in/textbook/pdf/ihsh114.pdf	HEAD	200	6469063	Mon, 17 Aug 2026 09:46:44 GMT	2026-09-25T23:21:34+05:30		
ihsh1	15	https://ncert.nic.in/textbook/pdf/ihsh115.pdf	HEAD	200	7002311	Mon, 17 Aug 2026 09:46:46 GMT	2026-09-25T23:21:34+05:30		
ihsh1	16	https://ncert.nic.in/textbook/pdf/ihsh116.pdf	HEAD	200	9280585	Mon, 17 Aug 2026 09:46:46 GMT	2026-09-25T23:21:34+05:30		
isanskritr21	1	https://ncert.nic.in/textbook/pdf/isanskritr2101.pdf	HEAD	200	17327841	Fri, 07 Aug 2026 11:49:58 GMT	2026-09-25T23:21:34+05:30		
isanskritr21	2	https://ncert.nic.in/textbook/pdf/isanskritr2102.pdf	HEAD	200	32830663	Fri, 07 Aug 2026 11:49:54 GMT	2026-09-25T23:21:34+05:30		
isanskritr21	3	https://ncert.nic.in/textbook/pdf/isanskritr2103.pdf	HEAD	200	19979221	Fri, 07 Aug 2026 11:50:00 GMT	2026-09-25T23:21:34+05:30		
isanskritr21	4	https://ncert.nic.in/textbook/pdf/isanskritr2104.pdf	HEAD	200	19480330	Fri, 07 Aug 2026 11:50:04 GMT	2026-09-25T23:21:34+05:30		
isanskritr21	5	https://ncert.nic.in/textbook/pdf/isanskritr2105.pdf	HEAD	200	24818148	Fri, 07 Aug 2026 11:50:06 GMT	2026-09-25T23:21:34+05:30		
isanskritr21	6	https://ncert.nic.in/textbook/pdf/isanskritr2106.pdf	HEAD	200	23615368	Fri, 07 Aug 2026 11:50:08 GMT	2026-09-25T23:21:34+05:30		
isanskritr21	7	https://ncert.nic.in/textbook/pdf/isanskritr2107.pdf	HEAD	200	20162231	Fri, 07 Aug 2026 11:50:10 GMT	2026-09-25T23:21:34+05:30		
isanskritr21	8	https://ncert.nic.in/textbook/pdf/isanskritr2108.pdf	HEAD	200	25168210	Fri, 07 Aug 2026 11:50:14 GMT	2026-09-25T23:21:34+05:30		
isanskritr21	9	https://ncert.nic.in/textbook/pdf/isanskritr2109.pdf	HEAD	200	17738856	Fri, 07 Aug 2026 11:50:16 GMT	2026-09-25T23:21:34+05:30		
isanskritr21	10	https://ncert.nic.in/textbook/pdf/isanskritr2110.pdf	HEAD	200	25784946	Fri, 07 Aug 2026 11:56:22 GMT	2026-09-25T23:21:34+05:30		
iemh1	1	https://ncert.nic.in/textbook/pdf/iemh101.pdf	GET	200	1497655	Wed, 22 Apr 2026 13:16:44 GMT	2026-09-25T23:21:35+05:30	bd5267d4f51e3ef2c091d3dfe70feffa717e5c2ca3fa010aef0f5bb36e8801e7	yes
iemh1	2	https://ncert.nic.in/textbook/pdf/iemh102.pdf	GET	200	2875060	Wed, 22 Apr 2026 13:16:40 GMT	2026-09-25T23:21:35+05:30	dbc30792858fa1858d248e4802977cb794b537c1a49f166e2777ea37baf57b02	yes
iemh1	3	https://ncert.nic.in/textbook/pdf/iemh103.pdf	GET	200	2489935	Wed, 22 Apr 2026 13:16:38 GMT	2026-09-25T23:21:35+05:30	f1b291650c2139f101ef623f124aa7bc4ed654771c9c557334089f08acc697a9	yes
iemh1	4	https://ncert.nic.in/textbook/pdf/iemh104.pdf	GET	200	2254660	Wed, 22 Apr 2026 13:16:36 GMT	2026-09-25T23:21:35+05:30	c18321e78f4da53ccc2e587a143597678ce0e48f0d7bd31d3a8794684ac1d70e	yes
iemh1	5	https://ncert.nic.in/textbook/pdf/iemh105.pdf	GET	200	2191396	Wed, 22 Apr 2026 13:16:34 GMT	2026-09-25T23:21:36+05:30	f35918e40c5d5ca72b1a9499081ab65a46bddbb625d0188a4597fdca9db71393	yes
iemh1	6	https://ncert.nic.in/textbook/pdf/iemh106.pdf	GET	200	3325755	Wed, 22 Apr 2026 13:16:30 GMT	2026-09-25T23:21:36+05:30	82afd11834306e742e8c33c8f2b6cb85f346372675e76bec906a857175503a54	yes
iemh1	7	https://ncert.nic.in/textbook/pdf/iemh107.pdf	GET	200	1799139	Wed, 22 Apr 2026 13:16:28 GMT	2026-09-25T23:21:36+05:30	1093d94c576a695b1fbc6c04d7e2b98001d67340b54ec5ca5c993df4b5698444	yes
iemh1	8	https://ncert.nic.in/textbook/pdf/iemh108.pdf	GET	200	2726466	Wed, 22 Apr 2026 13:16:26 GMT	2026-09-25T23:21:37+05:30	71fa97928a2aeff91b97f5ac3bc9b8efea2a31b186dffcc9a62029932b355d92	yes
iesc1	1	https://ncert.nic.in/textbook/pdf/iesc101.pdf	GET	200	3601705	Wed, 13 May 2026 05:17:03 GMT	2026-09-25T23:21:38+05:30	dc82ff62186838191296abe19bfef785749ca11f9a7f58d06357043a82702e44	yes
iesc1	2	https://ncert.nic.in/textbook/pdf/iesc102.pdf	GET	200	11024748	Wed, 13 May 2026 05:16:59 GMT	2026-09-25T23:21:40+05:30	f50bf0b4d8a7fb0c7b9adffd335acd0d29d807336c0e011cce0ce898aac22a5c	yes
iesc1	3	https://ncert.nic.in/textbook/pdf/iesc103.pdf	GET	200	13793111	Wed, 13 May 2026 05:16:51 GMT	2026-09-25T23:21:47+05:30	a0d1f9b22e6bf084e6ce89d98fa60ec92b956a6f26f3cfdfe2354003d04192fe	yes
iesc1	4	https://ncert.nic.in/textbook/pdf/iesc104.pdf	GET	200	7393239	Wed, 13 May 2026 05:16:42 GMT	2026-09-25T23:21:41+05:30	9a9299f272e2e760b7b58e4ecbf697fd65e51ab0fe181d55c0aff8ce4d19e8a4	yes
iesc1	5	https://ncert.nic.in/textbook/pdf/iesc105.pdf	GET	200	11737442	Wed, 13 May 2026 05:16:40 GMT	2026-09-25T23:21:42+05:30	aad4f4a0a9bcfd429f95454daebaba1ecd10c3e73ce2595250120af60b74b396	yes
iesc1	6	https://ncert.nic.in/textbook/pdf/iesc106.pdf	GET	200	7413450	Wed, 13 May 2026 05:16:38 GMT	2026-09-25T23:21:43+05:30	29b329c7508ffa12ef5114ebe0c9f5602414981aacb7075de37a7869c12351b9	yes
iesc1	7	https://ncert.nic.in/textbook/pdf/iesc107.pdf	GET	200	7711075	Wed, 13 May 2026 05:16:35 GMT	2026-09-25T23:21:43+05:30	90171eb6b71ddb64de9fc33bbd813dc483a7a284d0a063134edb14ea3567bf38	yes
iesc1	8	https://ncert.nic.in/textbook/pdf/iesc108.pdf	GET	200	5780286	Wed, 13 May 2026 05:16:33 GMT	2026-09-25T23:21:47+05:30	b400e01b4d4f045c97c2bfee4508cc1dd1d1f43fa455dc0758e6f21b42d10124	yes
iesc1	9	https://ncert.nic.in/textbook/pdf/iesc109.pdf	GET	200	6766201	Wed, 13 May 2026 05:16:28 GMT	2026-09-25T23:21:44+05:30	d588c71178ea87439e9bce3234dadde876c9b54b71587cf4b1b367860c289d57	yes
iesc1	10	https://ncert.nic.in/textbook/pdf/iesc110.pdf	GET	200	14325226	Wed, 13 May 2026 05:16:25 GMT	2026-09-25T23:21:57+05:30	0ac97e4f2c0a983147f3d5a4e34df5f776f26de88fa8f4ec4e4eda2272e5f49e	yes
iesc1	11	https://ncert.nic.in/textbook/pdf/iesc111.pdf	GET	200	10808712	Wed, 13 May 2026 05:16:22 GMT	2026-09-25T23:21:58+05:30	e00c130dbb0b415c435ffc1be89da297057c4a5a5b01d04c4773440d7ca1748d	yes
iesc1	12	https://ncert.nic.in/textbook/pdf/iesc112.pdf	GET	200	15495811	Wed, 13 May 2026 05:16:13 GMT	2026-09-25T23:21:47+05:30	c3cfe38c7345eb1a9062a9f4d79b236a51b15eba07fb42005e9f4b427402120a	yes
iesc1	13	https://ncert.nic.in/textbook/pdf/iesc113.pdf	GET	200	15306165	Wed, 13 May 2026 05:16:10 GMT	2026-09-25T23:21:50+05:30	c690fbd95e16f6e82f386f8e543114ee61954a829d2e58476850d6f5fb067723	yes
iest1	1	https://ncert.nic.in/textbook/pdf/iest101.pdf	GET	200	2124125	Sat, 18 Jul 2026 09:48:12 GMT	2026-09-25T23:21:49+05:30	b2f6bcdfa113a2aa22b83566c7c10d7675272345bb8e8ee87329ec620e20788b	yes
iest1	2	https://ncert.nic.in/textbook/pdf/iest102.pdf	HEAD	200	21129721	Sat, 18 Jul 2026 09:48:16 GMT	2026-09-25T23:21:48+05:30		
iest1	3	https://ncert.nic.in/textbook/pdf/iest103.pdf	HEAD	200	15986941	Sat, 18 Jul 2026 09:48:20 GMT	2026-09-25T23:21:48+05:30		
iest1	4	https://ncert.nic.in/textbook/pdf/iest104.pdf	HEAD	200	8837251	Sat, 18 Jul 2026 09:48:20 GMT	2026-09-25T23:21:49+05:30		
iest1	5	https://ncert.nic.in/textbook/pdf/iest105.pdf	HEAD	200	6124480	Sat, 18 Jul 2026 09:48:22 GMT	2026-09-25T23:21:49+05:30		
iest1	6	https://ncert.nic.in/textbook/pdf/iest106.pdf	HEAD	200	2529682	Sat, 18 Jul 2026 09:48:22 GMT	2026-09-25T23:21:49+05:30		
iest1	7	https://ncert.nic.in/textbook/pdf/iest107.pdf	HEAD	200	2741125	Sat, 18 Jul 2026 09:48:22 GMT	2026-09-25T23:21:50+05:30		
iest1	8	https://ncert.nic.in/textbook/pdf/iest108.pdf	HEAD	200	1540875	Sat, 18 Jul 2026 09:48:22 GMT	2026-09-25T23:21:50+05:30		
iest1	9	https://ncert.nic.in/textbook/pdf/iest109.pdf	GET	200	7568176	Sat, 18 Jul 2026 09:48:24 GMT	2026-09-25T23:21:52+05:30	09a5428e5111d8e9443ee35157ad352be40fa7a8fcabd04b78fd2095534b4ef4	yes
iemr1	1	https://ncert.nic.in/textbook/pdf/iemr101.pdf	GET	200	9023677	Tue, 16 Jun 2026 03:30:37 GMT	2026-09-25T23:21:53+05:30	80cd5e07c57e955af4e1fc98b3cd229a674ce76bbdf2c8b25bb850f3f87c9df5	no
iemr1	2	https://ncert.nic.in/textbook/pdf/iemr102.pdf	HEAD	200	2260725	Tue, 16 Jun 2026 03:30:37 GMT	2026-09-25T23:21:50+05:30		
iemr1	3	https://ncert.nic.in/textbook/pdf/iemr103.pdf	HEAD	200	1765989	Tue, 16 Jun 2026 03:30:36 GMT	2026-09-25T23:21:51+05:30		
iemr1	4	https://ncert.nic.in/textbook/pdf/iemr104.pdf	HEAD	200	2024782	Tue, 16 Jun 2026 03:30:35 GMT	2026-09-25T23:21:51+05:30		
iemr1	5	https://ncert.nic.in/textbook/pdf/iemr105.pdf	HEAD	200	2484829	Tue, 16 Jun 2026 03:30:34 GMT	2026-09-25T23:21:52+05:30		
iemr1	6	https://ncert.nic.in/textbook/pdf/iemr106.pdf	HEAD	200	3256178	Tue, 16 Jun 2026 03:30:34 GMT	2026-09-25T23:21:52+05:30		
iemr1	7	https://ncert.nic.in/textbook/pdf/iemr107.pdf	HEAD	200	1580012	Tue, 16 Jun 2026 03:30:33 GMT	2026-09-25T23:21:52+05:30		
iemr1	8	https://ncert.nic.in/textbook/pdf/iemr108.pdf	HEAD	200	2440694	Tue, 16 Jun 2026 03:30:33 GMT	2026-09-25T23:21:53+05:30		
iemr1	9	https://ncert.nic.in/textbook/pdf/iemr109.pdf	HEAD	200	1931434	Tue, 16 Jun 2026 03:30:32 GMT	2026-09-25T23:21:53+05:30		
iemr1	10	https://ncert.nic.in/textbook/pdf/iemr110.pdf	HEAD	200	3816855	Tue, 16 Jun 2026 03:30:32 GMT	2026-09-25T23:21:53+05:30		
iemr1	11	https://ncert.nic.in/textbook/pdf/iemr111.pdf	HEAD	200	1549873	Tue, 16 Jun 2026 03:30:31 GMT	2026-09-25T23:21:53+05:30		
iemr1	12	https://ncert.nic.in/textbook/pdf/iemr112.pdf	HEAD	200	1817722	Tue, 16 Jun 2026 03:30:31 GMT	2026-09-25T23:21:53+05:30		
iemr1	13	https://ncert.nic.in/textbook/pdf/iemr113.pdf	HEAD	200	1909251	Tue, 16 Jun 2026 03:30:30 GMT	2026-09-25T23:21:53+05:30		
iemr1	14	https://ncert.nic.in/textbook/pdf/iemr114.pdf	HEAD	200	2263011	Tue, 16 Jun 2026 03:30:29 GMT	2026-09-25T23:21:53+05:30		
iemr1	15	https://ncert.nic.in/textbook/pdf/iemr115.pdf	HEAD	200	3748406	Tue, 16 Jun 2026 03:30:29 GMT	2026-09-25T23:21:53+05:30		
iemr1	16	https://ncert.nic.in/textbook/pdf/iemr116.pdf	HEAD	200	1705832	Tue, 16 Jun 2026 03:30:28 GMT	2026-09-25T23:21:53+05:30		
iemr1	17	https://ncert.nic.in/textbook/pdf/iemr117.pdf	GET	200	1231216	Tue, 16 Jun 2026 04:42:14 GMT	2026-09-25T23:21:54+05:30	3f2badbadaa365262da59f7862e77761ac99a4d353b7032c76f3c49e7126dded	yes
iuju1	1	https://ncert.nic.in/textbook/pdf/iuju101.pdf	HEAD	200	11668398	Fri, 24 Apr 2026 07:01:29 GMT	2026-09-25T23:21:53+05:30		
iuju1	2	https://ncert.nic.in/textbook/pdf/iuju102.pdf	HEAD	200	10666640	Fri, 24 Apr 2026 07:01:26 GMT	2026-09-25T23:21:53+05:30		
iuju1	3	https://ncert.nic.in/textbook/pdf/iuju103.pdf	HEAD	200	10056956	Fri, 24 Apr 2026 07:01:24 GMT	2026-09-25T23:21:54+05:30		
iuju1	4	https://ncert.nic.in/textbook/pdf/iuju104.pdf	HEAD	200	10074217	Fri, 24 Apr 2026 07:01:21 GMT	2026-09-25T23:21:54+05:30		
iuju1	5	https://ncert.nic.in/textbook/pdf/iuju105.pdf	HEAD	200	2773387	Fri, 24 Apr 2026 07:01:19 GMT	2026-09-25T23:21:54+05:30		
iuju1	6	https://ncert.nic.in/textbook/pdf/iuju106.pdf	HEAD	200	9986832	Fri, 24 Apr 2026 07:01:17 GMT	2026-09-25T23:21:54+05:30		
iuju1	7	https://ncert.nic.in/textbook/pdf/iuju107.pdf	HEAD	200	9188636	Fri, 24 Apr 2026 07:01:15 GMT	2026-09-25T23:21:54+05:30		
iuju1	8	https://ncert.nic.in/textbook/pdf/iuju108.pdf	HEAD	200	9045625	Fri, 24 Apr 2026 07:01:13 GMT	2026-09-25T23:21:54+05:30		
iuju1	9	https://ncert.nic.in/textbook/pdf/iuju109.pdf	HEAD	200	9659724	Fri, 24 Apr 2026 07:01:11 GMT	2026-09-25T23:21:54+05:30		
iuju1	10	https://ncert.nic.in/textbook/pdf/iuju110.pdf	HEAD	200	9122716	Fri, 24 Apr 2026 07:01:08 GMT	2026-09-25T23:21:54+05:30		
iuju1	11	https://ncert.nic.in/textbook/pdf/iuju111.pdf	HEAD	200	7898053	Fri, 24 Apr 2026 07:01:06 GMT	2026-09-25T23:21:54+05:30		
iuju1	12	https://ncert.nic.in/textbook/pdf/iuju112.pdf	HEAD	200	9087946	Fri, 24 Apr 2026 07:01:03 GMT	2026-09-25T23:21:54+05:30		
iuju1	13	https://ncert.nic.in/textbook/pdf/iuju113.pdf	HEAD	200	9040836	Fri, 24 Apr 2026 07:01:00 GMT	2026-09-25T23:21:54+05:30		
iuju1	14	https://ncert.nic.in/textbook/pdf/iuju114.pdf	HEAD	200	10451501	Fri, 24 Apr 2026 07:00:57 GMT	2026-09-25T23:21:54+05:30		
iuju1	15	https://ncert.nic.in/textbook/pdf/iuju115.pdf	HEAD	200	4046704	Fri, 24 Apr 2026 07:00:54 GMT	2026-09-25T23:21:54+05:30		
iehp1	1	https://ncert.nic.in/textbook/pdf/iehp101.pdf	GET	200	11114223	Mon, 11 May 2026 09:33:52 GMT	2026-09-25T23:21:58+05:30	ed778773e48afbec963ec2cb607d22bab1e912a771787627c7fc0e93e90877c6	yes
iehp1	2	https://ncert.nic.in/textbook/pdf/iehp102.pdf	HEAD	200	10022190	Mon, 11 May 2026 09:33:50 GMT	2026-09-25T23:21:55+05:30		
iehp1	3	https://ncert.nic.in/textbook/pdf/iehp103.pdf	HEAD	200	3891012	Mon, 11 May 2026 09:33:48 GMT	2026-09-25T23:21:55+05:30		
iehp1	4	https://ncert.nic.in/textbook/pdf/iehp104.pdf	HEAD	200	6828378	Mon, 11 May 2026 09:33:46 GMT	2026-09-25T23:21:55+05:30		
iehp1	5	https://ncert.nic.in/textbook/pdf/iehp105.pdf	HEAD	200	3314851	Mon, 11 May 2026 09:33:44 GMT	2026-09-25T23:21:55+05:30		
iehp1	6	https://ncert.nic.in/textbook/pdf/iehp106.pdf	GET	200	9826486	Mon, 11 May 2026 09:33:42 GMT	2026-09-25T23:21:58+05:30	0c2ce90831be9bfa5c36ca50594da351c9bb68814fb92c102994de632664d5c0	yes
iekv1	1	https://ncert.nic.in/textbook/pdf/iekv101.pdf	GET	200	3131548	Wed, 13 May 2026 05:31:59 GMT	2026-09-25T23:21:57+05:30	a06cb0008514a19b673e54c15b038723647d00516cafa198e20cefb7c7c305fa	no
iekv1	2	https://ncert.nic.in/textbook/pdf/iekv102.pdf	HEAD	200	2878394	Wed, 13 May 2026 05:31:54 GMT	2026-09-25T23:21:58+05:30		
iekv1	3	https://ncert.nic.in/textbook/pdf/iekv103.pdf	HEAD	200	3087746	Wed, 13 May 2026 05:31:47 GMT	2026-09-25T23:21:58+05:30		
iekv1	4	https://ncert.nic.in/textbook/pdf/iekv104.pdf	HEAD	200	1344429	Wed, 13 May 2026 05:31:43 GMT	2026-09-25T23:21:58+05:30		
iekv1	5	https://ncert.nic.in/textbook/pdf/iekv105.pdf	HEAD	200	3884070	Wed, 13 May 2026 05:31:37 GMT	2026-09-25T23:21:58+05:30		
iekv1	6	https://ncert.nic.in/textbook/pdf/iekv106.pdf	HEAD	200	3166575	Wed, 13 May 2026 05:29:42 GMT	2026-09-25T23:21:58+05:30		
iekv1	7	https://ncert.nic.in/textbook/pdf/iekv107.pdf	HEAD	200	3684631	Wed, 13 May 2026 05:29:32 GMT	2026-09-25T23:21:58+05:30		
iekv1	8	https://ncert.nic.in/textbook/pdf/iekv108.pdf	HEAD	200	1216140	Wed, 13 May 2026 05:29:27 GMT	2026-09-25T23:21:58+05:30		
iekv1	9	https://ncert.nic.in/textbook/pdf/iekv109.pdf	HEAD	200	3905771	Wed, 13 May 2026 05:29:14 GMT	2026-09-25T23:21:58+05:30		
iekv1	10	https://ncert.nic.in/textbook/pdf/iekv110.pdf	HEAD	200	3483802	Wed, 13 May 2026 05:29:04 GMT	2026-09-25T23:21:58+05:30		
iekv1	11	https://ncert.nic.in/textbook/pdf/iekv111.pdf	HEAD	200	3344471	Wed, 13 May 2026 05:28:58 GMT	2026-09-25T23:21:58+05:30		
iekv1	12	https://ncert.nic.in/textbook/pdf/iekv112.pdf	GET	200	1623974	Wed, 13 May 2026 05:28:49 GMT	2026-09-25T23:21:59+05:30	420b0d4a0cd6a37ba4dcbd91828b58e81014e220717c18b23d5c4bf5138c9880	yes
jemh1	1	https://ncert.nic.in/textbook/pdf/jemh101.pdf	GET	200	1534149	Tue, 24 Mar 2026 06:30:40 GMT	2026-09-25T23:22:00+05:30	bd6466e8e7d437af89d7e640ff8381e68b57f91bf56cd4ce345ca031091d748f	yes
jemh1	2	https://ncert.nic.in/textbook/pdf/jemh102.pdf	GET	200	1686285	Tue, 24 Mar 2026 06:30:40 GMT	2026-09-25T23:22:00+05:30	f040ca888111fc005d6c1ed4153bbaddaeb3d001272b7a952e2421bb3190250d	yes
jemh1	3	https://ncert.nic.in/textbook/pdf/jemh103.pdf	GET	200	2084232	Tue, 24 Mar 2026 06:30:40 GMT	2026-09-25T23:22:01+05:30	d04ef69d830a97243be9bd1cab0aa82399056f0f4a621bb71bbe97ecd1dfa147	yes
jemh1	4	https://ncert.nic.in/textbook/pdf/jemh104.pdf	GET	200	1499207	Tue, 24 Mar 2026 06:30:41 GMT	2026-09-25T23:22:01+05:30	9aca4b28ad57ae78a5e69ce67d19344c44b1390c5b8afd13db83b46ad54e8e9d	yes
jemh1	5	https://ncert.nic.in/textbook/pdf/jemh105.pdf	GET	200	2357823	Tue, 24 Mar 2026 06:30:41 GMT	2026-09-25T23:22:00+05:30	1367857e5cd3206b1862655d17bf31778e6af768821d8dfc8c71d3ea0e19274c	yes
jemh1	6	https://ncert.nic.in/textbook/pdf/jemh106.pdf	GET	200	2799087	Tue, 24 Mar 2026 06:30:41 GMT	2026-09-25T23:22:01+05:30	028a1243ccd005e952fca0f9c498be86cd526b74deb0bc6cd5147e15eef12f58	yes
jemh1	7	https://ncert.nic.in/textbook/pdf/jemh107.pdf	GET	200	2152902	Tue, 24 Mar 2026 06:30:41 GMT	2026-09-25T23:22:01+05:30	ca7a4c2071221ddad13eca8c3bf2deba6be2f21b2a47b07f10443131bad53f04	yes
jemh1	8	https://ncert.nic.in/textbook/pdf/jemh108.pdf	GET	200	2230227	Tue, 24 Mar 2026 06:30:42 GMT	2026-09-25T23:22:04+05:30	5a4033fd2ab3fbb245f783a3e2c24fb5c31a00ae7fa7b9a7212633d11e06d2ac	yes
jemh1	9	https://ncert.nic.in/textbook/pdf/jemh109.pdf	GET	200	1838085	Tue, 24 Mar 2026 06:30:42 GMT	2026-09-25T23:22:01+05:30	89c6c125039bfb8c7708b6bc5a27321021de629d4a1608f7f94812a96698f63f	yes
jemh1	10	https://ncert.nic.in/textbook/pdf/jemh110.pdf	GET	200	1366412	Tue, 24 Mar 2026 06:30:42 GMT	2026-09-25T23:22:01+05:30	aef0ee7e58d4ec4dc043e943843da7981b4b782483b7b8b8bcdd08657bad1ae3	yes
jemh1	11	https://ncert.nic.in/textbook/pdf/jemh111.pdf	GET	200	1310079	Tue, 24 Mar 2026 06:30:42 GMT	2026-09-25T23:22:02+05:30	1c73d7750139b63e98acf3682a7cae1a9bd163ed40d8e90e2199ab72e99c73b1	yes
jemh1	12	https://ncert.nic.in/textbook/pdf/jemh112.pdf	GET	200	1620005	Tue, 24 Mar 2026 06:30:42 GMT	2026-09-25T23:22:02+05:30	5108400be07a99d6df322df607b90d51ba841f8a060276d05f9e75accc2b8be9	yes
jemh1	13	https://ncert.nic.in/textbook/pdf/jemh113.pdf	GET	200	2803743	Tue, 24 Mar 2026 06:30:43 GMT	2026-09-25T23:22:05+05:30	18815e1f62dfd05048e7539a2444007409b3d20b6dc62a57f69702f236511929	yes
jemh1	14	https://ncert.nic.in/textbook/pdf/jemh114.pdf	GET	200	1847788	Tue, 24 Mar 2026 06:30:43 GMT	2026-09-25T23:22:06+05:30	d5f516dc7109fe926ae7388aac3f4b87a776e41098fc517baec0eec000528d11	yes
jesc1	1	https://ncert.nic.in/textbook/pdf/jesc101.pdf	GET	200	4161216	Tue, 24 Mar 2026 06:30:47 GMT	2026-09-25T23:22:04+05:30	9d58fa614b2d1064f4ef13423eaf85155b0efc5e74bdf3e8c5e6f15f1b742d36	yes
jesc1	2	https://ncert.nic.in/textbook/pdf/jesc102.pdf	GET	200	3958510	Tue, 24 Mar 2026 06:30:48 GMT	2026-09-25T23:22:04+05:30	8ce001e9cd1ab5f842064d1f332d4a64e010c37d5e5e29664bacd9da526f7340	yes
jesc1	3	https://ncert.nic.in/textbook/pdf/jesc103.pdf	GET	200	2891263	Tue, 24 Mar 2026 06:30:48 GMT	2026-09-25T23:22:05+05:30	cda8ac2d0dfd62366bc8949b901df3f28128137b7e0971968f7568dccb715117	yes
jesc1	4	https://ncert.nic.in/textbook/pdf/jesc104.pdf	GET	200	12420418	Tue, 24 Mar 2026 06:30:51 GMT	2026-09-25T23:22:07+05:30	efbb053ea8cedf29bc6891834613fdbcc17772e369f6b35405f3bb4701c41abe	yes
jesc1	5	https://ncert.nic.in/textbook/pdf/jesc105.pdf	GET	200	9022079	Tue, 24 Mar 2026 06:30:52 GMT	2026-09-25T23:22:08+05:30	685ec7228afeb79d7bc9b989648e381e5eb4b5a6d290d6a13374489c9284054f	yes
jesc1	6	https://ncert.nic.in/textbook/pdf/jesc106.pdf	GET	200	2378288	Tue, 24 Mar 2026 06:30:53 GMT	2026-09-25T23:22:07+05:30	bf4ddfa158e117a71a32b2f19c8fcd87140ef325e8672faad5d4a599d36ea913	yes
jesc1	7	https://ncert.nic.in/textbook/pdf/jesc107.pdf	GET	200	4057580	Tue, 24 Mar 2026 06:30:53 GMT	2026-09-25T23:22:12+05:30	575cb5a50b488a46715e500d4cbeaf3b687bf01f9da7989c928d35f1a3a88ec0	yes
jesc1	8	https://ncert.nic.in/textbook/pdf/jesc108.pdf	GET	200	18120968	Tue, 24 Mar 2026 06:30:58 GMT	2026-09-25T23:22:11+05:30	b0357c0bcc860190c9d3dccc7c91ee31a65012442e795be5bc00cd9f621bff5b	yes
jesc1	9	https://ncert.nic.in/textbook/pdf/jesc109.pdf	GET	200	2745224	Tue, 24 Mar 2026 06:30:58 GMT	2026-09-25T23:22:08+05:30	a647d66cd9dd9e767c1fea57baac3a7aeaf9cb7461f87dc3f619e6fee8947497	yes
jesc1	10	https://ncert.nic.in/textbook/pdf/jesc110.pdf	GET	200	1725226	Tue, 24 Mar 2026 06:30:58 GMT	2026-09-25T23:22:09+05:30	c8ed49fa55eedeb9ee5d5fbfa6d02061adb94075e94a32ca9bd16f4caf67c423	yes
jesc1	11	https://ncert.nic.in/textbook/pdf/jesc111.pdf	GET	200	2595813	Tue, 24 Mar 2026 06:30:58 GMT	2026-09-25T23:22:09+05:30	640a680a24070d4add6d580d03d5377768ee5a6b4f89f9bfb66b350d457ab52f	yes
jesc1	12	https://ncert.nic.in/textbook/pdf/jesc112.pdf	GET	200	2215684	Tue, 24 Mar 2026 06:30:59 GMT	2026-09-25T23:22:10+05:30	ab82bae095324b3854eed3db8513d201e01477154df902b9dfc166be3dfd0a42	yes
jesc1	13	https://ncert.nic.in/textbook/pdf/jesc113.pdf	GET	200	4194929	Tue, 24 Mar 2026 06:30:59 GMT	2026-09-25T23:22:10+05:30	3f61f0574e60bb8fc41feb3cc13f818621d9c17a5d5f51634154a5de35918b2d	yes
jhks1	1	https://ncert.nic.in/textbook/pdf/jhks101.pdf	GET	200	1071027	Mon, 06 Jul 2026 11:05:16 GMT	2026-09-25T23:22:10+05:30	4992e8f74143d465b52cf73fe7fdfd2dde9679c4985c9ef4819bdc0537ccefb0	
jhks1	2	https://ncert.nic.in/textbook/pdf/jhks102.pdf	HEAD	200	758840	Mon, 06 Jul 2026 11:05:16 GMT	2026-09-25T23:22:10+05:30		
jhks1	3	https://ncert.nic.in/textbook/pdf/jhks103.pdf	HEAD	200	457768	Mon, 06 Jul 2026 11:05:16 GMT	2026-09-25T23:22:10+05:30		
jhks1	4	https://ncert.nic.in/textbook/pdf/jhks104.pdf	HEAD	200	739044	Mon, 06 Jul 2026 11:05:16 GMT	2026-09-25T23:22:11+05:30		
jhks1	5	https://ncert.nic.in/textbook/pdf/jhks105.pdf	HEAD	200	691227	Mon, 06 Jul 2026 11:05:16 GMT	2026-09-25T23:22:11+05:30		
jhks1	6	https://ncert.nic.in/textbook/pdf/jhks106.pdf	HEAD	200	1018107	Mon, 06 Jul 2026 11:05:16 GMT	2026-09-25T23:22:11+05:30		
jhks1	7	https://ncert.nic.in/textbook/pdf/jhks107.pdf	HEAD	200	857578	Mon, 06 Jul 2026 11:05:16 GMT	2026-09-25T23:22:11+05:30		
jhks1	8	https://ncert.nic.in/textbook/pdf/jhks108.pdf	HEAD	200	836354	Mon, 06 Jul 2026 11:05:16 GMT	2026-09-25T23:22:11+05:30		
jhks1	9	https://ncert.nic.in/textbook/pdf/jhks109.pdf	HEAD	200	613122	Mon, 06 Jul 2026 11:05:16 GMT	2026-09-25T23:22:11+05:30		
jhks1	10	https://ncert.nic.in/textbook/pdf/jhks110.pdf	HEAD	200	1301708	Mon, 06 Jul 2026 11:05:16 GMT	2026-09-25T23:22:11+05:30		
jhks1	11	https://ncert.nic.in/textbook/pdf/jhks111.pdf	HEAD	200	1079393	Mon, 06 Jul 2026 11:05:16 GMT	2026-09-25T23:22:11+05:30		
jhks1	12	https://ncert.nic.in/textbook/pdf/jhks112.pdf	GET	200	714974	Mon, 06 Jul 2026 11:05:16 GMT	2026-09-25T23:22:11+05:30	7fbb3c28c27116872f2494ed64bba9a271b2f5f6f506aeed9cc447aac3ec9cdb	
jhsp1	1	https://ncert.nic.in/textbook/pdf/jhsp101.pdf	GET	200	1354948	Tue, 24 Mar 2026 06:30:28 GMT	2026-09-25T23:22:11+05:30	2279616e8fa5955462e802ca2ad160519e55ae768f3d6e3bcbf5a075ebc5c4a3	
jhsp1	2	https://ncert.nic.in/textbook/pdf/jhsp102.pdf	HEAD	200	1123727	Tue, 24 Mar 2026 06:30:28 GMT	2026-09-25T23:22:11+05:30		
jhsp1	3	https://ncert.nic.in/textbook/pdf/jhsp103.pdf	HEAD	200	1212060	Tue, 24 Mar 2026 06:30:28 GMT	2026-09-25T23:22:11+05:30		
jhsp1	4	https://ncert.nic.in/textbook/pdf/jhsp104.pdf	HEAD	200	1159929	Tue, 24 Mar 2026 06:30:28 GMT	2026-09-25T23:22:11+05:30		
jhsp1	5	https://ncert.nic.in/textbook/pdf/jhsp105.pdf	HEAD	200	1036148	Tue, 24 Mar 2026 06:30:28 GMT	2026-09-25T23:22:11+05:30		
jhsp1	6	https://ncert.nic.in/textbook/pdf/jhsp106.pdf	HEAD	200	1087751	Tue, 24 Mar 2026 06:30:28 GMT	2026-09-25T23:22:12+05:30		
jhsp1	7	https://ncert.nic.in/textbook/pdf/jhsp107.pdf	HEAD	200	1277690	Tue, 24 Mar 2026 06:30:29 GMT	2026-09-25T23:22:12+05:30		
jhsp1	8	https://ncert.nic.in/textbook/pdf/jhsp108.pdf	HEAD	200	2088386	Tue, 24 Mar 2026 06:30:29 GMT	2026-09-25T23:22:12+05:30		
jhsp1	9	https://ncert.nic.in/textbook/pdf/jhsp109.pdf	HEAD	200	1394757	Tue, 24 Mar 2026 06:30:29 GMT	2026-09-25T23:22:12+05:30		
jhsp1	10	https://ncert.nic.in/textbook/pdf/jhsp110.pdf	HEAD	200	1492464	Tue, 24 Mar 2026 06:30:29 GMT	2026-09-25T23:22:12+05:30		
jhsp1	11	https://ncert.nic.in/textbook/pdf/jhsp111.pdf	HEAD	200	1375055	Tue, 24 Mar 2026 06:30:29 GMT	2026-09-25T23:22:12+05:30		
jhsp1	12	https://ncert.nic.in/textbook/pdf/jhsp112.pdf	HEAD	200	1355776	Tue, 24 Mar 2026 06:30:29 GMT	2026-09-25T23:22:12+05:30		
jhsp1	13	https://ncert.nic.in/textbook/pdf/jhsp113.pdf	HEAD	200	1466922	Tue, 24 Mar 2026 06:30:29 GMT	2026-09-25T23:22:12+05:30		
jhsp1	14	https://ncert.nic.in/textbook/pdf/jhsp114.pdf	GET	200	1503932	Tue, 24 Mar 2026 06:30:29 GMT	2026-09-25T23:22:12+05:30	32b9354d6c9b96645af43bc853a0acec7fd5314e6060918412db935c71dbc285	
jhsy1	1	https://ncert.nic.in/textbook/pdf/jhsy101.pdf	GET	200	2254812	Tue, 24 Mar 2026 06:30:30 GMT	2026-09-25T23:22:13+05:30	7683e47478aa45ff4197569537e5f81d35c40698a0a0f1a4d925214071a5b9bb	
jhsy1	2	https://ncert.nic.in/textbook/pdf/jhsy102.pdf	HEAD	200	1920384	Tue, 24 Mar 2026 06:30:30 GMT	2026-09-25T23:22:12+05:30		
jhsy1	3	https://ncert.nic.in/textbook/pdf/jhsy103.pdf	GET	200	1813507	Tue, 24 Mar 2026 06:30:30 GMT	2026-09-25T23:22:13+05:30	cd6b002127e2e9c363f7f04e1b9cae80e05ac86de48f3a74409b50f89cc755db	
jhkr1	1	https://ncert.nic.in/textbook/pdf/jhkr101.pdf	GET	200	1050928	Tue, 24 Mar 2026 06:30:28 GMT	2026-09-25T23:22:13+05:30	1e17f8390524d6716b99b040a72ef86d502f914e08e965d3e3627bcd831fa0ab	
jhkr1	2	https://ncert.nic.in/textbook/pdf/jhkr102.pdf	HEAD	200	1311668	Tue, 24 Mar 2026 06:30:28 GMT	2026-09-25T23:22:12+05:30		
jhkr1	3	https://ncert.nic.in/textbook/pdf/jhkr103.pdf	GET	200	503374	Tue, 24 Mar 2026 06:30:28 GMT	2026-09-25T23:22:13+05:30	66177acd23bc82f684fafa38c75e42c1d9568a45cf67bbca91e2e4f1895ef5ca	
jess1	1	https://ncert.nic.in/textbook/pdf/jess101.pdf	GET	200	1799171	Mon, 06 Jul 2026 11:05:18 GMT	2026-09-25T23:22:13+05:30	e2d7e9e470c73663740410bcd5449cd2cbf3efb348c6ffc0791b8cee0da734b7	no
jess1	2	https://ncert.nic.in/textbook/pdf/jess102.pdf	HEAD	200	1586082	Mon, 06 Jul 2026 11:05:18 GMT	2026-09-25T23:22:13+05:30		
jess1	3	https://ncert.nic.in/textbook/pdf/jess103.pdf	HEAD	200	1984576	Mon, 06 Jul 2026 11:05:18 GMT	2026-09-25T23:22:13+05:30		
jess1	4	https://ncert.nic.in/textbook/pdf/jess104.pdf	HEAD	200	2251016	Mon, 06 Jul 2026 11:05:18 GMT	2026-09-25T23:22:13+05:30		
jess1	5	https://ncert.nic.in/textbook/pdf/jess105.pdf	HEAD	200	2698946	Mon, 06 Jul 2026 11:05:18 GMT	2026-09-25T23:22:13+05:30		
jess1	6	https://ncert.nic.in/textbook/pdf/jess106.pdf	HEAD	200	1643551	Mon, 06 Jul 2026 11:05:18 GMT	2026-09-25T23:22:13+05:30		
jess1	7	https://ncert.nic.in/textbook/pdf/jess107.pdf	GET	200	2201818	Mon, 06 Jul 2026 11:05:18 GMT	2026-09-25T23:22:14+05:30	2628173d9d44300322440a320f7a8760d71d5195b902428435477d16c6ad01d4	no
jess2	1	https://ncert.nic.in/textbook/pdf/jess201.pdf	GET	200	2484758	Fri, 28 Aug 2026 07:25:18 GMT	2026-09-25T23:22:14+05:30	71b7fe176e08262fb1f1557f5d957627197ccd15ce33d921db0e3856293cd75f	yes
jess2	2	https://ncert.nic.in/textbook/pdf/jess202.pdf	HEAD	200	2697302	Fri, 28 Aug 2026 07:25:20 GMT	2026-09-25T23:22:13+05:30		
jess2	3	https://ncert.nic.in/textbook/pdf/jess203.pdf	HEAD	200	3375236	Fri, 28 Aug 2026 07:25:20 GMT	2026-09-25T23:22:13+05:30		
jess2	4	https://ncert.nic.in/textbook/pdf/jess204.pdf	HEAD	200	3584392	Fri, 28 Aug 2026 07:25:20 GMT	2026-09-25T23:22:14+05:30		
jess2	5	https://ncert.nic.in/textbook/pdf/jess205.pdf	GET	200	3184018	Fri, 28 Aug 2026 07:25:20 GMT	2026-09-25T23:22:14+05:30	8e636f4222d3d2169b8a1982a3693d47efc4ab43dbec88a96f1e2681a270ac3b	yes
jess3	1	https://ncert.nic.in/textbook/pdf/jess301.pdf	GET	200	5649051	Fri, 27 Mar 2026 09:58:56 GMT	2026-09-25T23:22:15+05:30	b66dc3c971b610d0d56046450e23d494327f591fcc9afcf4ecdffc46b32252af	no
jess3	2	https://ncert.nic.in/textbook/pdf/jess302.pdf	HEAD	200	5057222	Fri, 27 Mar 2026 09:58:56 GMT	2026-09-25T23:22:14+05:30		
jess3	3	https://ncert.nic.in/textbook/pdf/jess303.pdf	HEAD	200	6060574	Fri, 27 Mar 2026 09:58:56 GMT	2026-09-25T23:22:14+05:30		
jess3	4	https://ncert.nic.in/textbook/pdf/jess304.pdf	HEAD	200	6015785	Fri, 27 Mar 2026 09:58:57 GMT	2026-09-25T23:22:14+05:30		
jess3	5	https://ncert.nic.in/textbook/pdf/jess305.pdf	GET	200	5466596	Fri, 27 Mar 2026 09:58:57 GMT	2026-09-25T23:22:16+05:30	b51d5a431f0624a7a7a68242dd02f150c3d6ebf2c6b3645f4270103bdc497f89	no
jess4	1	https://ncert.nic.in/textbook/pdf/jess401.pdf	GET	200	1865598	Fri, 27 Mar 2026 09:59:02 GMT	2026-09-25T23:22:16+05:30	f196321f2b8b61df09cb2cf49684e950d8ad1a52aef26388af07b4467e7823e5	yes
jess4	2	https://ncert.nic.in/textbook/pdf/jess402.pdf	HEAD	200	2696611	Fri, 27 Mar 2026 09:59:02 GMT	2026-09-25T23:22:15+05:30		
jess4	3	https://ncert.nic.in/textbook/pdf/jess403.pdf	HEAD	200	2358657	Fri, 27 Mar 2026 09:59:02 GMT	2026-09-25T23:22:15+05:30		
jess4	4	https://ncert.nic.in/textbook/pdf/jess404.pdf	HEAD	200	3555972	Fri, 27 Mar 2026 09:59:03 GMT	2026-09-25T23:22:15+05:30		
jess4	5	https://ncert.nic.in/textbook/pdf/jess405.pdf	GET	200	2164380	Fri, 27 Mar 2026 09:59:03 GMT	2026-09-25T23:22:16+05:30	f9049b6789da596463e6e2171c8982b0578cab252fb07e741d99f4200095c325	yes
jeff1	1	https://ncert.nic.in/textbook/pdf/jeff101.pdf	GET	200	2134196	Tue, 24 Mar 2026 06:30:30 GMT	2026-09-25T23:22:16+05:30	2554abf66b90cc88e8df1ac85d670098842180780fd2ff549cddd6c1dd81e69a	yes
jeff1	2	https://ncert.nic.in/textbook/pdf/jeff102.pdf	HEAD	200	2177329	Tue, 24 Mar 2026 06:30:30 GMT	2026-09-25T23:22:16+05:30		
jeff1	3	https://ncert.nic.in/textbook/pdf/jeff103.pdf	HEAD	200	2324820	Tue, 24 Mar 2026 06:30:30 GMT	2026-09-25T23:22:16+05:30		
jeff1	4	https://ncert.nic.in/textbook/pdf/jeff104.pdf	HEAD	200	1954669	Tue, 24 Mar 2026 06:30:30 GMT	2026-09-25T23:22:16+05:30		
jeff1	5	https://ncert.nic.in/textbook/pdf/jeff105.pdf	HEAD	200	2114261	Tue, 24 Mar 2026 06:30:31 GMT	2026-09-25T23:22:16+05:30		
jeff1	6	https://ncert.nic.in/textbook/pdf/jeff106.pdf	HEAD	200	1944893	Tue, 24 Mar 2026 06:30:31 GMT	2026-09-25T23:22:16+05:30		
jeff1	7	https://ncert.nic.in/textbook/pdf/jeff107.pdf	HEAD	200	2406051	Tue, 24 Mar 2026 06:30:31 GMT	2026-09-25T23:22:16+05:30		
jeff1	8	https://ncert.nic.in/textbook/pdf/jeff108.pdf	HEAD	200	1546451	Tue, 24 Mar 2026 06:30:31 GMT	2026-09-25T23:22:16+05:30		
jeff1	9	https://ncert.nic.in/textbook/pdf/jeff109.pdf	GET	200	2434690	Tue, 24 Mar 2026 06:30:31 GMT	2026-09-25T23:22:18+05:30	e782b17e4a777d8dcaa7624c1787d78fc3c54d7e8282aea2253fbe3b983f9f0f	yes
jefp1	1	https://ncert.nic.in/textbook/pdf/jefp101.pdf	GET	200	2652517	Tue, 24 Mar 2026 06:30:32 GMT	2026-09-25T23:22:17+05:30	3d50844b467bcef9999c5e7f546961b3b59e07d648da2232edea8efdc9862a75	yes
jefp1	2	https://ncert.nic.in/textbook/pdf/jefp102.pdf	HEAD	200	2284460	Tue, 24 Mar 2026 06:30:32 GMT	2026-09-25T23:22:16+05:30		
jefp1	3	https://ncert.nic.in/textbook/pdf/jefp103.pdf	HEAD	200	2490292	Tue, 24 Mar 2026 06:30:33 GMT	2026-09-25T23:22:16+05:30		
jefp1	4	https://ncert.nic.in/textbook/pdf/jefp104.pdf	HEAD	200	2287341	Tue, 24 Mar 2026 06:30:34 GMT	2026-09-25T23:22:16+05:30		
jefp1	5	https://ncert.nic.in/textbook/pdf/jefp105.pdf	HEAD	200	2359246	Tue, 24 Mar 2026 06:30:34 GMT	2026-09-25T23:22:16+05:30		
jefp1	6	https://ncert.nic.in/textbook/pdf/jefp106.pdf	HEAD	200	2419429	Tue, 24 Mar 2026 06:30:35 GMT	2026-09-25T23:22:17+05:30		
jefp1	7	https://ncert.nic.in/textbook/pdf/jefp107.pdf	HEAD	200	2758349	Tue, 24 Mar 2026 06:30:36 GMT	2026-09-25T23:22:18+05:30		
jefp1	8	https://ncert.nic.in/textbook/pdf/jefp108.pdf	HEAD	200	2878483	Tue, 24 Mar 2026 06:30:37 GMT	2026-09-25T23:22:18+05:30		
jefp1	9	https://ncert.nic.in/textbook/pdf/jefp109.pdf	GET	200	4077029	Tue, 24 Mar 2026 06:30:38 GMT	2026-09-25T23:22:18+05:30	b8a8f1aa4cda28cdfbe44e607bc77df4a983073a6ea67b8de8dbae50c192c004	yes
jewe2	1	https://ncert.nic.in/textbook/pdf/jewe201.pdf	GET	200	2535165	Fri, 27 Mar 2026 09:59:06 GMT	2026-09-25T23:22:19+05:30	8cd9aae27f03a5b1c4aa16d9acfd7171d05ff90d6cc698aaf61eeb01a463a1e0	yes
jewe2	2	https://ncert.nic.in/textbook/pdf/jewe202.pdf	HEAD	200	2536302	Fri, 27 Mar 2026 09:59:06 GMT	2026-09-25T23:22:18+05:30		
jewe2	3	https://ncert.nic.in/textbook/pdf/jewe203.pdf	HEAD	200	2490145	Fri, 27 Mar 2026 09:59:07 GMT	2026-09-25T23:22:18+05:30		
jewe2	4	https://ncert.nic.in/textbook/pdf/jewe204.pdf	HEAD	404			2026-09-25T23:22:18+05:30		
jewe2	5	https://ncert.nic.in/textbook/pdf/jewe205.pdf	HEAD	200	2872022	Fri, 27 Mar 2026 09:59:07 GMT	2026-09-25T23:22:18+05:30		
jewe2	6	https://ncert.nic.in/textbook/pdf/jewe206.pdf	HEAD	200	3388017	Fri, 27 Mar 2026 09:59:07 GMT	2026-09-25T23:22:19+05:30		
jewe2	7	https://ncert.nic.in/textbook/pdf/jewe207.pdf	HEAD	200	2975521	Fri, 27 Mar 2026 09:59:08 GMT	2026-09-25T23:22:19+05:30		
jewe2	8	https://ncert.nic.in/textbook/pdf/jewe208.pdf	HEAD	200	2559814	Fri, 27 Mar 2026 09:59:08 GMT	2026-09-25T23:22:19+05:30		
jewe2	9	https://ncert.nic.in/textbook/pdf/jewe209.pdf	GET	404			2026-09-25T23:22:19+05:30		
jhsk1	1	https://ncert.nic.in/textbook/pdf/jhsk101.pdf	GET	200	1077442	Tue, 24 Mar 2026 06:30:38 GMT	2026-09-25T23:22:19+05:30	0f4b62509eabcfc436dede8c931b6c9d913e90d8a423d0e7722ec1cd47a0959b	
jhsk1	2	https://ncert.nic.in/textbook/pdf/jhsk102.pdf	HEAD	200	833752	Tue, 24 Mar 2026 06:30:39 GMT	2026-09-25T23:22:19+05:30		
jhsk1	3	https://ncert.nic.in/textbook/pdf/jhsk103.pdf	HEAD	200	855993	Tue, 24 Mar 2026 06:30:39 GMT	2026-09-25T23:22:19+05:30		
jhsk1	4	https://ncert.nic.in/textbook/pdf/jhsk104.pdf	HEAD	200	675858	Tue, 24 Mar 2026 06:30:39 GMT	2026-09-25T23:22:19+05:30		
jhsk1	5	https://ncert.nic.in/textbook/pdf/jhsk105.pdf	HEAD	200	654748	Tue, 24 Mar 2026 06:30:39 GMT	2026-09-25T23:22:19+05:30		
jhsk1	6	https://ncert.nic.in/textbook/pdf/jhsk106.pdf	HEAD	200	860315	Tue, 24 Mar 2026 06:30:39 GMT	2026-09-25T23:22:19+05:30		
jhsk1	7	https://ncert.nic.in/textbook/pdf/jhsk107.pdf	HEAD	200	803863	Tue, 24 Mar 2026 06:30:39 GMT	2026-09-25T23:22:19+05:30		
jhsk1	8	https://ncert.nic.in/textbook/pdf/jhsk108.pdf	HEAD	200	580818	Tue, 24 Mar 2026 06:30:39 GMT	2026-09-25T23:22:19+05:30		
jhsk1	9	https://ncert.nic.in/textbook/pdf/jhsk109.pdf	HEAD	200	757221	Tue, 24 Mar 2026 06:30:39 GMT	2026-09-25T23:22:19+05:30		
jhsk1	10	https://ncert.nic.in/textbook/pdf/jhsk110.pdf	GET	200	719024	Tue, 24 Mar 2026 06:30:39 GMT	2026-09-25T23:22:20+05:30	26004e651c9d7919cd0769ac7ef79dbebb7dfab4aaa3d6600764b71ed6ace17a	
jhva1	1	https://ncert.nic.in/textbook/pdf/jhva101.pdf	HEAD	200	1155582	Tue, 24 Mar 2026 06:30:24 GMT	2026-09-25T23:22:20+05:30		
jhva1	2	https://ncert.nic.in/textbook/pdf/jhva102.pdf	HEAD	200	835334	Tue, 24 Mar 2026 06:30:25 GMT	2026-09-25T23:22:20+05:30		
jhva1	3	https://ncert.nic.in/textbook/pdf/jhva103.pdf	HEAD	200	2166880	Tue, 24 Mar 2026 06:30:25 GMT	2026-09-25T23:22:20+05:30		
jhva1	4	https://ncert.nic.in/textbook/pdf/jhva104.pdf	HEAD	200	974361	Tue, 24 Mar 2026 06:30:25 GMT	2026-09-25T23:22:20+05:30		
jhva1	5	https://ncert.nic.in/textbook/pdf/jhva105.pdf	HEAD	200	1140436	Tue, 24 Mar 2026 06:30:25 GMT	2026-09-25T23:22:20+05:30		
jhva1	6	https://ncert.nic.in/textbook/pdf/jhva106.pdf	HEAD	200	924559	Tue, 24 Mar 2026 06:30:25 GMT	2026-09-25T23:22:20+05:30		
jhva1	7	https://ncert.nic.in/textbook/pdf/jhva107.pdf	HEAD	200	1032619	Tue, 24 Mar 2026 06:30:25 GMT	2026-09-25T23:22:20+05:30		
jhva1	8	https://ncert.nic.in/textbook/pdf/jhva108.pdf	HEAD	200	3525554	Tue, 24 Mar 2026 06:30:26 GMT	2026-09-25T23:22:20+05:30		
jhva1	9	https://ncert.nic.in/textbook/pdf/jhva109.pdf	HEAD	200	1200826	Tue, 24 Mar 2026 06:30:26 GMT	2026-09-25T23:22:20+05:30		
jhva1	10	https://ncert.nic.in/textbook/pdf/jhva110.pdf	HEAD	200	1571728	Tue, 24 Mar 2026 06:30:26 GMT	2026-09-25T23:22:20+05:30		
jhva1	11	https://ncert.nic.in/textbook/pdf/jhva111.pdf	HEAD	200	898581	Tue, 24 Mar 2026 06:30:26 GMT	2026-09-25T23:22:20+05:30		
jhva1	12	https://ncert.nic.in/textbook/pdf/jhva112.pdf	HEAD	200	2441622	Tue, 24 Mar 2026 06:30:26 GMT	2026-09-25T23:22:20+05:30		
jsab1	1	https://ncert.nic.in/textbook/pdf/jsab101.pdf	HEAD	200	1026071	Fri, 27 Mar 2026 09:59:04 GMT	2026-09-25T23:22:20+05:30		
jsab1	2	https://ncert.nic.in/textbook/pdf/jsab102.pdf	HEAD	200	782831	Fri, 27 Mar 2026 09:59:05 GMT	2026-09-25T23:22:20+05:30		
jsab1	3	https://ncert.nic.in/textbook/pdf/jsab103.pdf	HEAD	200	488817	Fri, 27 Mar 2026 09:59:05 GMT	2026-09-25T23:22:20+05:30		
jsab1	4	https://ncert.nic.in/textbook/pdf/jsab104.pdf	HEAD	200	2210970	Fri, 27 Mar 2026 09:59:05 GMT	2026-09-25T23:22:20+05:30		
jsab1	5	https://ncert.nic.in/textbook/pdf/jsab105.pdf	HEAD	200	797684	Fri, 27 Mar 2026 09:59:05 GMT	2026-09-25T23:22:20+05:30		
jsab1	6	https://ncert.nic.in/textbook/pdf/jsab106.pdf	HEAD	200	1045523	Fri, 27 Mar 2026 09:59:05 GMT	2026-09-25T23:22:20+05:30		
jsab1	7	https://ncert.nic.in/textbook/pdf/jsab107.pdf	HEAD	200	972138	Fri, 27 Mar 2026 09:59:05 GMT	2026-09-25T23:22:20+05:30		
jsab1	8	https://ncert.nic.in/textbook/pdf/jsab108.pdf	HEAD	200	1735258	Fri, 27 Mar 2026 09:59:05 GMT	2026-09-25T23:22:20+05:30		
jsab1	9	https://ncert.nic.in/textbook/pdf/jsab109.pdf	HEAD	200	634572	Fri, 27 Mar 2026 09:59:05 GMT	2026-09-25T23:22:20+05:30		
jsab1	10	https://ncert.nic.in/textbook/pdf/jsab110.pdf	HEAD	200	478678	Fri, 27 Mar 2026 09:59:05 GMT	2026-09-25T23:22:20+05:30		
jsab1	11	https://ncert.nic.in/textbook/pdf/jsab111.pdf	HEAD	200	706403	Fri, 27 Mar 2026 09:59:06 GMT	2026-09-25T23:22:20+05:30		
jsab1	12	https://ncert.nic.in/textbook/pdf/jsab112.pdf	HEAD	200	647116	Fri, 27 Mar 2026 09:59:06 GMT	2026-09-25T23:22:20+05:30		
jsab1	13	https://ncert.nic.in/textbook/pdf/jsab113.pdf	HEAD	200	767918	Fri, 27 Mar 2026 09:59:06 GMT	2026-09-25T23:22:20+05:30		
jsab1	14	https://ncert.nic.in/textbook/pdf/jsab114.pdf	HEAD	200	830962	Fri, 27 Mar 2026 09:59:06 GMT	2026-09-25T23:22:20+05:30		
juge1	1	https://ncert.nic.in/textbook/pdf/juge101.pdf	GET	200	10873663	Fri, 12 Jun 2020 07:34:54 GMT	2026-09-25T23:22:22+05:30	87a28598fb1811e38db26dd031731a185696bfbc98f45a4ed0ba4a890c6e00a9	
juge1	2	https://ncert.nic.in/textbook/pdf/juge102.pdf	HEAD	200	7532235	Fri, 12 Jun 2020 07:35:00 GMT	2026-09-25T23:22:21+05:30		
juge1	3	https://ncert.nic.in/textbook/pdf/juge103.pdf	HEAD	200	12206398	Fri, 12 Jun 2020 07:35:00 GMT	2026-09-25T23:22:21+05:30		
juge1	4	https://ncert.nic.in/textbook/pdf/juge104.pdf	HEAD	200	8350144	Fri, 12 Jun 2020 07:35:02 GMT	2026-09-25T23:22:21+05:30		
juge1	5	https://ncert.nic.in/textbook/pdf/juge105.pdf	HEAD	200	8754601	Fri, 12 Jun 2020 07:35:06 GMT	2026-09-25T23:22:21+05:30		
juge1	6	https://ncert.nic.in/textbook/pdf/juge106.pdf	HEAD	200	8791664	Fri, 12 Jun 2020 07:35:08 GMT	2026-09-25T23:22:21+05:30		
juge1	7	https://ncert.nic.in/textbook/pdf/juge107.pdf	HEAD	200	7798126	Fri, 12 Jun 2020 07:35:10 GMT	2026-09-25T23:22:21+05:30		
juge1	8	https://ncert.nic.in/textbook/pdf/juge108.pdf	HEAD	200	9326470	Fri, 12 Jun 2020 07:35:24 GMT	2026-09-25T23:22:21+05:30		
juge1	9	https://ncert.nic.in/textbook/pdf/juge109.pdf	HEAD	200	7382388	Fri, 12 Jun 2020 07:35:20 GMT	2026-09-25T23:22:21+05:30		
juge1	10	https://ncert.nic.in/textbook/pdf/juge110.pdf	HEAD	200	10819293	Fri, 12 Jun 2020 07:35:16 GMT	2026-09-25T23:22:21+05:30		
juge1	11	https://ncert.nic.in/textbook/pdf/juge111.pdf	HEAD	200	10991763	Fri, 12 Jun 2020 07:35:30 GMT	2026-09-25T23:22:21+05:30		
juge1	12	https://ncert.nic.in/textbook/pdf/juge112.pdf	GET	200	5933465	Fri, 12 Jun 2020 07:35:26 GMT	2026-09-25T23:22:24+05:30	d15cc5856f82f9500980a665a25cce7412ac5ca499d5712b1cddd80c9db0a5a7	
june1	1	https://ncert.nic.in/textbook/pdf/june101.pdf	GET	200	8117566	Tue, 21 May 2019 04:37:51 GMT	2026-09-25T23:22:27+05:30	bddb941cbada543f60079ef4aba5ddbd0496cd83e809c8a4d737534f593a7b22	
june1	2	https://ncert.nic.in/textbook/pdf/june102.pdf	HEAD	200	4326903	Tue, 21 May 2019 04:36:03 GMT	2026-09-25T23:22:22+05:30		
june1	3	https://ncert.nic.in/textbook/pdf/june103.pdf	HEAD	200	2940264	Tue, 21 May 2019 04:36:05 GMT	2026-09-25T23:22:22+05:30		
june1	4	https://ncert.nic.in/textbook/pdf/june104.pdf	HEAD	200	3431161	Tue, 21 May 2019 04:36:07 GMT	2026-09-25T23:22:22+05:30		
june1	5	https://ncert.nic.in/textbook/pdf/june105.pdf	HEAD	200	3260705	Tue, 21 May 2019 04:36:08 GMT	2026-09-25T23:22:22+05:30		
june1	6	https://ncert.nic.in/textbook/pdf/june106.pdf	HEAD	200	2839438	Tue, 21 May 2019 04:36:10 GMT	2026-09-25T23:22:22+05:30		
june1	7	https://ncert.nic.in/textbook/pdf/june107.pdf	HEAD	200	1275976	Tue, 21 May 2019 04:36:11 GMT	2026-09-25T23:22:22+05:30		
june1	8	https://ncert.nic.in/textbook/pdf/june108.pdf	HEAD	200	2152931	Tue, 21 May 2019 04:36:12 GMT	2026-09-25T23:22:22+05:30		
june1	9	https://ncert.nic.in/textbook/pdf/june109.pdf	HEAD	200	2574313	Tue, 21 May 2019 04:36:14 GMT	2026-09-25T23:22:23+05:30		
june1	10	https://ncert.nic.in/textbook/pdf/june110.pdf	HEAD	200	2676059	Tue, 21 May 2019 04:35:53 GMT	2026-09-25T23:22:23+05:30		
june1	11	https://ncert.nic.in/textbook/pdf/june111.pdf	HEAD	200	1994380	Tue, 21 May 2019 04:35:54 GMT	2026-09-25T23:22:23+05:30		
june1	12	https://ncert.nic.in/textbook/pdf/june112.pdf	HEAD	200	4320523	Tue, 21 May 2019 04:35:56 GMT	2026-09-25T23:22:23+05:30		
june1	13	https://ncert.nic.in/textbook/pdf/june113.pdf	HEAD	200	6029971	Tue, 21 May 2019 04:41:47 GMT	2026-09-25T23:22:23+05:30		
june1	14	https://ncert.nic.in/textbook/pdf/june114.pdf	GET	200	2167587	Tue, 21 May 2019 04:36:00 GMT	2026-09-25T23:22:24+05:30	271536a54d81e04af21609e8d3590c00afc502b42346e0c788c3fb539aae73a7	
jujp1	1	https://ncert.nic.in/textbook/pdf/jujp101.pdf	GET	200	1004102	Fri, 12 Jun 2020 07:36:06 GMT	2026-09-25T23:22:24+05:30	8105ffc1a8644016119c344913cf167c383eae818d6cbe3e0733dd0fb65525ee	
jujp1	2	https://ncert.nic.in/textbook/pdf/jujp102.pdf	HEAD	200	2121947	Fri, 12 Jun 2020 07:36:10 GMT	2026-09-25T23:22:23+05:30		
jujp1	3	https://ncert.nic.in/textbook/pdf/jujp103.pdf	HEAD	200	1081400	Fri, 12 Jun 2020 07:36:06 GMT	2026-09-25T23:22:24+05:30		
jujp1	4	https://ncert.nic.in/textbook/pdf/jujp104.pdf	HEAD	200	2117439	Fri, 12 Jun 2020 07:36:10 GMT	2026-09-25T23:22:24+05:30		
jujp1	5	https://ncert.nic.in/textbook/pdf/jujp105.pdf	HEAD	200	769735	Fri, 12 Jun 2020 07:36:10 GMT	2026-09-25T23:22:24+05:30		
jujp1	6	https://ncert.nic.in/textbook/pdf/jujp106.pdf	HEAD	200	1407645	Fri, 12 Jun 2020 07:36:14 GMT	2026-09-25T23:22:24+05:30		
jujp1	7	https://ncert.nic.in/textbook/pdf/jujp107.pdf	HEAD	200	1441566	Fri, 12 Jun 2020 07:36:14 GMT	2026-09-25T23:22:24+05:30		
jujp1	8	https://ncert.nic.in/textbook/pdf/jujp108.pdf	HEAD	200	687202	Fri, 12 Jun 2020 07:36:16 GMT	2026-09-25T23:22:24+05:30		
jujp1	9	https://ncert.nic.in/textbook/pdf/jujp109.pdf	HEAD	200	2161584	Fri, 12 Jun 2020 07:36:16 GMT	2026-09-25T23:22:24+05:30		
jujp1	10	https://ncert.nic.in/textbook/pdf/jujp110.pdf	HEAD	200	1184817	Fri, 12 Jun 2020 07:36:18 GMT	2026-09-25T23:22:25+05:30		
jujp1	11	https://ncert.nic.in/textbook/pdf/jujp111.pdf	HEAD	200	750227	Fri, 12 Jun 2020 07:36:20 GMT	2026-09-25T23:22:25+05:30		
jujp1	12	https://ncert.nic.in/textbook/pdf/jujp112.pdf	HEAD	200	2101793	Fri, 12 Jun 2020 07:36:22 GMT	2026-09-25T23:22:25+05:30		
jujp1	13	https://ncert.nic.in/textbook/pdf/jujp113.pdf	HEAD	200	740191	Fri, 12 Jun 2020 07:36:22 GMT	2026-09-25T23:22:25+05:30		
jujp1	14	https://ncert.nic.in/textbook/pdf/jujp114.pdf	HEAD	200	2011663	Fri, 12 Jun 2020 07:36:26 GMT	2026-09-25T23:22:25+05:30		
jujp1	15	https://ncert.nic.in/textbook/pdf/jujp115.pdf	HEAD	200	1879974	Fri, 12 Jun 2020 07:36:26 GMT	2026-09-25T23:22:25+05:30		
jujp1	16	https://ncert.nic.in/textbook/pdf/jujp116.pdf	HEAD	200	1145392	Fri, 12 Jun 2020 07:36:32 GMT	2026-09-25T23:22:25+05:30		
jujp1	17	https://ncert.nic.in/textbook/pdf/jujp117.pdf	HEAD	200	1511744	Fri, 12 Jun 2020 07:36:28 GMT	2026-09-25T23:22:25+05:30		
jujp1	18	https://ncert.nic.in/textbook/pdf/jujp118.pdf	HEAD	200	2364551	Fri, 12 Jun 2020 07:36:30 GMT	2026-09-25T23:22:25+05:30		
jujp1	19	https://ncert.nic.in/textbook/pdf/jujp119.pdf	HEAD	200	970831	Fri, 12 Jun 2020 07:36:32 GMT	2026-09-25T23:22:25+05:30		
jujp1	20	https://ncert.nic.in/textbook/pdf/jujp120.pdf	HEAD	200	2044919	Fri, 12 Jun 2020 07:36:36 GMT	2026-09-25T23:22:25+05:30		
jujp1	21	https://ncert.nic.in/textbook/pdf/jujp121.pdf	HEAD	200	2411811	Fri, 12 Jun 2020 07:36:36 GMT	2026-09-25T23:22:25+05:30		
jujp1	22	https://ncert.nic.in/textbook/pdf/jujp122.pdf	GET	200	923009	Fri, 12 Jun 2020 07:36:36 GMT	2026-09-25T23:22:25+05:30	51f375f0fd0571e78ffb5c7142a35f235b3bc416d9eb7afd827a2f0cf0dd8ac9	
judp1	1	https://ncert.nic.in/textbook/pdf/judp101.pdf	HEAD	200	1681983	Fri, 12 Jun 2020 07:36:44 GMT	2026-09-25T23:22:25+05:30		
judp1	2	https://ncert.nic.in/textbook/pdf/judp102.pdf	HEAD	200	1634325	Fri, 12 Jun 2020 07:36:40 GMT	2026-09-25T23:22:25+05:30		
judp1	3	https://ncert.nic.in/textbook/pdf/judp103.pdf	HEAD	200	1289033	Fri, 12 Jun 2020 07:36:40 GMT	2026-09-25T23:22:25+05:30		
judp1	4	https://ncert.nic.in/textbook/pdf/judp104.pdf	HEAD	200	2444920	Fri, 12 Jun 2020 07:36:48 GMT	2026-09-25T23:22:25+05:30		
judp1	5	https://ncert.nic.in/textbook/pdf/judp105.pdf	HEAD	200	855000	Fri, 12 Jun 2020 07:36:46 GMT	2026-09-25T23:22:26+05:30		
judp1	6	https://ncert.nic.in/textbook/pdf/judp106.pdf	HEAD	200	1472786	Fri, 12 Jun 2020 07:36:48 GMT	2026-09-25T23:22:26+05:30		
judp1	7	https://ncert.nic.in/textbook/pdf/judp107.pdf	HEAD	200	1873732	Fri, 12 Jun 2020 07:36:54 GMT	2026-09-25T23:22:26+05:30		
judp1	8	https://ncert.nic.in/textbook/pdf/judp108.pdf	HEAD	200	1126763	Fri, 12 Jun 2020 07:36:52 GMT	2026-09-25T23:22:26+05:30		
judp1	9	https://ncert.nic.in/textbook/pdf/judp109.pdf	HEAD	200	577043	Fri, 12 Jun 2020 07:36:54 GMT	2026-09-25T23:22:26+05:30		
judp1	10	https://ncert.nic.in/textbook/pdf/judp110.pdf	HEAD	200	1120205	Fri, 12 Jun 2020 07:36:56 GMT	2026-09-25T23:22:26+05:30		
judp1	11	https://ncert.nic.in/textbook/pdf/judp111.pdf	HEAD	200	1818897	Fri, 12 Jun 2020 07:36:58 GMT	2026-09-25T23:22:26+05:30		
judp1	12	https://ncert.nic.in/textbook/pdf/judp112.pdf	HEAD	200	1292378	Fri, 12 Jun 2020 07:37:00 GMT	2026-09-25T23:22:26+05:30		
judp1	13	https://ncert.nic.in/textbook/pdf/judp113.pdf	HEAD	200	1249952	Fri, 12 Jun 2020 07:37:02 GMT	2026-09-25T23:22:26+05:30		
judp1	14	https://ncert.nic.in/textbook/pdf/judp114.pdf	HEAD	200	1649955	Fri, 12 Jun 2020 07:37:02 GMT	2026-09-25T23:22:26+05:30		
judp1	15	https://ncert.nic.in/textbook/pdf/judp115.pdf	HEAD	200	562833	Fri, 12 Jun 2020 07:37:04 GMT	2026-09-25T23:22:26+05:30		
judp1	16	https://ncert.nic.in/textbook/pdf/judp116.pdf	HEAD	200	1224502	Fri, 12 Jun 2020 09:32:14 GMT	2026-09-25T23:22:26+05:30		
judp1	17	https://ncert.nic.in/textbook/pdf/judp117.pdf	HEAD	200	1006283	Fri, 12 Jun 2020 09:32:14 GMT	2026-09-25T23:22:26+05:30		
judp1	18	https://ncert.nic.in/textbook/pdf/judp118.pdf	HEAD	200	1501659	Fri, 12 Jun 2020 09:32:14 GMT	2026-09-25T23:22:26+05:30		
judp1	19	https://ncert.nic.in/textbook/pdf/judp119.pdf	HEAD	200	644810	Fri, 12 Jun 2020 09:32:18 GMT	2026-09-25T23:22:26+05:30		
jusr1	1	https://ncert.nic.in/textbook/pdf/jusr101.pdf	GET	200	3141747	Fri, 12 Jun 2020 09:32:20 GMT	2026-09-25T23:22:27+05:30	cf2105bec2268327da5d794b9a3d0e4a29be0688381d1610ef29a1e30c01630f	
jusr1	2	https://ncert.nic.in/textbook/pdf/jusr102.pdf	HEAD	200	2942249	Fri, 12 Jun 2020 09:32:20 GMT	2026-09-25T23:22:26+05:30		
jusr1	3	https://ncert.nic.in/textbook/pdf/jusr103.pdf	HEAD	200	3381859	Fri, 12 Jun 2020 09:32:22 GMT	2026-09-25T23:22:26+05:30		
jusr1	4	https://ncert.nic.in/textbook/pdf/jusr104.pdf	HEAD	200	3077070	Fri, 12 Jun 2020 09:32:24 GMT	2026-09-25T23:22:27+05:30		
jusr1	5	https://ncert.nic.in/textbook/pdf/jusr105.pdf	HEAD	200	4120495	Fri, 12 Jun 2020 09:32:26 GMT	2026-09-25T23:22:27+05:30		
jusr1	6	https://ncert.nic.in/textbook/pdf/jusr106.pdf	HEAD	200	2153461	Fri, 12 Jun 2020 09:32:28 GMT	2026-09-25T23:22:27+05:30		
jusr1	7	https://ncert.nic.in/textbook/pdf/jusr107.pdf	HEAD	200	3686513	Fri, 12 Jun 2020 09:32:30 GMT	2026-09-25T23:22:27+05:30		
jusr1	8	https://ncert.nic.in/textbook/pdf/jusr108.pdf	HEAD	200	2652002	Fri, 12 Jun 2020 09:32:32 GMT	2026-09-25T23:22:27+05:30		
jusr1	9	https://ncert.nic.in/textbook/pdf/jusr109.pdf	GET	200	2838210	Fri, 12 Jun 2020 09:32:34 GMT	2026-09-25T23:22:28+05:30	07519dbf660202188594a4ec9ae83d874127776cfc01a3443677f0eca9e54412	
jehp1	1	https://ncert.nic.in/textbook/pdf/jehp101.pdf	GET	200	2025466	Fri, 27 Mar 2026 09:59:09 GMT	2026-09-25T23:22:28+05:30	3f550c1d7dc8ead5f8d844b2e4327f064380238e9f73cb51c0e89988c600a9e1	no
jehp1	2	https://ncert.nic.in/textbook/pdf/jehp102.pdf	HEAD	200	2539181	Fri, 27 Mar 2026 09:59:09 GMT	2026-09-25T23:22:27+05:30		
jehp1	3	https://ncert.nic.in/textbook/pdf/jehp103.pdf	HEAD	200	2232858	Fri, 27 Mar 2026 09:59:09 GMT	2026-09-25T23:22:27+05:30		
jehp1	4	https://ncert.nic.in/textbook/pdf/jehp104.pdf	HEAD	200	6689724	Fri, 27 Mar 2026 09:59:09 GMT	2026-09-25T23:22:27+05:30		
jehp1	5	https://ncert.nic.in/textbook/pdf/jehp105.pdf	HEAD	200	10285590	Fri, 27 Mar 2026 09:59:10 GMT	2026-09-25T23:22:28+05:30		
jehp1	6	https://ncert.nic.in/textbook/pdf/jehp106.pdf	HEAD	404			2026-09-25T23:22:28+05:30		
jehp1	7	https://ncert.nic.in/textbook/pdf/jehp107.pdf	HEAD	200	3769466	Fri, 27 Mar 2026 09:59:11 GMT	2026-09-25T23:22:28+05:30		
jehp1	8	https://ncert.nic.in/textbook/pdf/jehp108.pdf	HEAD	404			2026-09-25T23:22:28+05:30		
jehp1	9	https://ncert.nic.in/textbook/pdf/jehp109.pdf	HEAD	200	2696885	Fri, 27 Mar 2026 09:59:12 GMT	2026-09-25T23:22:28+05:30		
jehp1	10	https://ncert.nic.in/textbook/pdf/jehp110.pdf	HEAD	200	2919978	Fri, 27 Mar 2026 09:59:12 GMT	2026-09-25T23:22:28+05:30		
jehp1	11	https://ncert.nic.in/textbook/pdf/jehp111.pdf	HEAD	200	3428354	Fri, 27 Mar 2026 09:59:12 GMT	2026-09-25T23:22:28+05:30		
jehp1	12	https://ncert.nic.in/textbook/pdf/jehp112.pdf	HEAD	200	2146397	Fri, 27 Mar 2026 09:59:12 GMT	2026-09-25T23:22:28+05:30		
jehp1	13	https://ncert.nic.in/textbook/pdf/jehp113.pdf	GET	404			2026-09-25T23:22:29+05:30		
khsk1	1	https://ncert.nic.in/textbook/pdf/khsk101.pdf	GET	200	909409	Sat, 28 Mar 2026 06:01:28 GMT	2026-09-25T23:22:29+05:30	f7ac732911d13fed7dd6618ce07d2a39a17059165444c00ba9b35df3f2fba67a	
khsk1	2	https://ncert.nic.in/textbook/pdf/khsk102.pdf	HEAD	200	841000	Sat, 28 Mar 2026 06:01:28 GMT	2026-09-25T23:22:29+05:30		
khsk1	3	https://ncert.nic.in/textbook/pdf/khsk103.pdf	HEAD	200	910474	Sat, 28 Mar 2026 06:01:28 GMT	2026-09-25T23:22:29+05:30		
khsk1	4	https://ncert.nic.in/textbook/pdf/khsk104.pdf	HEAD	200	929462	Sat, 28 Mar 2026 06:01:28 GMT	2026-09-25T23:22:29+05:30		
khsk1	5	https://ncert.nic.in/textbook/pdf/khsk105.pdf	HEAD	200	996935	Sat, 28 Mar 2026 06:01:28 GMT	2026-09-25T23:22:29+05:30		
khsk1	6	https://ncert.nic.in/textbook/pdf/khsk106.pdf	HEAD	200	922290	Sat, 28 Mar 2026 06:01:28 GMT	2026-09-25T23:22:29+05:30		
khsk1	7	https://ncert.nic.in/textbook/pdf/khsk107.pdf	HEAD	200	899332	Sat, 28 Mar 2026 06:01:28 GMT	2026-09-25T23:22:29+05:30		
khsk1	8	https://ncert.nic.in/textbook/pdf/khsk108.pdf	HEAD	200	1030126	Sat, 28 Mar 2026 06:01:28 GMT	2026-09-25T23:22:29+05:30		
khsk1	9	https://ncert.nic.in/textbook/pdf/khsk109.pdf	HEAD	200	1038033	Sat, 28 Mar 2026 06:01:28 GMT	2026-09-25T23:22:29+05:30		
khsk1	10	https://ncert.nic.in/textbook/pdf/khsk110.pdf	HEAD	200	925308	Sat, 28 Mar 2026 06:01:29 GMT	2026-09-25T23:22:29+05:30		
khsk1	11	https://ncert.nic.in/textbook/pdf/khsk111.pdf	GET	200	1238063	Sat, 28 Mar 2026 06:01:29 GMT	2026-09-25T23:22:29+05:30	3f285a22ffc5719a2c49053b6cd952790cc457ab18b377ecbec1d6183d2952df	
khsk2	1	https://ncert.nic.in/textbook/pdf/khsk201.pdf	GET	200	851941	Sat, 28 Mar 2026 06:01:29 GMT	2026-09-25T23:22:29+05:30	9f282c5d6fee843bd8a9111d879be98713a763e4c64f547e95a3de54680dd110	
khsk2	2	https://ncert.nic.in/textbook/pdf/khsk202.pdf	HEAD	200	3277272	Sat, 28 Mar 2026 06:01:29 GMT	2026-09-25T23:22:29+05:30		
khsk2	3	https://ncert.nic.in/textbook/pdf/khsk203.pdf	HEAD	200	1601126	Sat, 28 Mar 2026 06:01:29 GMT	2026-09-25T23:22:29+05:30		
khsk2	4	https://ncert.nic.in/textbook/pdf/khsk204.pdf	HEAD	200	926304	Sat, 28 Mar 2026 06:01:29 GMT	2026-09-25T23:22:29+05:30		
khsk2	5	https://ncert.nic.in/textbook/pdf/khsk205.pdf	HEAD	200	1802591	Sat, 28 Mar 2026 06:01:29 GMT	2026-09-25T23:22:29+05:30		
khsk2	6	https://ncert.nic.in/textbook/pdf/khsk206.pdf	HEAD	200	1514457	Sat, 28 Mar 2026 06:01:29 GMT	2026-09-25T23:22:29+05:30		
khsk2	7	https://ncert.nic.in/textbook/pdf/khsk207.pdf	HEAD	200	2767878	Sat, 28 Mar 2026 06:01:29 GMT	2026-09-25T23:22:29+05:30		
khsk2	8	https://ncert.nic.in/textbook/pdf/khsk208.pdf	HEAD	200	1304334	Sat, 28 Mar 2026 06:01:30 GMT	2026-09-25T23:22:30+05:30		
khsk2	9	https://ncert.nic.in/textbook/pdf/khsk209.pdf	HEAD	200	2786748	Sat, 28 Mar 2026 06:01:30 GMT	2026-09-25T23:22:30+05:30		
khsk2	10	https://ncert.nic.in/textbook/pdf/khsk210.pdf	HEAD	200	1529120	Sat, 28 Mar 2026 06:01:30 GMT	2026-09-25T23:22:30+05:30		
khsk2	11	https://ncert.nic.in/textbook/pdf/khsk211.pdf	GET	200	1608935	Sat, 28 Mar 2026 06:01:30 GMT	2026-09-25T23:22:30+05:30	0c66510d6efd38fb056cd6f861e96c5921f801bc1a5130121bd6cfad1a4c4185	
keac1	1	https://ncert.nic.in/textbook/pdf/keac101.pdf	GET	200	2501285	Sat, 28 Mar 2026 08:42:01 GMT	2026-09-25T23:22:31+05:30	058cb6b5efe8fbd909ec67dbe451f326ff3b309a824b4869c899bad5c8f16917	yes
keac1	2	https://ncert.nic.in/textbook/pdf/keac102.pdf	HEAD	200	2188183	Sat, 28 Mar 2026 08:42:01 GMT	2026-09-25T23:22:30+05:30		
keac1	3	https://ncert.nic.in/textbook/pdf/keac103.pdf	HEAD	200	3964354	Sat, 28 Mar 2026 08:42:02 GMT	2026-09-25T23:22:30+05:30		
keac1	4	https://ncert.nic.in/textbook/pdf/keac104.pdf	HEAD	200	5009498	Sat, 28 Mar 2026 08:42:02 GMT	2026-09-25T23:22:30+05:30		
keac1	5	https://ncert.nic.in/textbook/pdf/keac105.pdf	HEAD	200	1814603	Sat, 28 Mar 2026 08:42:02 GMT	2026-09-25T23:22:30+05:30		
keac1	6	https://ncert.nic.in/textbook/pdf/keac106.pdf	HEAD	200	3544329	Sat, 28 Mar 2026 08:42:03 GMT	2026-09-25T23:22:30+05:30		
keac1	7	https://ncert.nic.in/textbook/pdf/keac107.pdf	GET	200	3910880	Sat, 28 Mar 2026 08:42:03 GMT	2026-09-25T23:22:31+05:30	ab25c6da63f43a2acfcac1f433409fd5d7b0c1fdd0c9d711c94fd83baa2d1008	yes
keac2	1	https://ncert.nic.in/textbook/pdf/keac201.pdf	GET	200	3163174	Sat, 28 Mar 2026 08:42:06 GMT	2026-09-25T23:22:32+05:30	acbbf746c508e400f447cfffdbcada8ada384770202a29d41d94f17f99fcef0a	yes
keac2	2	https://ncert.nic.in/textbook/pdf/keac202.pdf	GET	200	890410	Sat, 28 Mar 2026 09:00:05 GMT	2026-09-25T23:22:31+05:30	089032f2b84df5aa949e659d593b698363b6711ee1c6fb52d67e236afa7bcbdd	yes
kech1	1	https://ncert.nic.in/textbook/pdf/kech101.pdf	GET	200	4007589	Tue, 08 Sep 2026 11:02:14 GMT	2026-09-25T23:22:32+05:30	36404b6804adf41c7d02abcf23286ab6db698f5fca495dfe46a9027b83920045	yes
kech1	2	https://ncert.nic.in/textbook/pdf/kech102.pdf	HEAD	200	5484319	Tue, 08 Sep 2026 11:02:16 GMT	2026-09-25T23:22:31+05:30		
kech1	3	https://ncert.nic.in/textbook/pdf/kech103.pdf	HEAD	200	3442597	Tue, 08 Sep 2026 11:02:16 GMT	2026-09-25T23:22:32+05:30		
kech1	4	https://ncert.nic.in/textbook/pdf/kech104.pdf	HEAD	200	4543597	Tue, 08 Sep 2026 11:02:16 GMT	2026-09-25T23:22:32+05:30		
kech1	5	https://ncert.nic.in/textbook/pdf/kech105.pdf	HEAD	200	5123690	Tue, 08 Sep 2026 11:02:18 GMT	2026-09-25T23:22:32+05:30		
kech1	6	https://ncert.nic.in/textbook/pdf/kech106.pdf	GET	200	5673525	Tue, 08 Sep 2026 11:02:20 GMT	2026-09-25T23:22:33+05:30	e4671fd2df7310063a18617ac0fe63eb714eae4d02a7d4a196f3adc809c9543b	yes
kech2	1	https://ncert.nic.in/textbook/pdf/kech201.pdf	GET	200	1929426	Sat, 28 Mar 2026 10:10:08 GMT	2026-09-25T23:22:37+05:30	e80210c578356baacefe980fad8714b251affac3c7ef36b866a45469327c848a	yes
kech2	2	https://ncert.nic.in/textbook/pdf/kech202.pdf	HEAD	200	4461600	Sat, 28 Mar 2026 10:10:08 GMT	2026-09-25T23:22:32+05:30		
kech2	3	https://ncert.nic.in/textbook/pdf/kech203.pdf	GET	200	3296381	Sat, 28 Mar 2026 10:10:08 GMT	2026-09-25T23:22:33+05:30	0afd5c294084a15d8c2d2be7d3b6bc09dd7a9a43d61691b29ff9791374a33046	yes
kemh1	1	https://ncert.nic.in/textbook/pdf/kemh101.pdf	GET	200	2223290	Sat, 28 Mar 2026 10:09:40 GMT	2026-09-25T23:22:34+05:30	5e0c0b629e68222bc31fd35d952c5e6b19db23d835cff3cf1c1b7b780e55f798	yes
kemh1	2	https://ncert.nic.in/textbook/pdf/kemh102.pdf	HEAD	200	2048256	Sat, 28 Mar 2026 10:09:40 GMT	2026-09-25T23:22:33+05:30		
kemh1	3	https://ncert.nic.in/textbook/pdf/kemh103.pdf	HEAD	200	3036342	Sat, 28 Mar 2026 10:09:40 GMT	2026-09-25T23:22:33+05:30		
kemh1	4	https://ncert.nic.in/textbook/pdf/kemh104.pdf	HEAD	200	1559701	Sat, 28 Mar 2026 10:09:40 GMT	2026-09-25T23:22:33+05:30		
kemh1	5	https://ncert.nic.in/textbook/pdf/kemh105.pdf	HEAD	200	1361673	Sat, 28 Mar 2026 10:09:40 GMT	2026-09-25T23:22:34+05:30		
kemh1	6	https://ncert.nic.in/textbook/pdf/kemh106.pdf	HEAD	200	2407476	Sat, 28 Mar 2026 10:09:40 GMT	2026-09-25T23:22:34+05:30		
kemh1	7	https://ncert.nic.in/textbook/pdf/kemh107.pdf	HEAD	200	1286287	Sat, 28 Mar 2026 10:09:40 GMT	2026-09-25T23:22:34+05:30		
kemh1	8	https://ncert.nic.in/textbook/pdf/kemh108.pdf	HEAD	200	1721128	Sat, 28 Mar 2026 10:09:40 GMT	2026-09-25T23:22:34+05:30		
kemh1	9	https://ncert.nic.in/textbook/pdf/kemh109.pdf	HEAD	200	2468017	Sat, 28 Mar 2026 10:09:40 GMT	2026-09-25T23:22:34+05:30		
kemh1	10	https://ncert.nic.in/textbook/pdf/kemh110.pdf	HEAD	200	3045392	Sat, 28 Mar 2026 10:09:42 GMT	2026-09-25T23:22:34+05:30		
kemh1	11	https://ncert.nic.in/textbook/pdf/kemh111.pdf	HEAD	200	1256066	Sat, 28 Mar 2026 10:09:42 GMT	2026-09-25T23:22:34+05:30		
kemh1	12	https://ncert.nic.in/textbook/pdf/kemh112.pdf	HEAD	200	3426516	Sat, 28 Mar 2026 10:09:42 GMT	2026-09-25T23:22:34+05:30		
kemh1	13	https://ncert.nic.in/textbook/pdf/kemh113.pdf	HEAD	200	2851701	Sat, 28 Mar 2026 10:09:42 GMT	2026-09-25T23:22:34+05:30		
kemh1	14	https://ncert.nic.in/textbook/pdf/kemh114.pdf	GET	200	2329163	Sat, 28 Mar 2026 10:09:42 GMT	2026-09-25T23:22:35+05:30	5fa16487face00ddff9fe2b4668fb3bdac0e0694a4ca515616ffea89506ac4ee	yes
kebo1	1	https://ncert.nic.in/textbook/pdf/kebo101.pdf	GET	200	2263862	Sat, 28 Mar 2026 10:09:46 GMT	2026-09-25T23:22:35+05:30	e6b49c5eb878864ef1bd714799588fbf2f55afb30d72cac25e08bc5eab7778fd	yes
kebo1	2	https://ncert.nic.in/textbook/pdf/kebo102.pdf	HEAD	200	3293573	Sat, 28 Mar 2026 10:09:48 GMT	2026-09-25T23:22:34+05:30		
kebo1	3	https://ncert.nic.in/textbook/pdf/kebo103.pdf	HEAD	200	5180471	Sat, 28 Mar 2026 10:09:48 GMT	2026-09-25T23:22:34+05:30		
kebo1	4	https://ncert.nic.in/textbook/pdf/kebo104.pdf	HEAD	200	6218080	Sat, 28 Mar 2026 10:09:48 GMT	2026-09-25T23:22:34+05:30		
kebo1	5	https://ncert.nic.in/textbook/pdf/kebo105.pdf	HEAD	200	3431444	Sat, 28 Mar 2026 10:09:50 GMT	2026-09-25T23:22:34+05:30		
kebo1	6	https://ncert.nic.in/textbook/pdf/kebo106.pdf	HEAD	200	1899888	Sat, 28 Mar 2026 10:09:50 GMT	2026-09-25T23:22:35+05:30		
kebo1	7	https://ncert.nic.in/textbook/pdf/kebo107.pdf	HEAD	200	1012169	Sat, 28 Mar 2026 10:09:50 GMT	2026-09-25T23:22:35+05:30		
kebo1	8	https://ncert.nic.in/textbook/pdf/kebo108.pdf	HEAD	200	6985475	Sat, 28 Mar 2026 10:09:50 GMT	2026-09-25T23:22:35+05:30		
kebo1	9	https://ncert.nic.in/textbook/pdf/kebo109.pdf	HEAD	200	1851950	Sat, 28 Mar 2026 10:09:50 GMT	2026-09-25T23:22:35+05:30		
kebo1	10	https://ncert.nic.in/textbook/pdf/kebo110.pdf	HEAD	200	2488691	Sat, 28 Mar 2026 10:09:52 GMT	2026-09-25T23:22:35+05:30		
kebo1	11	https://ncert.nic.in/textbook/pdf/kebo111.pdf	HEAD	200	2676946	Sat, 28 Mar 2026 10:09:52 GMT	2026-09-25T23:22:35+05:30		
kebo1	12	https://ncert.nic.in/textbook/pdf/kebo112.pdf	HEAD	200	1652489	Sat, 28 Mar 2026 10:09:52 GMT	2026-09-25T23:22:35+05:30		
kebo1	13	https://ncert.nic.in/textbook/pdf/kebo113.pdf	HEAD	200	1921695	Sat, 28 Mar 2026 10:09:52 GMT	2026-09-25T23:22:35+05:30		
kebo1	14	https://ncert.nic.in/textbook/pdf/kebo114.pdf	HEAD	200	2051478	Sat, 28 Mar 2026 10:09:52 GMT	2026-09-25T23:22:35+05:30		
kebo1	15	https://ncert.nic.in/textbook/pdf/kebo115.pdf	HEAD	200	3105390	Sat, 28 Mar 2026 10:09:52 GMT	2026-09-25T23:22:35+05:30		
kebo1	16	https://ncert.nic.in/textbook/pdf/kebo116.pdf	HEAD	200	1772375	Sat, 28 Mar 2026 10:09:52 GMT	2026-09-25T23:22:36+05:30		
kebo1	17	https://ncert.nic.in/textbook/pdf/kebo117.pdf	HEAD	200	4499800	Sat, 28 Mar 2026 10:09:54 GMT	2026-09-25T23:22:35+05:30		
kebo1	18	https://ncert.nic.in/textbook/pdf/kebo118.pdf	HEAD	200	4252755	Sat, 28 Mar 2026 10:09:54 GMT	2026-09-25T23:22:35+05:30		
kebo1	19	https://ncert.nic.in/textbook/pdf/kebo119.pdf	GET	200	2129866	Sat, 28 Mar 2026 10:09:54 GMT	2026-09-25T23:22:36+05:30	36961d654230fb419a07a7dd8a9200416e0ef475aec409a90cc567843fce4eb6	yes
kepy1	1	https://ncert.nic.in/textbook/pdf/kepy101.pdf	GET	200	1926666	Sat, 28 Mar 2026 08:42:08 GMT	2026-09-25T23:22:36+05:30	810a58b007d631ccea5c816ec2b31873e7b1246226fc59f9f8a08d24cb5b7645	yes
kepy1	2	https://ncert.nic.in/textbook/pdf/kepy102.pdf	HEAD	200	2123658	Sat, 28 Mar 2026 08:42:08 GMT	2026-09-25T23:22:36+05:30		
kepy1	3	https://ncert.nic.in/textbook/pdf/kepy103.pdf	HEAD	200	2088306	Sat, 28 Mar 2026 08:42:09 GMT	2026-09-25T23:22:36+05:30		
kepy1	4	https://ncert.nic.in/textbook/pdf/kepy104.pdf	HEAD	200	1956024	Sat, 28 Mar 2026 08:42:09 GMT	2026-09-25T23:22:36+05:30		
kepy1	5	https://ncert.nic.in/textbook/pdf/kepy105.pdf	HEAD	200	1939481	Sat, 28 Mar 2026 08:42:09 GMT	2026-09-25T23:22:36+05:30		
kepy1	6	https://ncert.nic.in/textbook/pdf/kepy106.pdf	HEAD	200	1663541	Sat, 28 Mar 2026 08:42:09 GMT	2026-09-25T23:22:36+05:30		
kepy1	7	https://ncert.nic.in/textbook/pdf/kepy107.pdf	HEAD	200	2325509	Sat, 28 Mar 2026 08:42:09 GMT	2026-09-25T23:22:36+05:30		
kepy1	8	https://ncert.nic.in/textbook/pdf/kepy108.pdf	GET	200	1499436	Sat, 28 Mar 2026 08:42:10 GMT	2026-09-25T23:22:37+05:30	31d6a67b758503a5baafbd4f534bad455597209f35bbdb85e565ba85daeba401	yes
kegy2	1	https://ncert.nic.in/textbook/pdf/kegy201.pdf	GET	200	1209297	Sat, 28 Mar 2026 10:10:38 GMT	2026-09-25T23:22:37+05:30	c36af59e494cbd3c0a495549a1f8ec99dd7cb3b7c7a0c6331a419dc53448f3ee	yes
kegy2	2	https://ncert.nic.in/textbook/pdf/kegy202.pdf	HEAD	200	656847	Sat, 28 Mar 2026 10:10:38 GMT	2026-09-25T23:22:37+05:30		
kegy2	3	https://ncert.nic.in/textbook/pdf/kegy203.pdf	HEAD	200	1076780	Sat, 28 Mar 2026 10:10:38 GMT	2026-09-25T23:22:37+05:30		
kegy2	4	https://ncert.nic.in/textbook/pdf/kegy204.pdf	HEAD	200	914729	Sat, 28 Mar 2026 10:10:38 GMT	2026-09-25T23:22:37+05:30		
kegy2	5	https://ncert.nic.in/textbook/pdf/kegy205.pdf	HEAD	200	953177	Sat, 28 Mar 2026 10:10:38 GMT	2026-09-25T23:22:37+05:30		
kegy2	6	https://ncert.nic.in/textbook/pdf/kegy206.pdf	HEAD	200	1511136	Sat, 28 Mar 2026 10:10:38 GMT	2026-09-25T23:22:37+05:30		
kegy2	7	https://ncert.nic.in/textbook/pdf/kegy207.pdf	HEAD	200	412485	Sat, 28 Mar 2026 10:10:38 GMT	2026-09-25T23:22:37+05:30		
kegy2	8	https://ncert.nic.in/textbook/pdf/kegy208.pdf	HEAD	200	917211	Sat, 28 Mar 2026 10:10:38 GMT	2026-09-25T23:22:37+05:30		
kegy2	9	https://ncert.nic.in/textbook/pdf/kegy209.pdf	HEAD	200	1141566	Sat, 28 Mar 2026 10:10:38 GMT	2026-09-25T23:22:37+05:30		
kegy2	10	https://ncert.nic.in/textbook/pdf/kegy210.pdf	HEAD	200	487225	Sat, 28 Mar 2026 10:10:40 GMT	2026-09-25T23:22:37+05:30		
kegy2	11	https://ncert.nic.in/textbook/pdf/kegy211.pdf	HEAD	200	1250723	Sat, 28 Mar 2026 10:10:40 GMT	2026-09-25T23:22:37+05:30		
kegy2	12	https://ncert.nic.in/textbook/pdf/kegy212.pdf	HEAD	200	980507	Sat, 28 Mar 2026 10:10:40 GMT	2026-09-25T23:22:37+05:30		
kegy2	13	https://ncert.nic.in/textbook/pdf/kegy213.pdf	HEAD	200	640870	Sat, 28 Mar 2026 10:10:40 GMT	2026-09-25T23:22:37+05:30		
kegy2	14	https://ncert.nic.in/textbook/pdf/kegy214.pdf	GET	200	660142	Sat, 28 Mar 2026 10:10:40 GMT	2026-09-25T23:22:38+05:30	d393ffd6192625ad51baaff08b8041622c3e1a286c66e555128a964d33d4e7a2	yes
kegy3	1	https://ncert.nic.in/textbook/pdf/kegy301.pdf	GET	200	2784365	Sat, 28 Mar 2026 10:10:44 GMT	2026-09-25T23:22:38+05:30	819f866cf16d13d19b857441a37796950d5be25b69d23f920a2c5bd11294e6be	yes
kegy3	2	https://ncert.nic.in/textbook/pdf/kegy302.pdf	HEAD	200	850847	Sat, 28 Mar 2026 10:10:44 GMT	2026-09-25T23:22:38+05:30		
kegy3	3	https://ncert.nic.in/textbook/pdf/kegy303.pdf	HEAD	200	1014383	Sat, 28 Mar 2026 10:10:44 GMT	2026-09-25T23:22:38+05:30		
kegy3	4	https://ncert.nic.in/textbook/pdf/kegy304.pdf	HEAD	200	1521586	Sat, 28 Mar 2026 10:10:44 GMT	2026-09-25T23:22:38+05:30		
kegy3	5	https://ncert.nic.in/textbook/pdf/kegy305.pdf	HEAD	200	3066282	Sat, 28 Mar 2026 10:10:44 GMT	2026-09-25T23:22:38+05:30		
kegy3	6	https://ncert.nic.in/textbook/pdf/kegy306.pdf	GET	200	3833903	Sat, 28 Mar 2026 10:10:44 GMT	2026-09-25T23:22:39+05:30	0da607a57dd9e87f1716f855452ad67cdc79094a95f1721202383c488e7ed39f	yes
kegy1	1	https://ncert.nic.in/textbook/pdf/kegy101.pdf	GET	200	1009811	Sat, 28 Mar 2026 10:10:42 GMT	2026-09-25T23:22:38+05:30	bd0156c65e879f1c4491477dfdc66f577662c32dbb3cc1548e5965b1d0573d2a	no
kegy1	2	https://ncert.nic.in/textbook/pdf/kegy102.pdf	HEAD	200	1051256	Sat, 28 Mar 2026 10:10:42 GMT	2026-09-25T23:22:38+05:30		
kegy1	3	https://ncert.nic.in/textbook/pdf/kegy103.pdf	HEAD	200	980864	Sat, 28 Mar 2026 10:10:42 GMT	2026-09-25T23:22:38+05:30		
kegy1	4	https://ncert.nic.in/textbook/pdf/kegy104.pdf	HEAD	200	2025865	Sat, 28 Mar 2026 10:10:42 GMT	2026-09-25T23:22:38+05:30		
kegy1	5	https://ncert.nic.in/textbook/pdf/kegy105.pdf	HEAD	200	1715086	Sat, 28 Mar 2026 10:10:42 GMT	2026-09-25T23:22:38+05:30		
kegy1	6	https://ncert.nic.in/textbook/pdf/kegy106.pdf	GET	200	3089981	Sat, 28 Mar 2026 10:10:42 GMT	2026-09-25T23:22:39+05:30	eec0e12dfc4d745a641bba61b2c2b431f2e7bbc722338502a27c62860e3b793e	yes
keph1	1	https://ncert.nic.in/textbook/pdf/keph101.pdf	GET	200	1131750	Mon, 06 Jul 2026 11:05:18 GMT	2026-09-25T23:22:41+05:30	2685cb3e2582bc0b3eb48f121a3959a3ad7e93d87bcda03762e605f034fa8380	yes
keph1	2	https://ncert.nic.in/textbook/pdf/keph102.pdf	GET	200	1428396	Mon, 06 Jul 2026 11:05:20 GMT	2026-09-25T23:24:44+05:30	cd0307176cef6d2ccf50a48f4342d82cec49d191f1869dc71da4ff5173846f27	yes
keph1	3	https://ncert.nic.in/textbook/pdf/keph103.pdf	GET	200	2199149	Mon, 06 Jul 2026 11:05:20 GMT	2026-09-25T23:24:44+05:30	7619da28a2e58c099426fe256a966383a8d7da6e23c69deee42b62481aecd355	yes
keph1	4	https://ncert.nic.in/textbook/pdf/keph104.pdf	GET	200	2107298	Mon, 06 Jul 2026 11:05:20 GMT	2026-09-25T23:24:45+05:30	8a5df412b53d86040d73ec589ddc98ae23201c420973c7b910e1acca85d234ef	yes
keph1	5	https://ncert.nic.in/textbook/pdf/keph105.pdf	HEAD	200	1989036	Mon, 06 Jul 2026 11:05:20 GMT	2026-09-25T23:22:39+05:30		
keph1	6	https://ncert.nic.in/textbook/pdf/keph106.pdf	HEAD	200	4225580	Mon, 06 Jul 2026 11:05:20 GMT	2026-09-25T23:22:39+05:30		
keph1	7	https://ncert.nic.in/textbook/pdf/keph107.pdf	GET	200	1803762	Mon, 06 Jul 2026 11:05:20 GMT	2026-09-25T23:22:40+05:30	631fbe30827cd5faa745698fe337ca2cf829356aa8124f1abb4f3d82b44d499a	yes
keph2	1	https://ncert.nic.in/textbook/pdf/keph201.pdf	GET	200	1223622	Mon, 06 Jul 2026 11:05:22 GMT	2026-09-25T23:22:40+05:30	54ef32e2d3eb1e47e87f9d8e6a49423b8b2cc77e4ac5efbc7c34670c49462de6	yes
keph2	2	https://ncert.nic.in/textbook/pdf/keph202.pdf	GET	200	2186730	Mon, 06 Jul 2026 11:05:22 GMT	2026-09-25T23:24:46+05:30	3ff64c89dcbfaf99ecec307d753b0bd2d3f731f17e2f16875d74749840d223b6	yes
keph2	3	https://ncert.nic.in/textbook/pdf/keph203.pdf	GET	200	2259386	Mon, 06 Jul 2026 11:05:22 GMT	2026-09-25T23:24:46+05:30	b062894aea80298f8df2f83e34dc11f5f96577bfe08d0ad35e2e647a8446854e	yes
keph2	4	https://ncert.nic.in/textbook/pdf/keph204.pdf	HEAD	200	1810896	Mon, 06 Jul 2026 11:05:22 GMT	2026-09-25T23:22:40+05:30		
keph2	5	https://ncert.nic.in/textbook/pdf/keph205.pdf	HEAD	200	1478476	Mon, 06 Jul 2026 11:05:22 GMT	2026-09-25T23:22:40+05:30		
keph2	6	https://ncert.nic.in/textbook/pdf/keph206.pdf	HEAD	200	1595588	Mon, 06 Jul 2026 11:05:22 GMT	2026-09-25T23:22:40+05:30		
keph2	7	https://ncert.nic.in/textbook/pdf/keph207.pdf	GET	200	2026091	Mon, 06 Jul 2026 11:05:22 GMT	2026-09-25T23:22:41+05:30	9f39d09b0556c3a59b89d6b979189f960e5c663af11cdd52d6c7af0cd2e7d1c9	yes
khat1	1	https://ncert.nic.in/textbook/pdf/khat101.pdf	GET	200	2057301	Sat, 28 Mar 2026 06:01:21 GMT	2026-09-25T23:22:41+05:30	499384d9f5a5e1831a90271adf5682be3376600b150a18784da547f47948b395	
khat1	2	https://ncert.nic.in/textbook/pdf/khat102.pdf	HEAD	200	1487739	Sat, 28 Mar 2026 06:01:21 GMT	2026-09-25T23:22:40+05:30		
khat1	3	https://ncert.nic.in/textbook/pdf/khat103.pdf	HEAD	200	1108609	Sat, 28 Mar 2026 06:01:22 GMT	2026-09-25T23:22:40+05:30		
khat1	4	https://ncert.nic.in/textbook/pdf/khat104.pdf	HEAD	200	1360953	Sat, 28 Mar 2026 06:01:22 GMT	2026-09-25T23:22:41+05:30		
khat1	5	https://ncert.nic.in/textbook/pdf/khat105.pdf	HEAD	200	1115317	Sat, 28 Mar 2026 06:01:22 GMT	2026-09-25T23:22:41+05:30		
khat1	6	https://ncert.nic.in/textbook/pdf/khat106.pdf	HEAD	200	1732214	Sat, 28 Mar 2026 06:01:22 GMT	2026-09-25T23:22:41+05:30		
khat1	7	https://ncert.nic.in/textbook/pdf/khat107.pdf	HEAD	200	1606791	Sat, 28 Mar 2026 06:01:22 GMT	2026-09-25T23:22:41+05:30		
khat1	8	https://ncert.nic.in/textbook/pdf/khat108.pdf	HEAD	200	1331137	Sat, 28 Mar 2026 06:01:22 GMT	2026-09-25T23:22:41+05:30		
khat1	9	https://ncert.nic.in/textbook/pdf/khat109.pdf	HEAD	200	1018900	Sat, 28 Mar 2026 06:01:22 GMT	2026-09-25T23:22:41+05:30		
khat1	10	https://ncert.nic.in/textbook/pdf/khat110.pdf	HEAD	200	867491	Sat, 28 Mar 2026 06:01:22 GMT	2026-09-25T23:22:41+05:30		
khat1	11	https://ncert.nic.in/textbook/pdf/khat111.pdf	HEAD	200	861509	Sat, 28 Mar 2026 06:01:22 GMT	2026-09-25T23:22:41+05:30		
khat1	12	https://ncert.nic.in/textbook/pdf/khat112.pdf	HEAD	200	1123790	Sat, 28 Mar 2026 06:01:22 GMT	2026-09-25T23:22:41+05:30		
khat1	13	https://ncert.nic.in/textbook/pdf/khat113.pdf	HEAD	200	881338	Sat, 28 Mar 2026 06:01:23 GMT	2026-09-25T23:22:41+05:30		
khat1	14	https://ncert.nic.in/textbook/pdf/khat114.pdf	HEAD	200	1064298	Sat, 28 Mar 2026 06:01:23 GMT	2026-09-25T23:22:41+05:30		
khat1	15	https://ncert.nic.in/textbook/pdf/khat115.pdf	HEAD	200	942759	Sat, 28 Mar 2026 06:01:23 GMT	2026-09-25T23:22:41+05:30		
khat1	16	https://ncert.nic.in/textbook/pdf/khat116.pdf	GET	200	868995	Sat, 28 Mar 2026 06:01:23 GMT	2026-09-25T23:22:42+05:30	43a2a6785eb50d2edbd164fa2fc65a1a3a44ed32343ec6cf4ab6c6ee89a810bb	
khar1	1	https://ncert.nic.in/textbook/pdf/khar101.pdf	GET	200	1994382	Sat, 28 Mar 2026 06:01:19 GMT	2026-09-25T23:22:42+05:30	39f7326a83e2b45331e361684c30752f7325a62524e11fca2b7ef463d830097d	
khar1	2	https://ncert.nic.in/textbook/pdf/khar102.pdf	HEAD	200	1413261	Sat, 28 Mar 2026 06:01:19 GMT	2026-09-25T23:22:41+05:30		
khar1	3	https://ncert.nic.in/textbook/pdf/khar103.pdf	HEAD	200	1472071	Sat, 28 Mar 2026 06:01:19 GMT	2026-09-25T23:22:42+05:30		
khar1	4	https://ncert.nic.in/textbook/pdf/khar104.pdf	HEAD	200	1244732	Sat, 28 Mar 2026 06:01:19 GMT	2026-09-25T23:22:42+05:30		
khar1	5	https://ncert.nic.in/textbook/pdf/khar105.pdf	HEAD	200	1572794	Sat, 28 Mar 2026 06:01:19 GMT	2026-09-25T23:22:42+05:30		
khar1	6	https://ncert.nic.in/textbook/pdf/khar106.pdf	HEAD	200	1990733	Sat, 28 Mar 2026 06:01:20 GMT	2026-09-25T23:22:42+05:30		
khar1	7	https://ncert.nic.in/textbook/pdf/khar107.pdf	HEAD	200	1487763	Sat, 28 Mar 2026 06:01:20 GMT	2026-09-25T23:22:42+05:30		
khar1	8	https://ncert.nic.in/textbook/pdf/khar108.pdf	HEAD	200	936085	Sat, 28 Mar 2026 06:01:20 GMT	2026-09-25T23:22:42+05:30		
khar1	9	https://ncert.nic.in/textbook/pdf/khar109.pdf	HEAD	200	1006065	Sat, 28 Mar 2026 06:01:20 GMT	2026-09-25T23:22:42+05:30		
khar1	10	https://ncert.nic.in/textbook/pdf/khar110.pdf	HEAD	200	827019	Sat, 28 Mar 2026 06:01:20 GMT	2026-09-25T23:22:42+05:30		
khar1	11	https://ncert.nic.in/textbook/pdf/khar111.pdf	HEAD	200	1170291	Sat, 28 Mar 2026 06:01:20 GMT	2026-09-25T23:22:42+05:30		
khar1	12	https://ncert.nic.in/textbook/pdf/khar112.pdf	HEAD	200	977252	Sat, 28 Mar 2026 06:01:20 GMT	2026-09-25T23:22:42+05:30		
khar1	13	https://ncert.nic.in/textbook/pdf/khar113.pdf	HEAD	200	862328	Sat, 28 Mar 2026 06:01:20 GMT	2026-09-25T23:22:42+05:30		
khar1	14	https://ncert.nic.in/textbook/pdf/khar114.pdf	HEAD	200	797923	Sat, 28 Mar 2026 06:01:20 GMT	2026-09-25T23:22:42+05:30		
khar1	15	https://ncert.nic.in/textbook/pdf/khar115.pdf	HEAD	200	931139	Sat, 28 Mar 2026 06:01:20 GMT	2026-09-25T23:22:42+05:30		
khar1	16	https://ncert.nic.in/textbook/pdf/khar116.pdf	GET	200	967438	Sat, 28 Mar 2026 06:01:20 GMT	2026-09-25T23:22:43+05:30	48c7a81d939d5f3fa11a60b387ae6136790458e92a457346636da13cb6197ff1	
khvt1	1	https://ncert.nic.in/textbook/pdf/khvt101.pdf	GET	200	1180798	Sat, 28 Mar 2026 06:01:20 GMT	2026-09-25T23:22:43+05:30	1a79ba37ce66a34a6b59ad71b865fd283210d206d4956372d98a04d64cf3afbd	
khvt1	2	https://ncert.nic.in/textbook/pdf/khvt102.pdf	HEAD	200	1768269	Sat, 28 Mar 2026 06:01:21 GMT	2026-09-25T23:22:42+05:30		
khvt1	3	https://ncert.nic.in/textbook/pdf/khvt103.pdf	HEAD	200	3307895	Sat, 28 Mar 2026 06:01:21 GMT	2026-09-25T23:22:43+05:30		
khvt1	4	https://ncert.nic.in/textbook/pdf/khvt104.pdf	HEAD	200	1596811	Sat, 28 Mar 2026 06:01:21 GMT	2026-09-25T23:22:43+05:30		
khvt1	5	https://ncert.nic.in/textbook/pdf/khvt105.pdf	GET	200	693828	Sat, 28 Mar 2026 06:01:21 GMT	2026-09-25T23:22:43+05:30	91a1eb5aef7acb067c18bdf84bd9db6b09eba795e4d1422be4836e8c43c1aefb	
khan1	1	https://ncert.nic.in/textbook/pdf/khan101.pdf	GET	200	2056758	Sat, 28 Mar 2026 06:01:23 GMT	2026-09-25T23:22:45+05:30	1579f98831f0702b0d857ba4a8d7262a6ddab962aba5360607249e972a61c7d9	
khan1	2	https://ncert.nic.in/textbook/pdf/khan102.pdf	GET	200	3421568	Sat, 28 Mar 2026 06:01:23 GMT	2026-09-25T23:22:48+05:30	7e573dfabd7291e925a48e30981b6897b70d375d57d5ac6b253b20cd5d67821c	
kesy1	1	https://ncert.nic.in/textbook/pdf/kesy101.pdf	GET	200	4474983	Sat, 28 Mar 2026 08:41:50 GMT	2026-09-25T23:22:44+05:30	426c13fca655cac86c3822ade4c77a32aa453b9572489f4a20ad8339aa08d60b	yes
kesy1	2	https://ncert.nic.in/textbook/pdf/kesy102.pdf	HEAD	200	1947272	Sat, 28 Mar 2026 08:41:50 GMT	2026-09-25T23:22:43+05:30		
kesy1	3	https://ncert.nic.in/textbook/pdf/kesy103.pdf	HEAD	200	4587847	Sat, 28 Mar 2026 08:41:50 GMT	2026-09-25T23:22:43+05:30		
kesy1	4	https://ncert.nic.in/textbook/pdf/kesy104.pdf	HEAD	200	2593612	Sat, 28 Mar 2026 08:41:50 GMT	2026-09-25T23:22:44+05:30		
kesy1	5	https://ncert.nic.in/textbook/pdf/kesy105.pdf	GET	200	1895827	Sat, 28 Mar 2026 08:41:50 GMT	2026-09-25T23:22:44+05:30	24790caf16627c885945d257b7df56842a14f85adb24b8a63440aeaab8381392	yes
kesy2	1	https://ncert.nic.in/textbook/pdf/kesy201.pdf	GET	200	2118404	Sat, 28 Mar 2026 08:41:52 GMT	2026-09-25T23:22:45+05:30	2ecaf0b4e2d3a0d20b63f26368d2c4071792d23dafb0905b2136b48c85f1b8d5	yes
kesy2	2	https://ncert.nic.in/textbook/pdf/kesy202.pdf	HEAD	200	2839790	Sat, 28 Mar 2026 08:41:52 GMT	2026-09-25T23:22:44+05:30		
kesy2	3	https://ncert.nic.in/textbook/pdf/kesy203.pdf	HEAD	200	1811005	Sat, 28 Mar 2026 08:41:52 GMT	2026-09-25T23:22:44+05:30		
kesy2	4	https://ncert.nic.in/textbook/pdf/kesy204.pdf	HEAD	200	2241957	Sat, 28 Mar 2026 08:41:52 GMT	2026-09-25T23:22:45+05:30		
kesy2	5	https://ncert.nic.in/textbook/pdf/kesy205.pdf	GET	200	2415918	Sat, 28 Mar 2026 08:41:53 GMT	2026-09-25T23:22:45+05:30	d015394f2e8bbcd4e7cfb21392663dacbd6ac6613f6e9b3447076dc88ddabf9f	yes
keww1	1	https://ncert.nic.in/textbook/pdf/keww101.pdf	GET	200	1126008	Sat, 28 Mar 2026 06:01:27 GMT	2026-09-25T23:22:45+05:30	445f82ec4e3020bc2d7f133d177edc49a19e143d9c80b2f12fb0afbc23493cb0	yes
keww1	2	https://ncert.nic.in/textbook/pdf/keww102.pdf	HEAD	200	1241756	Sat, 28 Mar 2026 06:01:27 GMT	2026-09-25T23:22:45+05:30		
keww1	3	https://ncert.nic.in/textbook/pdf/keww103.pdf	HEAD	200	1709277	Sat, 28 Mar 2026 06:01:27 GMT	2026-09-25T23:22:45+05:30		
keww1	4	https://ncert.nic.in/textbook/pdf/keww104.pdf	HEAD	200	1772438	Sat, 28 Mar 2026 06:01:27 GMT	2026-09-25T23:22:45+05:30		
keww1	5	https://ncert.nic.in/textbook/pdf/keww105.pdf	HEAD	200	925260	Sat, 28 Mar 2026 06:01:27 GMT	2026-09-25T23:22:45+05:30		
keww1	6	https://ncert.nic.in/textbook/pdf/keww106.pdf	HEAD	200	2040233	Sat, 28 Mar 2026 06:01:27 GMT	2026-09-25T23:22:45+05:30		
keww1	7	https://ncert.nic.in/textbook/pdf/keww107.pdf	HEAD	200	1571936	Sat, 28 Mar 2026 06:01:27 GMT	2026-09-25T23:22:45+05:30		
keww1	8	https://ncert.nic.in/textbook/pdf/keww108.pdf	HEAD	200	985247	Sat, 28 Mar 2026 06:01:28 GMT	2026-09-25T23:22:45+05:30		
keww1	11	https://ncert.nic.in/textbook/pdf/keww111.pdf	HEAD	200	729439	Sat, 28 Mar 2026 06:01:26 GMT	2026-09-25T23:22:45+05:30		
keww1	12	https://ncert.nic.in/textbook/pdf/keww112.pdf	HEAD	200	653773	Sat, 28 Mar 2026 06:01:26 GMT	2026-09-25T23:22:45+05:30		
keww1	13	https://ncert.nic.in/textbook/pdf/keww113.pdf	HEAD	200	719282	Sat, 28 Mar 2026 06:01:26 GMT	2026-09-25T23:22:46+05:30		
keww1	14	https://ncert.nic.in/textbook/pdf/keww114.pdf	HEAD	200	725644	Sat, 28 Mar 2026 06:01:26 GMT	2026-09-25T23:22:46+05:30		
keww1	15	https://ncert.nic.in/textbook/pdf/keww115.pdf	HEAD	200	656940	Sat, 28 Mar 2026 06:01:26 GMT	2026-09-25T23:22:46+05:30		
keww1	16	https://ncert.nic.in/textbook/pdf/keww116.pdf	HEAD	200	654294	Sat, 28 Mar 2026 06:01:26 GMT	2026-09-25T23:22:46+05:30		
keww1	17	https://ncert.nic.in/textbook/pdf/keww117.pdf	HEAD	200	752456	Sat, 28 Mar 2026 06:01:26 GMT	2026-09-25T23:22:46+05:30		
keww1	18	https://ncert.nic.in/textbook/pdf/keww118.pdf	HEAD	200	1107937	Sat, 28 Mar 2026 06:01:26 GMT	2026-09-25T23:22:46+05:30		
keww1	19	https://ncert.nic.in/textbook/pdf/keww119.pdf	HEAD	200	719481	Sat, 28 Mar 2026 06:01:26 GMT	2026-09-25T23:22:46+05:30		
keww1	20	https://ncert.nic.in/textbook/pdf/keww120.pdf	HEAD	200	727819	Sat, 28 Mar 2026 06:01:26 GMT	2026-09-25T23:22:46+05:30		
keww1	21	https://ncert.nic.in/textbook/pdf/keww121.pdf	HEAD	200	872728	Sat, 28 Mar 2026 06:01:27 GMT	2026-09-25T23:22:46+05:30		
keww1	22	https://ncert.nic.in/textbook/pdf/keww122.pdf	HEAD	200	767874	Sat, 28 Mar 2026 06:01:27 GMT	2026-09-25T23:22:46+05:30		
keww1	31	https://ncert.nic.in/textbook/pdf/keww131.pdf	HEAD	200	973829	Sat, 28 Mar 2026 06:01:26 GMT	2026-09-25T23:22:46+05:30		
keww1	32	https://ncert.nic.in/textbook/pdf/keww132.pdf	HEAD	200	722812	Sat, 28 Mar 2026 06:01:26 GMT	2026-09-25T23:22:46+05:30		
keww1	33	https://ncert.nic.in/textbook/pdf/keww133.pdf	HEAD	200	1055456	Sat, 28 Mar 2026 06:01:26 GMT	2026-09-25T23:22:46+05:30		
keww1	34	https://ncert.nic.in/textbook/pdf/keww134.pdf	HEAD	200	1857751	Sat, 28 Mar 2026 06:01:26 GMT	2026-09-25T23:22:46+05:30		
keww1	35	https://ncert.nic.in/textbook/pdf/keww135.pdf	HEAD	200	1053891	Sat, 28 Mar 2026 06:01:26 GMT	2026-09-25T23:22:46+05:30		
keww1	36	https://ncert.nic.in/textbook/pdf/keww136.pdf	HEAD	200	922113	Sat, 28 Mar 2026 06:01:26 GMT	2026-09-25T23:22:46+05:30		
keww1	37	https://ncert.nic.in/textbook/pdf/keww137.pdf	GET	200	1243784	Sat, 28 Mar 2026 06:01:26 GMT	2026-09-25T23:22:47+05:30	fd7e079a35ca033cf9a286f4de38c609d735f2b93192866192d2ddfc7aead2bf	yes
kehb1	1	https://ncert.nic.in/textbook/pdf/kehb101.pdf	GET	200	1496644	Sat, 28 Mar 2026 06:01:24 GMT	2026-09-25T23:22:47+05:30	165f8d07d863c2d72a32c9caeadb7bcb8c2245e7ff175cee244582e50cd2360a	yes
kehb1	2	https://ncert.nic.in/textbook/pdf/kehb102.pdf	HEAD	200	1273674	Sat, 28 Mar 2026 06:01:24 GMT	2026-09-25T23:22:46+05:30		
kehb1	3	https://ncert.nic.in/textbook/pdf/kehb103.pdf	HEAD	200	1904694	Sat, 28 Mar 2026 06:01:24 GMT	2026-09-25T23:22:47+05:30		
kehb1	4	https://ncert.nic.in/textbook/pdf/kehb104.pdf	HEAD	200	1190268	Sat, 28 Mar 2026 06:01:24 GMT	2026-09-25T23:22:47+05:30		
kehb1	5	https://ncert.nic.in/textbook/pdf/kehb105.pdf	HEAD	200	1610268	Sat, 28 Mar 2026 06:01:24 GMT	2026-09-25T23:22:47+05:30		
kehb1	6	https://ncert.nic.in/textbook/pdf/kehb106.pdf	HEAD	200	1624715	Sat, 28 Mar 2026 06:01:24 GMT	2026-09-25T23:22:47+05:30		
kehb1	11	https://ncert.nic.in/textbook/pdf/kehb111.pdf	HEAD	200	1195491	Sat, 28 Mar 2026 06:01:24 GMT	2026-09-25T23:22:47+05:30		
kehb1	12	https://ncert.nic.in/textbook/pdf/kehb112.pdf	HEAD	200	893381	Sat, 28 Mar 2026 06:01:24 GMT	2026-09-25T23:22:47+05:30		
kehb1	13	https://ncert.nic.in/textbook/pdf/kehb113.pdf	HEAD	200	821168	Sat, 28 Mar 2026 06:01:24 GMT	2026-09-25T23:22:47+05:30		
kehb1	14	https://ncert.nic.in/textbook/pdf/kehb114.pdf	HEAD	200	1094847	Sat, 28 Mar 2026 06:01:25 GMT	2026-09-25T23:22:47+05:30		
kehb1	15	https://ncert.nic.in/textbook/pdf/kehb115.pdf	HEAD	200	1247373	Sat, 28 Mar 2026 06:01:25 GMT	2026-09-25T23:22:47+05:30		
kehb1	16	https://ncert.nic.in/textbook/pdf/kehb116.pdf	GET	200	821126	Sat, 28 Mar 2026 06:01:25 GMT	2026-09-25T23:22:48+05:30	73d7cdef9540d857368bca5f3ff8c7da8c0687ee4dc6aea3c96e0fb992348635	yes
kesp1	1	https://ncert.nic.in/textbook/pdf/kesp101.pdf	GET	200	1217662	Sat, 28 Mar 2026 06:01:25 GMT	2026-09-25T23:22:48+05:30	3fa28c342601eb84c29f74276d166ad9849a6ed33498fbe971c03aeaca271277	yes
kesp1	2	https://ncert.nic.in/textbook/pdf/kesp102.pdf	HEAD	200	928303	Sat, 28 Mar 2026 06:01:25 GMT	2026-09-25T23:22:47+05:30		
kesp1	3	https://ncert.nic.in/textbook/pdf/kesp103.pdf	HEAD	200	2201871	Sat, 28 Mar 2026 06:01:25 GMT	2026-09-25T23:22:47+05:30		
kesp1	4	https://ncert.nic.in/textbook/pdf/kesp104.pdf	HEAD	200	934375	Sat, 28 Mar 2026 06:01:25 GMT	2026-09-25T23:22:48+05:30		
kesp1	5	https://ncert.nic.in/textbook/pdf/kesp105.pdf	GET	200	1275197	Sat, 28 Mar 2026 06:01:25 GMT	2026-09-25T23:22:48+05:30	e686f900ca34005fd7eaa8c20b7b7dcab73155089f85a03c3fe8db4081366569	yes
keps1	1	https://ncert.nic.in/textbook/pdf/keps101.pdf	GET	200	1774587	Sat, 28 Mar 2026 08:42:12 GMT	2026-09-25T23:22:48+05:30	b15effc228ce71685cf8a98aed8a248ba67a1f5db82e4be524306f4cddf60c25	no
keps1	2	https://ncert.nic.in/textbook/pdf/keps102.pdf	HEAD	200	2077214	Sat, 28 Mar 2026 08:42:12 GMT	2026-09-25T23:22:48+05:30		
keps1	3	https://ncert.nic.in/textbook/pdf/keps103.pdf	HEAD	200	2916793	Sat, 28 Mar 2026 08:42:12 GMT	2026-09-25T23:22:48+05:30		
keps1	4	https://ncert.nic.in/textbook/pdf/keps104.pdf	HEAD	200	2039898	Sat, 28 Mar 2026 08:42:12 GMT	2026-09-25T23:22:48+05:30		
keps1	5	https://ncert.nic.in/textbook/pdf/keps105.pdf	HEAD	200	1840677	Sat, 28 Mar 2026 08:42:12 GMT	2026-09-25T23:22:48+05:30		
keps1	6	https://ncert.nic.in/textbook/pdf/keps106.pdf	HEAD	200	2573692	Sat, 28 Mar 2026 08:42:12 GMT	2026-09-25T23:22:48+05:30		
keps1	7	https://ncert.nic.in/textbook/pdf/keps107.pdf	HEAD	200	2710837	Sat, 28 Mar 2026 08:42:13 GMT	2026-09-25T23:22:48+05:30		
keps1	8	https://ncert.nic.in/textbook/pdf/keps108.pdf	GET	200	2309489	Sat, 28 Mar 2026 08:42:13 GMT	2026-09-25T23:22:49+05:30	4ecca5c0bb1075aac04993be5a7a06765de591811fe3794da79c2c1ad0b7e01a	yes
keps2	1	https://ncert.nic.in/textbook/pdf/keps201.pdf	GET	200	2901658	Sat, 28 Mar 2026 08:41:45 GMT	2026-09-25T23:22:49+05:30	6f27328080595e7e4aa2af6ae5f4b6c59da65214a29d7346bee4cffbdb4e5166	yes
keps2	2	https://ncert.nic.in/textbook/pdf/keps202.pdf	HEAD	200	2952859	Sat, 28 Mar 2026 08:41:46 GMT	2026-09-25T23:22:48+05:30		
keps2	3	https://ncert.nic.in/textbook/pdf/keps203.pdf	HEAD	200	3215871	Sat, 28 Mar 2026 08:41:46 GMT	2026-09-25T23:22:48+05:30		
keps2	4	https://ncert.nic.in/textbook/pdf/keps204.pdf	HEAD	200	2863400	Sat, 28 Mar 2026 08:41:46 GMT	2026-09-25T23:22:49+05:30		
keps2	5	https://ncert.nic.in/textbook/pdf/keps205.pdf	HEAD	200	3140019	Sat, 28 Mar 2026 08:41:46 GMT	2026-09-25T23:22:49+05:30		
keps2	6	https://ncert.nic.in/textbook/pdf/keps206.pdf	HEAD	200	3060417	Sat, 28 Mar 2026 08:41:46 GMT	2026-09-25T23:22:49+05:30		
keps2	7	https://ncert.nic.in/textbook/pdf/keps207.pdf	HEAD	200	3582494	Sat, 28 Mar 2026 08:41:47 GMT	2026-09-25T23:22:49+05:30		
keps2	8	https://ncert.nic.in/textbook/pdf/keps208.pdf	HEAD	200	2719865	Sat, 28 Mar 2026 08:41:47 GMT	2026-09-25T23:22:49+05:30		
keps2	9	https://ncert.nic.in/textbook/pdf/keps209.pdf	HEAD	200	2613189	Sat, 28 Mar 2026 08:41:47 GMT	2026-09-25T23:22:49+05:30		
keps2	10	https://ncert.nic.in/textbook/pdf/keps210.pdf	GET	200	2537542	Sat, 28 Mar 2026 08:41:47 GMT	2026-09-25T23:22:50+05:30	f2034da1647672de785b439ed02c561a2243092cce74fc3e8a0634812473ff3f	yes
kehs1	1	https://ncert.nic.in/textbook/pdf/kehs101.pdf	GET	200	3791345	Sat, 28 Mar 2026 10:10:34 GMT	2026-09-25T23:22:51+05:30	fb9875c4ccde7c733b3f388f1645163f67217f5ce5fe4fa9c42b4d4ef4c5e321	yes
kehs1	2	https://ncert.nic.in/textbook/pdf/kehs102.pdf	HEAD	200	6147230	Sat, 28 Mar 2026 10:10:34 GMT	2026-09-25T23:22:49+05:30		
kehs1	3	https://ncert.nic.in/textbook/pdf/kehs103.pdf	HEAD	200	1797020	Sat, 28 Mar 2026 10:10:34 GMT	2026-09-25T23:22:49+05:30		
kehs1	4	https://ncert.nic.in/textbook/pdf/kehs104.pdf	HEAD	200	3101174	Sat, 28 Mar 2026 10:10:36 GMT	2026-09-25T23:22:50+05:30		
kehs1	5	https://ncert.nic.in/textbook/pdf/kehs105.pdf	HEAD	200	2157034	Sat, 28 Mar 2026 10:10:36 GMT	2026-09-25T23:22:50+05:30		
kehs1	6	https://ncert.nic.in/textbook/pdf/kehs106.pdf	HEAD	200	3691877	Sat, 28 Mar 2026 10:10:36 GMT	2026-09-25T23:22:50+05:30		
kehs1	7	https://ncert.nic.in/textbook/pdf/kehs107.pdf	GET	200	3736350	Sat, 28 Mar 2026 10:10:36 GMT	2026-09-25T23:22:51+05:30	e03f315fad9c0f58257e954ce478b8a019ef0378e1ce5b19bfcece32ea3a364b	yes
keec1	1	https://ncert.nic.in/textbook/pdf/keec101.pdf	GET	200	2236190	Tue, 01 Sep 2026 10:21:36 GMT	2026-09-25T23:22:52+05:30	175f2deafc11d6d957befa4513adfeed36e8276ec9ec6d018584ee100eccdaa1	no
keec1	2	https://ncert.nic.in/textbook/pdf/keec102.pdf	HEAD	200	2528814	Tue, 01 Sep 2026 10:21:36 GMT	2026-09-25T23:22:50+05:30		
keec1	3	https://ncert.nic.in/textbook/pdf/keec103.pdf	HEAD	200	2919439	Tue, 01 Sep 2026 10:21:38 GMT	2026-09-25T23:22:50+05:30		
keec1	4	https://ncert.nic.in/textbook/pdf/keec104.pdf	HEAD	200	2940292	Tue, 01 Sep 2026 10:21:38 GMT	2026-09-25T23:22:50+05:30		
keec1	5	https://ncert.nic.in/textbook/pdf/keec105.pdf	HEAD	200	3122347	Tue, 01 Sep 2026 10:21:38 GMT	2026-09-25T23:22:50+05:30		
keec1	6	https://ncert.nic.in/textbook/pdf/keec106.pdf	HEAD	200	2210661	Tue, 01 Sep 2026 10:21:38 GMT	2026-09-25T23:22:51+05:30		
keec1	7	https://ncert.nic.in/textbook/pdf/keec107.pdf	HEAD	200	4319039	Tue, 01 Sep 2026 10:21:38 GMT	2026-09-25T23:22:51+05:30		
keec1	8	https://ncert.nic.in/textbook/pdf/keec108.pdf	GET	200	2780725	Tue, 01 Sep 2026 10:21:40 GMT	2026-09-25T23:22:51+05:30	cfa442e1daaf5782deae47c365e0e7ae189ed8d4ea07397db4675fed53c36386	no
kest1	1	https://ncert.nic.in/textbook/pdf/kest101.pdf	GET	200	1301308	Mon, 06 Jul 2026 11:05:24 GMT	2026-09-25T23:22:52+05:30	6de9027fd6d0cc2837a5323f4c1378db81b39296a577cb06b9ba3fec74777d7a	yes
kest1	2	https://ncert.nic.in/textbook/pdf/kest102.pdf	HEAD	200	1821938	Mon, 06 Jul 2026 11:05:24 GMT	2026-09-25T23:22:51+05:30		
kest1	3	https://ncert.nic.in/textbook/pdf/kest103.pdf	HEAD	200	2165595	Mon, 06 Jul 2026 11:05:24 GMT	2026-09-25T23:22:51+05:30		
kest1	4	https://ncert.nic.in/textbook/pdf/kest104.pdf	HEAD	200	2287486	Mon, 06 Jul 2026 11:05:24 GMT	2026-09-25T23:22:52+05:30		
kest1	5	https://ncert.nic.in/textbook/pdf/kest105.pdf	HEAD	200	1384553	Mon, 06 Jul 2026 11:05:24 GMT	2026-09-25T23:22:52+05:30		
kest1	6	https://ncert.nic.in/textbook/pdf/kest106.pdf	HEAD	200	1964131	Mon, 06 Jul 2026 11:05:24 GMT	2026-09-25T23:22:52+05:30		
kest1	7	https://ncert.nic.in/textbook/pdf/kest107.pdf	HEAD	200	1201974	Mon, 06 Jul 2026 11:05:24 GMT	2026-09-25T23:22:52+05:30		
kest1	8	https://ncert.nic.in/textbook/pdf/kest108.pdf	GET	200	1890976	Mon, 06 Jul 2026 11:05:24 GMT	2026-09-25T23:22:52+05:30	a5efcc9f0a09bb1b77fb6d052b2c32886585d3060d688a0d87fa6b72561a5a21	yes
kebs1	1	https://ncert.nic.in/textbook/pdf/kebs101.pdf	GET	200	1968175	Sat, 28 Mar 2026 08:41:54 GMT	2026-09-25T23:22:52+05:30	de5f8773215c5fe9a70a068fb02ed7cd7cf22a7f0b2615bcc857583e444a0648	yes
kebs1	2	https://ncert.nic.in/textbook/pdf/kebs102.pdf	HEAD	200	2409624	Sat, 28 Mar 2026 08:41:55 GMT	2026-09-25T23:22:52+05:30		
kebs1	3	https://ncert.nic.in/textbook/pdf/kebs103.pdf	HEAD	200	1735224	Sat, 28 Mar 2026 08:41:55 GMT	2026-09-25T23:22:52+05:30		
kebs1	4	https://ncert.nic.in/textbook/pdf/kebs104.pdf	HEAD	200	2690463	Sat, 28 Mar 2026 08:41:55 GMT	2026-09-25T23:22:52+05:30		
kebs1	5	https://ncert.nic.in/textbook/pdf/kebs105.pdf	HEAD	200	1954583	Sat, 28 Mar 2026 08:41:56 GMT	2026-09-25T23:22:52+05:30		
kebs1	6	https://ncert.nic.in/textbook/pdf/kebs106.pdf	HEAD	200	1442619	Sat, 28 Mar 2026 08:41:56 GMT	2026-09-25T23:22:52+05:30		
kebs1	7	https://ncert.nic.in/textbook/pdf/kebs107.pdf	HEAD	200	1572014	Sat, 28 Mar 2026 08:41:56 GMT	2026-09-25T23:22:53+05:30		
kebs1	8	https://ncert.nic.in/textbook/pdf/kebs108.pdf	HEAD	200	2210033	Sat, 28 Mar 2026 08:41:56 GMT	2026-09-25T23:22:53+05:30		
kebs1	9	https://ncert.nic.in/textbook/pdf/kebs109.pdf	HEAD	200	1330214	Sat, 28 Mar 2026 08:41:56 GMT	2026-09-25T23:22:53+05:30		
kebs1	10	https://ncert.nic.in/textbook/pdf/kebs110.pdf	HEAD	200	2428011	Sat, 28 Mar 2026 08:41:57 GMT	2026-09-25T23:22:53+05:30		
kebs1	11	https://ncert.nic.in/textbook/pdf/kebs111.pdf	GET	200	3201911	Sat, 28 Mar 2026 08:50:46 GMT	2026-09-25T23:22:53+05:30	5c3fda00623ecf64a535c7ba122deb169ac5bcf17b663787a859339596192069	yes
kuna1	1	https://ncert.nic.in/textbook/pdf/kuna101.pdf	GET	200	1363023	Fri, 12 Jun 2020 09:39:10 GMT	2026-09-25T23:22:53+05:30	8977db2be5a07a209db03d9d6ee63d285421f29ab2541f5f07b75bbf67d476b5	
kuna1	2	https://ncert.nic.in/textbook/pdf/kuna102.pdf	HEAD	200	3398485	Fri, 12 Jun 2020 09:39:12 GMT	2026-09-25T23:22:53+05:30		
kuna1	3	https://ncert.nic.in/textbook/pdf/kuna103.pdf	HEAD	200	2053772	Fri, 12 Jun 2020 09:39:14 GMT	2026-09-25T23:22:53+05:30		
kuna1	4	https://ncert.nic.in/textbook/pdf/kuna104.pdf	HEAD	200	2854030	Fri, 12 Jun 2020 09:39:16 GMT	2026-09-25T23:22:53+05:30		
kuna1	5	https://ncert.nic.in/textbook/pdf/kuna105.pdf	HEAD	200	1987709	Fri, 12 Jun 2020 09:39:18 GMT	2026-09-25T23:22:53+05:30		
kuna1	6	https://ncert.nic.in/textbook/pdf/kuna106.pdf	HEAD	200	2465862	Fri, 12 Jun 2020 09:39:18 GMT	2026-09-25T23:22:53+05:30		
kuna1	7	https://ncert.nic.in/textbook/pdf/kuna107.pdf	HEAD	200	1497056	Fri, 12 Jun 2020 09:39:18 GMT	2026-09-25T23:22:53+05:30		
kuna1	8	https://ncert.nic.in/textbook/pdf/kuna108.pdf	HEAD	200	3234677	Fri, 12 Jun 2020 09:39:22 GMT	2026-09-25T23:22:53+05:30		
kuna1	9	https://ncert.nic.in/textbook/pdf/kuna109.pdf	HEAD	200	1871751	Fri, 12 Jun 2020 09:39:22 GMT	2026-09-25T23:22:54+05:30		
kuna1	10	https://ncert.nic.in/textbook/pdf/kuna110.pdf	HEAD	200	1413859	Fri, 12 Jun 2020 09:39:22 GMT	2026-09-25T23:22:53+05:30		
kuna1	11	https://ncert.nic.in/textbook/pdf/kuna111.pdf	HEAD	200	1955833	Fri, 12 Jun 2020 09:39:24 GMT	2026-09-25T23:22:54+05:30		
kuna1	12	https://ncert.nic.in/textbook/pdf/kuna112.pdf	HEAD	200	1699163	Fri, 12 Jun 2020 09:39:26 GMT	2026-09-25T23:22:54+05:30		
kuna1	13	https://ncert.nic.in/textbook/pdf/kuna113.pdf	HEAD	200	3257837	Fri, 12 Jun 2020 09:39:26 GMT	2026-09-25T23:22:54+05:30		
kuna1	14	https://ncert.nic.in/textbook/pdf/kuna114.pdf	HEAD	200	2195313	Fri, 12 Jun 2020 09:39:28 GMT	2026-09-25T23:22:54+05:30		
kuna1	15	https://ncert.nic.in/textbook/pdf/kuna115.pdf	HEAD	200	995285	Fri, 12 Jun 2020 09:39:28 GMT	2026-09-25T23:22:54+05:30		
kuna1	16	https://ncert.nic.in/textbook/pdf/kuna116.pdf	HEAD	200	946472	Fri, 12 Jun 2020 09:39:30 GMT	2026-09-25T23:22:54+05:30		
kuna1	17	https://ncert.nic.in/textbook/pdf/kuna117.pdf	HEAD	200	1069050	Fri, 12 Jun 2020 09:39:30 GMT	2026-09-25T23:22:54+05:30		
kuna1	18	https://ncert.nic.in/textbook/pdf/kuna118.pdf	HEAD	200	632126	Fri, 12 Jun 2020 09:39:32 GMT	2026-09-25T23:22:54+05:30		
kuna1	19	https://ncert.nic.in/textbook/pdf/kuna119.pdf	HEAD	200	774523	Fri, 12 Jun 2020 09:39:34 GMT	2026-09-25T23:22:54+05:30		
kuna1	20	https://ncert.nic.in/textbook/pdf/kuna120.pdf	GET	200	953929	Fri, 12 Jun 2020 09:39:34 GMT	2026-09-25T23:22:54+05:30	2860bb0626ff0eac674ec4028aa5fc05974fde59c394777c0518e174d3f2ee77	
kudh1	1	https://ncert.nic.in/textbook/pdf/kudh101.pdf	GET	200	1672613	Wed, 22 May 2019 05:22:24 GMT	2026-09-25T23:22:54+05:30	d1ad5ae9f94025824598c3c219ebdc17e2627e1a4c291b0c1ac2632ff795401f	
kudh1	2	https://ncert.nic.in/textbook/pdf/kudh102.pdf	HEAD	200	827839	Wed, 22 May 2019 05:22:40 GMT	2026-09-25T23:22:54+05:30		
kudh1	3	https://ncert.nic.in/textbook/pdf/kudh103.pdf	HEAD	200	725015	Wed, 22 May 2019 05:22:46 GMT	2026-09-25T23:22:54+05:30		
kudh1	4	https://ncert.nic.in/textbook/pdf/kudh104.pdf	HEAD	200	811979	Wed, 22 May 2019 05:22:54 GMT	2026-09-25T23:22:54+05:30		
kudh1	5	https://ncert.nic.in/textbook/pdf/kudh105.pdf	HEAD	200	832091	Wed, 22 May 2019 05:23:00 GMT	2026-09-25T23:22:54+05:30		
kudh1	6	https://ncert.nic.in/textbook/pdf/kudh106.pdf	HEAD	200	901138	Wed, 22 May 2019 05:23:06 GMT	2026-09-25T23:22:55+05:30		
kudh1	7	https://ncert.nic.in/textbook/pdf/kudh107.pdf	HEAD	200	779075	Wed, 22 May 2019 05:24:38 GMT	2026-09-25T23:22:54+05:30		
kudh1	8	https://ncert.nic.in/textbook/pdf/kudh108.pdf	HEAD	200	777896	Wed, 22 May 2019 05:24:44 GMT	2026-09-25T23:22:55+05:30		
kudh1	9	https://ncert.nic.in/textbook/pdf/kudh109.pdf	HEAD	200	979239	Wed, 22 May 2019 05:24:52 GMT	2026-09-25T23:22:55+05:30		
kudh1	10	https://ncert.nic.in/textbook/pdf/kudh110.pdf	HEAD	200	841976	Wed, 22 May 2019 05:26:30 GMT	2026-09-25T23:22:55+05:30		
kudh1	11	https://ncert.nic.in/textbook/pdf/kudh111.pdf	HEAD	200	833538	Wed, 22 May 2019 05:26:38 GMT	2026-09-25T23:22:55+05:30		
kudh1	12	https://ncert.nic.in/textbook/pdf/kudh112.pdf	HEAD	200	816032	Wed, 22 May 2019 05:26:46 GMT	2026-09-25T23:22:55+05:30		
kudh1	13	https://ncert.nic.in/textbook/pdf/kudh113.pdf	HEAD	200	844419	Wed, 22 May 2019 05:26:52 GMT	2026-09-25T23:22:55+05:30		
kudh1	14	https://ncert.nic.in/textbook/pdf/kudh114.pdf	HEAD	200	1651570	Wed, 22 May 2019 05:27:00 GMT	2026-09-25T23:22:55+05:30		
kudh1	15	https://ncert.nic.in/textbook/pdf/kudh115.pdf	HEAD	200	1049104	Wed, 22 May 2019 05:27:06 GMT	2026-09-25T23:22:55+05:30		
kudh1	16	https://ncert.nic.in/textbook/pdf/kudh116.pdf	HEAD	200	1307265	Wed, 22 May 2019 05:27:14 GMT	2026-09-25T23:22:55+05:30		
kudh1	17	https://ncert.nic.in/textbook/pdf/kudh117.pdf	HEAD	200	1456273	Wed, 22 May 2019 05:27:22 GMT	2026-09-25T23:22:55+05:30		
kudh1	18	https://ncert.nic.in/textbook/pdf/kudh118.pdf	HEAD	200	977031	Wed, 22 May 2019 05:27:28 GMT	2026-09-25T23:22:55+05:30		
kudh1	19	https://ncert.nic.in/textbook/pdf/kudh119.pdf	HEAD	200	1158355	Wed, 22 May 2019 05:27:34 GMT	2026-09-25T23:22:55+05:30		
kudh1	20	https://ncert.nic.in/textbook/pdf/kudh120.pdf	HEAD	200	1306724	Wed, 22 May 2019 05:27:52 GMT	2026-09-25T23:22:55+05:30		
kudh1	21	https://ncert.nic.in/textbook/pdf/kudh121.pdf	HEAD	200	952380	Wed, 22 May 2019 05:27:58 GMT	2026-09-25T23:22:55+05:30		
kudh1	22	https://ncert.nic.in/textbook/pdf/kudh122.pdf	HEAD	200	1406236	Wed, 22 May 2019 05:28:22 GMT	2026-09-25T23:22:55+05:30		
kudh1	23	https://ncert.nic.in/textbook/pdf/kudh123.pdf	HEAD	200	941708	Wed, 22 May 2019 05:28:30 GMT	2026-09-25T23:22:55+05:30		
kudh1	24	https://ncert.nic.in/textbook/pdf/kudh124.pdf	HEAD	200	1281027	Wed, 22 May 2019 05:28:36 GMT	2026-09-25T23:22:55+05:30		
kudh1	25	https://ncert.nic.in/textbook/pdf/kudh125.pdf	HEAD	200	984949	Wed, 22 May 2019 05:29:20 GMT	2026-09-25T23:22:55+05:30		
kudh1	26	https://ncert.nic.in/textbook/pdf/kudh126.pdf	HEAD	200	953881	Wed, 22 May 2019 05:29:28 GMT	2026-09-25T23:22:55+05:30		
kudh1	27	https://ncert.nic.in/textbook/pdf/kudh127.pdf	GET	200	1463626	Wed, 22 May 2019 05:29:36 GMT	2026-09-25T23:22:56+05:30	7deda3cd5d458bc41670adb0b21c4b024e6bbfdaf37b418c3fb181a25b3d3f6b	
kuga1	1	https://ncert.nic.in/textbook/pdf/kuga101.pdf	HEAD	200	1918731	Mon, 10 Aug 2020 09:15:38 GMT	2026-09-25T23:22:55+05:30		
kuga1	2	https://ncert.nic.in/textbook/pdf/kuga102.pdf	HEAD	200	2134127	Mon, 10 Aug 2020 09:15:39 GMT	2026-09-25T23:22:55+05:30		
kuga1	3	https://ncert.nic.in/textbook/pdf/kuga103.pdf	HEAD	200	6091961	Mon, 10 Aug 2020 09:15:41 GMT	2026-09-25T23:22:55+05:30		
kuga1	4	https://ncert.nic.in/textbook/pdf/kuga104.pdf	HEAD	200	1056768	Mon, 10 Aug 2020 09:15:41 GMT	2026-09-25T23:22:55+05:30		
kuga1	5	https://ncert.nic.in/textbook/pdf/kuga105.pdf	HEAD	200	8332653	Mon, 10 Aug 2020 09:15:44 GMT	2026-09-25T23:22:55+05:30		
kuga1	6	https://ncert.nic.in/textbook/pdf/kuga106.pdf	HEAD	200	3447353	Mon, 10 Aug 2020 09:23:11 GMT	2026-09-25T23:22:56+05:30		
kuga1	7	https://ncert.nic.in/textbook/pdf/kuga107.pdf	HEAD	200	1847507	Mon, 10 Aug 2020 09:23:05 GMT	2026-09-25T23:22:56+05:30		
kuga1	8	https://ncert.nic.in/textbook/pdf/kuga108.pdf	HEAD	200	1515650	Mon, 10 Aug 2020 09:15:50 GMT	2026-09-25T23:22:56+05:30		
kuga1	9	https://ncert.nic.in/textbook/pdf/kuga109.pdf	HEAD	200	1047773	Mon, 10 Aug 2020 09:15:46 GMT	2026-09-25T23:22:56+05:30		
kuga1	10	https://ncert.nic.in/textbook/pdf/kuga110.pdf	HEAD	200	1000222	Mon, 10 Aug 2020 09:15:47 GMT	2026-09-25T23:22:56+05:30		
kuga1	11	https://ncert.nic.in/textbook/pdf/kuga111.pdf	HEAD	200	863343	Mon, 10 Aug 2020 09:15:49 GMT	2026-09-25T23:22:56+05:30		
kuga1	12	https://ncert.nic.in/textbook/pdf/kuga112.pdf	HEAD	200	848046	Mon, 10 Aug 2020 09:15:50 GMT	2026-09-25T23:22:56+05:30		
kuga1	13	https://ncert.nic.in/textbook/pdf/kuga113.pdf	HEAD	200	1536989	Mon, 10 Aug 2020 09:15:52 GMT	2026-09-25T23:22:56+05:30		
kuga1	14	https://ncert.nic.in/textbook/pdf/kuga114.pdf	HEAD	200	2045643	Mon, 10 Aug 2020 09:15:53 GMT	2026-09-25T23:22:56+05:30		
kuga1	15	https://ncert.nic.in/textbook/pdf/kuga115.pdf	HEAD	200	2174977	Mon, 10 Aug 2020 09:15:54 GMT	2026-09-25T23:22:56+05:30		
kuga1	16	https://ncert.nic.in/textbook/pdf/kuga116.pdf	HEAD	200	1445622	Mon, 10 Aug 2020 09:15:54 GMT	2026-09-25T23:22:56+05:30		
kuga1	17	https://ncert.nic.in/textbook/pdf/kuga117.pdf	HEAD	200	1022909	Mon, 10 Aug 2020 09:15:56 GMT	2026-09-25T23:22:56+05:30		
kuga1	18	https://ncert.nic.in/textbook/pdf/kuga118.pdf	HEAD	200	1015690	Mon, 10 Aug 2020 09:15:56 GMT	2026-09-25T23:22:56+05:30		
kuga1	19	https://ncert.nic.in/textbook/pdf/kuga119.pdf	HEAD	200	726987	Mon, 10 Aug 2020 09:15:58 GMT	2026-09-25T23:22:56+05:30		
kuga1	20	https://ncert.nic.in/textbook/pdf/kuga120.pdf	HEAD	200	564363	Mon, 10 Aug 2020 09:15:59 GMT	2026-09-25T23:22:56+05:30		
kuga1	21	https://ncert.nic.in/textbook/pdf/kuga121.pdf	HEAD	200	711045	Mon, 10 Aug 2020 09:15:59 GMT	2026-09-25T23:22:56+05:30		
kuga1	22	https://ncert.nic.in/textbook/pdf/kuga122.pdf	HEAD	200	553211	Mon, 10 Aug 2020 09:16:00 GMT	2026-09-25T23:22:56+05:30		
kuku1	1	https://ncert.nic.in/textbook/pdf/kuku101.pdf	GET	200	356274	Mon, 23 Apr 2018 09:59:44 GMT	2026-09-25T23:22:57+05:30	47d6f5953e92dc306d1f2c6089aafee1299337d71cb77b5ba4bcf1d2589c0b97	
kuku1	2	https://ncert.nic.in/textbook/pdf/kuku102.pdf	HEAD	200	981059	Mon, 23 Apr 2018 09:59:50 GMT	2026-09-25T23:22:56+05:30		
kuku1	3	https://ncert.nic.in/textbook/pdf/kuku103.pdf	HEAD	200	742403	Mon, 23 Apr 2018 09:59:56 GMT	2026-09-25T23:22:56+05:30		
kuku1	4	https://ncert.nic.in/textbook/pdf/kuku104.pdf	HEAD	200	502411	Mon, 23 Apr 2018 10:00:02 GMT	2026-09-25T23:22:57+05:30		
kuku1	5	https://ncert.nic.in/textbook/pdf/kuku105.pdf	HEAD	200	503961	Mon, 23 Apr 2018 10:00:10 GMT	2026-09-25T23:22:57+05:30		
kuku1	6	https://ncert.nic.in/textbook/pdf/kuku106.pdf	HEAD	200	723427	Mon, 23 Apr 2018 10:00:16 GMT	2026-09-25T23:22:57+05:30		
kuku1	7	https://ncert.nic.in/textbook/pdf/kuku107.pdf	HEAD	200	689455	Mon, 23 Apr 2018 10:00:26 GMT	2026-09-25T23:22:57+05:30		
kuku1	8	https://ncert.nic.in/textbook/pdf/kuku108.pdf	HEAD	200	451490	Mon, 23 Apr 2018 10:00:32 GMT	2026-09-25T23:22:57+05:30		
kuku1	9	https://ncert.nic.in/textbook/pdf/kuku109.pdf	HEAD	200	405273	Mon, 23 Apr 2018 10:00:38 GMT	2026-09-25T23:22:57+05:30		
kuku1	10	https://ncert.nic.in/textbook/pdf/kuku110.pdf	HEAD	200	761633	Mon, 23 Apr 2018 10:00:44 GMT	2026-09-25T23:22:57+05:30		
kuku1	11	https://ncert.nic.in/textbook/pdf/kuku111.pdf	HEAD	200	350664	Mon, 23 Apr 2018 10:00:50 GMT	2026-09-25T23:22:57+05:30		
kuku1	12	https://ncert.nic.in/textbook/pdf/kuku112.pdf	HEAD	200	318118	Mon, 23 Apr 2018 10:00:56 GMT	2026-09-25T23:22:57+05:30		
kuku1	13	https://ncert.nic.in/textbook/pdf/kuku113.pdf	HEAD	200	755505	Mon, 23 Apr 2018 10:01:04 GMT	2026-09-25T23:22:57+05:30		
kuku1	14	https://ncert.nic.in/textbook/pdf/kuku114.pdf	HEAD	200	2111823	Mon, 23 Apr 2018 10:01:10 GMT	2026-09-25T23:22:57+05:30		
kuku1	15	https://ncert.nic.in/textbook/pdf/kuku115.pdf	GET	200	661869	Mon, 23 Apr 2018 10:01:18 GMT	2026-09-25T23:22:57+05:30	c070fa84ca8674dd7ed036ca925016e3f31a5e322a72e8503a37049335bf1aa1	
kehe1	1	https://ncert.nic.in/textbook/pdf/kehe101.pdf	GET	200	813446	Sat, 28 Mar 2026 08:42:15 GMT	2026-09-25T23:22:57+05:30	1d29a8c77853bd9bfbbc8259a7edc96f359cde0145e3e2884dc487b1e7650572	yes
kehe1	2	https://ncert.nic.in/textbook/pdf/kehe102.pdf	HEAD	200	2391230	Sat, 28 Mar 2026 08:42:16 GMT	2026-09-25T23:22:57+05:30		
kehe1	3	https://ncert.nic.in/textbook/pdf/kehe103.pdf	HEAD	200	2178068	Sat, 28 Mar 2026 08:42:16 GMT	2026-09-25T23:22:57+05:30		
kehe1	4	https://ncert.nic.in/textbook/pdf/kehe104.pdf	HEAD	200	1427156	Sat, 28 Mar 2026 08:42:16 GMT	2026-09-25T23:22:57+05:30		
kehe1	5	https://ncert.nic.in/textbook/pdf/kehe105.pdf	HEAD	200	1924729	Sat, 28 Mar 2026 08:42:16 GMT	2026-09-25T23:22:57+05:30		
kehe1	6	https://ncert.nic.in/textbook/pdf/kehe106.pdf	HEAD	200	2168849	Sat, 28 Mar 2026 08:42:16 GMT	2026-09-25T23:22:57+05:30		
kehe1	7	https://ncert.nic.in/textbook/pdf/kehe107.pdf	GET	200	4111416	Sat, 28 Mar 2026 09:15:55 GMT	2026-09-25T23:22:59+05:30	689a18af5368517c2a97d00b023987ffc508bbb8c0d205a8a09e67c4ec706bb0	yes
kehe2	1	https://ncert.nic.in/textbook/pdf/kehe201.pdf	GET	200	2207799	Sat, 28 Mar 2026 09:24:54 GMT	2026-09-25T23:22:59+05:30	a1a2432a38518717fae054ba788da4b96a64448143441fdada6b312fd71cf94a	yes
kehe2	2	https://ncert.nic.in/textbook/pdf/kehe202.pdf	HEAD	200	1927065	Sat, 28 Mar 2026 09:24:54 GMT	2026-09-25T23:22:58+05:30		
kehe2	3	https://ncert.nic.in/textbook/pdf/kehe203.pdf	HEAD	200	1858921	Sat, 28 Mar 2026 09:24:55 GMT	2026-09-25T23:22:58+05:30		
kehe2	4	https://ncert.nic.in/textbook/pdf/kehe204.pdf	GET	200	1997030	Sat, 28 Mar 2026 09:24:55 GMT	2026-09-25T23:22:59+05:30	3719af489ef0201bfdff1b7a2966bdbc7340cdf0d740f12b62ec4c109f2f53cc	yes
khsr1	1	https://ncert.nic.in/textbook/pdf/khsr101.pdf	GET	200	5270311	Sat, 28 Mar 2026 06:01:33 GMT	2026-09-25T23:23:00+05:30	49044d341fa60aa3a5dacc6d00f60dcb781245188d24fda5574d79a316ad5330	
khsr1	2	https://ncert.nic.in/textbook/pdf/khsr102.pdf	HEAD	200	9895815	Sat, 28 Mar 2026 06:01:34 GMT	2026-09-25T23:22:58+05:30		
khsr1	3	https://ncert.nic.in/textbook/pdf/khsr103.pdf	HEAD	200	11963544	Sat, 28 Mar 2026 06:01:35 GMT	2026-09-25T23:22:59+05:30		
khsr1	4	https://ncert.nic.in/textbook/pdf/khsr104.pdf	GET	200	9481967	Sat, 28 Mar 2026 06:01:35 GMT	2026-09-25T23:23:02+05:30	76dd9ff64dac838863d6ade129df1f61d2c6a1aaccb471f74b7c95bcd5366f18	
kucw1	1	https://ncert.nic.in/textbook/pdf/kucw101.pdf	GET	200	38055730	Thu, 27 Jun 2019 09:14:36 GMT	2026-09-25T23:23:26+05:30	d14e159df8be8b4318f1710ccc18a707afe16ac62463d91098a79483442521be	
kucw1	2	https://ncert.nic.in/textbook/pdf/kucw102.pdf	HEAD	200	66121031	Thu, 27 Jun 2019 09:15:36 GMT	2026-09-25T23:22:59+05:30		
kucw1	3	https://ncert.nic.in/textbook/pdf/kucw103.pdf	HEAD	200	48722594	Thu, 27 Jun 2019 09:18:54 GMT	2026-09-25T23:22:59+05:30		
kucw1	4	https://ncert.nic.in/textbook/pdf/kucw104.pdf	GET	200	25174715	Thu, 27 Jun 2019 09:20:11 GMT	2026-09-25T23:23:13+05:30	4ce17533ddbf1333dbaed46b41d3028ea0f14e538d178619b3275fb16922e29d	
kefa1	1	https://ncert.nic.in/textbook/pdf/kefa101.pdf	GET	200	6696613	Sat, 28 Mar 2026 06:01:35 GMT	2026-09-25T23:23:04+05:30	72c3c27b7455ff485698a0cf783ef5c4cf29c8233d4a93ec277941c23f6196b8	yes
kefa1	2	https://ncert.nic.in/textbook/pdf/kefa102.pdf	HEAD	200	9807755	Sat, 28 Mar 2026 06:01:36 GMT	2026-09-25T23:22:59+05:30		
kefa1	3	https://ncert.nic.in/textbook/pdf/kefa103.pdf	HEAD	200	18397475	Sat, 28 Mar 2026 06:01:36 GMT	2026-09-25T23:23:00+05:30		
kefa1	4	https://ncert.nic.in/textbook/pdf/kefa104.pdf	HEAD	200	58191158	Sat, 28 Mar 2026 06:01:37 GMT	2026-09-25T23:23:00+05:30		
kefa1	5	https://ncert.nic.in/textbook/pdf/kefa105.pdf	HEAD	200	6276190	Sat, 28 Mar 2026 06:01:37 GMT	2026-09-25T23:23:00+05:30		
kefa1	6	https://ncert.nic.in/textbook/pdf/kefa106.pdf	HEAD	200	61441291	Sat, 28 Mar 2026 06:01:37 GMT	2026-09-25T23:23:00+05:30		
kefa1	7	https://ncert.nic.in/textbook/pdf/kefa107.pdf	HEAD	200	7289699	Sat, 28 Mar 2026 06:01:37 GMT	2026-09-25T23:23:01+05:30		
kefa1	8	https://ncert.nic.in/textbook/pdf/kefa108.pdf	GET	200	24256639	Sat, 28 Mar 2026 06:01:38 GMT	2026-09-25T23:23:10+05:30	43c462fb1b58c2e09b290b4bb0181cf678a328d27c122177ecdb9e789dea19de	yes
keip1	1	https://ncert.nic.in/textbook/pdf/keip101.pdf	GET	200	2081633	Sat, 28 Mar 2026 06:01:40 GMT	2026-09-25T23:23:02+05:30	1deb4744405f979a47f4352b3085b4651159745bd6c91447b8fbf84a7672211a	yes
keip1	2	https://ncert.nic.in/textbook/pdf/keip102.pdf	HEAD	200	2633151	Sat, 28 Mar 2026 06:01:41 GMT	2026-09-25T23:23:02+05:30		
keip1	3	https://ncert.nic.in/textbook/pdf/keip103.pdf	HEAD	200	2750555	Sat, 28 Mar 2026 06:01:41 GMT	2026-09-25T23:23:03+05:30		
keip1	4	https://ncert.nic.in/textbook/pdf/keip104.pdf	HEAD	200	2629735	Sat, 28 Mar 2026 06:01:41 GMT	2026-09-25T23:23:03+05:30		
keip1	5	https://ncert.nic.in/textbook/pdf/keip105.pdf	HEAD	200	1937000	Sat, 28 Mar 2026 06:01:41 GMT	2026-09-25T23:23:03+05:30		
keip1	6	https://ncert.nic.in/textbook/pdf/keip106.pdf	HEAD	200	2864938	Sat, 28 Mar 2026 06:01:42 GMT	2026-09-25T23:23:03+05:30		
keip1	7	https://ncert.nic.in/textbook/pdf/keip107.pdf	HEAD	200	2607148	Sat, 28 Mar 2026 06:01:42 GMT	2026-09-25T23:23:03+05:30		
keip1	8	https://ncert.nic.in/textbook/pdf/keip108.pdf	GET	200	3368749	Sat, 28 Mar 2026 06:01:42 GMT	2026-09-25T23:23:04+05:30	9cf44b0ca1d8f2ab430fd65f64f0d16232679f36c76c2a8dcf017231f07315cd	yes
kecs1	1	https://ncert.nic.in/textbook/pdf/kecs101.pdf	GET	200	2907302	Sat, 28 Mar 2026 06:01:30 GMT	2026-09-25T23:23:05+05:30	b34ef2453c470687c470e86f6a3800a3a6d28052207cd846c288de33f23392e9	yes
kecs1	2	https://ncert.nic.in/textbook/pdf/kecs102.pdf	HEAD	200	2159869	Sat, 28 Mar 2026 06:01:31 GMT	2026-09-25T23:23:04+05:30		
kecs1	3	https://ncert.nic.in/textbook/pdf/kecs103.pdf	HEAD	200	2398996	Sat, 28 Mar 2026 06:01:31 GMT	2026-09-25T23:23:05+05:30		
kecs1	4	https://ncert.nic.in/textbook/pdf/kecs104.pdf	HEAD	200	3306722	Sat, 28 Mar 2026 06:01:31 GMT	2026-09-25T23:23:05+05:30		
kecs1	5	https://ncert.nic.in/textbook/pdf/kecs105.pdf	HEAD	200	3410164	Sat, 28 Mar 2026 06:01:31 GMT	2026-09-25T23:23:05+05:30		
kecs1	6	https://ncert.nic.in/textbook/pdf/kecs106.pdf	HEAD	200	2596999	Sat, 28 Mar 2026 06:01:32 GMT	2026-09-25T23:23:05+05:30		
kecs1	7	https://ncert.nic.in/textbook/pdf/kecs107.pdf	HEAD	200	3067300	Sat, 28 Mar 2026 06:01:32 GMT	2026-09-25T23:23:05+05:30		
kecs1	8	https://ncert.nic.in/textbook/pdf/kecs108.pdf	HEAD	200	1620920	Sat, 28 Mar 2026 06:01:32 GMT	2026-09-25T23:23:05+05:30		
kecs1	9	https://ncert.nic.in/textbook/pdf/kecs109.pdf	HEAD	200	1925256	Sat, 28 Mar 2026 06:01:32 GMT	2026-09-25T23:23:05+05:30		
kecs1	10	https://ncert.nic.in/textbook/pdf/kecs110.pdf	HEAD	200	2255804	Sat, 28 Mar 2026 06:01:33 GMT	2026-09-25T23:23:06+05:30		
kecs1	11	https://ncert.nic.in/textbook/pdf/kecs111.pdf	GET	200	2946115	Sat, 28 Mar 2026 06:01:33 GMT	2026-09-25T23:23:07+05:30	c522a22afc19f8d618d74876b39d82d6d24c98cc3212b7e2168c182a0dd2d9c0	yes
kehp1	1	https://ncert.nic.in/textbook/pdf/kehp101.pdf	GET	200	2574894	Sat, 28 Mar 2026 06:01:53 GMT	2026-09-25T23:23:07+05:30	91b78b8404fa6000f36349e4fa1a251f881011fe4c9ced79b7485bad4e2d9500	yes
kehp1	2	https://ncert.nic.in/textbook/pdf/kehp102.pdf	HEAD	200	2955608	Sat, 28 Mar 2026 06:01:53 GMT	2026-09-25T23:23:06+05:30		
kehp1	3	https://ncert.nic.in/textbook/pdf/kehp103.pdf	HEAD	200	2832950	Sat, 28 Mar 2026 06:01:54 GMT	2026-09-25T23:23:06+05:30		
kehp1	4	https://ncert.nic.in/textbook/pdf/kehp104.pdf	HEAD	200	9688034	Sat, 28 Mar 2026 06:01:55 GMT	2026-09-25T23:23:07+05:30		
kehp1	5	https://ncert.nic.in/textbook/pdf/kehp105.pdf	HEAD	200	9433781	Sat, 28 Mar 2026 06:01:56 GMT	2026-09-25T23:23:07+05:30		
kehp1	6	https://ncert.nic.in/textbook/pdf/kehp106.pdf	HEAD	200	6163855	Sat, 28 Mar 2026 06:01:56 GMT	2026-09-25T23:23:07+05:30		
kehp1	7	https://ncert.nic.in/textbook/pdf/kehp107.pdf	HEAD	200	3155077	Sat, 28 Mar 2026 06:01:57 GMT	2026-09-25T23:23:07+05:30		
kehp1	8	https://ncert.nic.in/textbook/pdf/kehp108.pdf	HEAD	200	3188254	Sat, 28 Mar 2026 06:01:57 GMT	2026-09-25T23:23:07+05:30		
kehp1	9	https://ncert.nic.in/textbook/pdf/kehp109.pdf	HEAD	200	2525476	Sat, 28 Mar 2026 06:01:57 GMT	2026-09-25T23:23:07+05:30		
kehp1	10	https://ncert.nic.in/textbook/pdf/kehp110.pdf	HEAD	200	3787877	Sat, 28 Mar 2026 06:01:57 GMT	2026-09-25T23:23:07+05:30		
kehp1	11	https://ncert.nic.in/textbook/pdf/kehp111.pdf	GET	200	2777566	Sat, 28 Mar 2026 06:01:58 GMT	2026-09-25T23:23:08+05:30	a60f8418a5c0090d2d83c689aca84010b14935376b985a9c02143bcb698c2131	yes
kebt1	1	https://ncert.nic.in/textbook/pdf/kebt101.pdf	GET	200	3402828	Sat, 28 Mar 2026 06:01:43 GMT	2026-09-25T23:23:09+05:30	3322561bce0eee942e17a9e8242915ddca045160a38310c838882ec3797b0f49	yes
kebt1	2	https://ncert.nic.in/textbook/pdf/kebt102.pdf	HEAD	200	12158891	Sat, 28 Mar 2026 06:01:44 GMT	2026-09-25T23:23:07+05:30		
kebt1	3	https://ncert.nic.in/textbook/pdf/kebt103.pdf	HEAD	200	4998201	Sat, 28 Mar 2026 06:01:45 GMT	2026-09-25T23:23:08+05:30		
kebt1	4	https://ncert.nic.in/textbook/pdf/kebt104.pdf	HEAD	200	2493293	Sat, 28 Mar 2026 06:01:45 GMT	2026-09-25T23:23:08+05:30		
kebt1	5	https://ncert.nic.in/textbook/pdf/kebt105.pdf	HEAD	200	6183464	Sat, 28 Mar 2026 06:01:46 GMT	2026-09-25T23:23:09+05:30		
kebt1	6	https://ncert.nic.in/textbook/pdf/kebt106.pdf	HEAD	200	5036515	Sat, 28 Mar 2026 06:01:46 GMT	2026-09-25T23:23:09+05:30		
kebt1	7	https://ncert.nic.in/textbook/pdf/kebt107.pdf	HEAD	200	8516293	Sat, 28 Mar 2026 06:01:47 GMT	2026-09-25T23:23:09+05:30		
kebt1	8	https://ncert.nic.in/textbook/pdf/kebt108.pdf	HEAD	200	2647640	Sat, 28 Mar 2026 06:01:47 GMT	2026-09-25T23:23:09+05:30		
kebt1	9	https://ncert.nic.in/textbook/pdf/kebt109.pdf	HEAD	200	3172920	Sat, 28 Mar 2026 06:01:48 GMT	2026-09-25T23:23:09+05:30		
kebt1	10	https://ncert.nic.in/textbook/pdf/kebt110.pdf	HEAD	200	2061406	Sat, 28 Mar 2026 06:01:48 GMT	2026-09-25T23:23:09+05:30		
kebt1	11	https://ncert.nic.in/textbook/pdf/kebt111.pdf	HEAD	200	1666492	Sat, 28 Mar 2026 06:01:48 GMT	2026-09-25T23:23:09+05:30		
kebt1	12	https://ncert.nic.in/textbook/pdf/kebt112.pdf	GET	200	4677993	Sat, 28 Mar 2026 06:01:48 GMT	2026-09-25T23:23:10+05:30	f76c02e413f8fcd57c7bed301fecee46d40e52ee40fe24733889928340f49f46	yes
khtp1	1	https://ncert.nic.in/textbook/pdf/khtp101.pdf	HEAD	200	3103831	Sat, 28 Mar 2026 06:01:58 GMT	2026-09-25T23:23:09+05:30		
khtp1	2	https://ncert.nic.in/textbook/pdf/khtp102.pdf	HEAD	200	2735859	Sat, 28 Mar 2026 06:01:59 GMT	2026-09-25T23:23:09+05:30		
khtp1	3	https://ncert.nic.in/textbook/pdf/khtp103.pdf	HEAD	200	2415547	Sat, 28 Mar 2026 06:01:59 GMT	2026-09-25T23:23:10+05:30		
khtp1	4	https://ncert.nic.in/textbook/pdf/khtp104.pdf	HEAD	200	2943447	Sat, 28 Mar 2026 06:01:59 GMT	2026-09-25T23:23:10+05:30		
khtp1	5	https://ncert.nic.in/textbook/pdf/khtp105.pdf	HEAD	200	3160744	Sat, 28 Mar 2026 06:01:59 GMT	2026-09-25T23:23:10+05:30		
khtp1	6	https://ncert.nic.in/textbook/pdf/khtp106.pdf	HEAD	200	3044407	Sat, 28 Mar 2026 06:02:00 GMT	2026-09-25T23:23:10+05:30		
khtp1	7	https://ncert.nic.in/textbook/pdf/khtp107.pdf	HEAD	200	3827769	Sat, 28 Mar 2026 06:02:00 GMT	2026-09-25T23:23:10+05:30		
khtp1	8	https://ncert.nic.in/textbook/pdf/khtp108.pdf	HEAD	200	2807255	Sat, 28 Mar 2026 06:02:00 GMT	2026-09-25T23:23:10+05:30		
khgv1	1	https://ncert.nic.in/textbook/pdf/khgv101.pdf	HEAD	200	2955330	Sat, 28 Mar 2026 06:02:01 GMT	2026-09-25T23:23:10+05:30		
khgv1	2	https://ncert.nic.in/textbook/pdf/khgv102.pdf	HEAD	200	2812551	Sat, 28 Mar 2026 06:02:01 GMT	2026-09-25T23:23:10+05:30		
khgv1	3	https://ncert.nic.in/textbook/pdf/khgv103.pdf	HEAD	200	3042011	Sat, 28 Mar 2026 06:02:01 GMT	2026-09-25T23:23:10+05:30		
khgv1	4	https://ncert.nic.in/textbook/pdf/khgv104.pdf	HEAD	200	2307429	Sat, 28 Mar 2026 06:02:01 GMT	2026-09-25T23:23:10+05:30		
khgv1	5	https://ncert.nic.in/textbook/pdf/khgv105.pdf	HEAD	200	2724393	Sat, 28 Mar 2026 06:02:02 GMT	2026-09-25T23:23:10+05:30		
khgv1	6	https://ncert.nic.in/textbook/pdf/khgv106.pdf	HEAD	200	7022403	Sat, 28 Mar 2026 06:02:02 GMT	2026-09-25T23:23:10+05:30		
khgv1	7	https://ncert.nic.in/textbook/pdf/khgv107.pdf	HEAD	200	2070928	Sat, 28 Mar 2026 06:02:03 GMT	2026-09-25T23:23:11+05:30		
khgv1	8	https://ncert.nic.in/textbook/pdf/khgv108.pdf	HEAD	200	4829009	Sat, 28 Mar 2026 06:02:03 GMT	2026-09-25T23:23:11+05:30		
khgv1	9	https://ncert.nic.in/textbook/pdf/khgv109.pdf	HEAD	200	2907783	Sat, 28 Mar 2026 06:02:03 GMT	2026-09-25T23:23:11+05:30		
khgv1	10	https://ncert.nic.in/textbook/pdf/khgv110.pdf	HEAD	200	3929037	Sat, 28 Mar 2026 06:02:03 GMT	2026-09-25T23:23:11+05:30		
keks1	1	https://ncert.nic.in/textbook/pdf/keks101.pdf	GET	200	9400123	Sat, 28 Mar 2026 06:01:49 GMT	2026-09-25T23:23:12+05:30	c358d66916d98f9e7c47556fec2653dc9286f7eefd89f89b6eeb9033c742b226	yes
keks1	2	https://ncert.nic.in/textbook/pdf/keks102.pdf	HEAD	200	4430176	Sat, 28 Mar 2026 06:01:50 GMT	2026-09-25T23:23:11+05:30		
keks1	3	https://ncert.nic.in/textbook/pdf/keks103.pdf	HEAD	200	16490894	Sat, 28 Mar 2026 06:01:51 GMT	2026-09-25T23:23:11+05:30		
keks1	4	https://ncert.nic.in/textbook/pdf/keks104.pdf	HEAD	200	8347097	Sat, 28 Mar 2026 06:01:51 GMT	2026-09-25T23:23:11+05:30		
keks1	5	https://ncert.nic.in/textbook/pdf/keks105.pdf	HEAD	200	4428620	Sat, 28 Mar 2026 06:01:51 GMT	2026-09-25T23:23:11+05:30		
keks1	6	https://ncert.nic.in/textbook/pdf/keks106.pdf	HEAD	200	3914364	Sat, 28 Mar 2026 06:01:52 GMT	2026-09-25T23:23:11+05:30		
keks1	7	https://ncert.nic.in/textbook/pdf/keks107.pdf	HEAD	200	4758552	Sat, 28 Mar 2026 06:01:52 GMT	2026-09-25T23:23:11+05:30		
keks1	8	https://ncert.nic.in/textbook/pdf/keks108.pdf	HEAD	200	3975661	Sat, 28 Mar 2026 06:01:52 GMT	2026-09-25T23:23:12+05:30		
keks1	9	https://ncert.nic.in/textbook/pdf/keks109.pdf	GET	200	6359053	Sat, 28 Mar 2026 06:01:53 GMT	2026-09-25T23:23:15+05:30	970dc614363bc22e20f1b6cec17913ca09978d4491136b5a4faf719000c25fa4	yes
lemh1	1	https://ncert.nic.in/textbook/pdf/lemh101.pdf	GET	200	1405041	Fri, 27 Mar 2026 07:13:59 GMT	2026-09-25T23:23:13+05:30	9d2abedec1052e72b51edbe1fe902f070f1debfca02c80d4d77e86003097848a	yes
lemh1	2	https://ncert.nic.in/textbook/pdf/lemh102.pdf	HEAD	200	1433383	Fri, 27 Mar 2026 07:13:59 GMT	2026-09-25T23:23:12+05:30		
lemh1	3	https://ncert.nic.in/textbook/pdf/lemh103.pdf	HEAD	200	3437138	Fri, 27 Mar 2026 07:13:59 GMT	2026-09-25T23:23:12+05:30		
lemh1	4	https://ncert.nic.in/textbook/pdf/lemh104.pdf	HEAD	200	2053094	Fri, 27 Mar 2026 07:14:00 GMT	2026-09-25T23:23:13+05:30		
lemh1	5	https://ncert.nic.in/textbook/pdf/lemh105.pdf	HEAD	200	3221347	Fri, 27 Mar 2026 07:14:00 GMT	2026-09-25T23:23:13+05:30		
lemh1	6	https://ncert.nic.in/textbook/pdf/lemh106.pdf	GET	200	3282999	Fri, 27 Mar 2026 07:14:00 GMT	2026-09-25T23:23:14+05:30	8fa2f383f84c031011fc1ce2938fe0221f2d7df5570493bcb27e59de9e7a7060	yes
lemh2	1	https://ncert.nic.in/textbook/pdf/lemh201.pdf	GET	200	5662676	Fri, 27 Mar 2026 07:15:55 GMT	2026-09-25T23:23:16+05:30	bc4b4a0b2d3ec8d71d479c0ea549969028c2ac28d3613e97a888e2845144112f	yes
lemh2	2	https://ncert.nic.in/textbook/pdf/lemh202.pdf	HEAD	200	1395951	Fri, 27 Mar 2026 07:15:55 GMT	2026-09-25T23:23:13+05:30		
lemh2	3	https://ncert.nic.in/textbook/pdf/lemh203.pdf	HEAD	200	3378135	Fri, 27 Mar 2026 07:15:55 GMT	2026-09-25T23:23:14+05:30		
lemh2	4	https://ncert.nic.in/textbook/pdf/lemh204.pdf	HEAD	200	5008653	Fri, 27 Mar 2026 07:15:56 GMT	2026-09-25T23:23:14+05:30		
lemh2	5	https://ncert.nic.in/textbook/pdf/lemh205.pdf	HEAD	200	2062481	Fri, 27 Mar 2026 07:15:56 GMT	2026-09-25T23:23:14+05:30		
lemh2	6	https://ncert.nic.in/textbook/pdf/lemh206.pdf	HEAD	200	1567810	Fri, 27 Mar 2026 07:15:56 GMT	2026-09-25T23:23:14+05:30		
lemh2	7	https://ncert.nic.in/textbook/pdf/lemh207.pdf	GET	200	2922597	Fri, 27 Mar 2026 07:15:56 GMT	2026-09-25T23:23:14+05:30	354482a4adbacf6ece1a6a3e2cf49e9b1034cdb0a8cd7831822f790d54cb2b85	yes
leph1	1	https://ncert.nic.in/textbook/pdf/leph101.pdf	GET	200	3950051	Fri, 27 Mar 2026 11:08:22 GMT	2026-09-25T23:23:15+05:30	ebfbdf8057d7e855385b1720c1771a89d807cb45f5f3b7b79d530f1e8880209f	yes
leph1	2	https://ncert.nic.in/textbook/pdf/leph102.pdf	HEAD	200	3877189	Fri, 27 Mar 2026 11:08:23 GMT	2026-09-25T23:23:14+05:30		
leph1	3	https://ncert.nic.in/textbook/pdf/leph103.pdf	HEAD	200	2164963	Fri, 27 Mar 2026 11:08:23 GMT	2026-09-25T23:23:14+05:30		
leph1	4	https://ncert.nic.in/textbook/pdf/leph104.pdf	HEAD	200	3693096	Fri, 27 Mar 2026 11:08:23 GMT	2026-09-25T23:23:15+05:30		
leph1	5	https://ncert.nic.in/textbook/pdf/leph105.pdf	HEAD	200	1920361	Fri, 27 Mar 2026 11:08:23 GMT	2026-09-25T23:23:15+05:30		
leph1	6	https://ncert.nic.in/textbook/pdf/leph106.pdf	HEAD	200	2389063	Fri, 27 Mar 2026 11:08:24 GMT	2026-09-25T23:23:15+05:30		
leph1	7	https://ncert.nic.in/textbook/pdf/leph107.pdf	HEAD	200	2407491	Fri, 27 Mar 2026 11:08:24 GMT	2026-09-25T23:23:15+05:30		
leph1	8	https://ncert.nic.in/textbook/pdf/leph108.pdf	GET	200	1363968	Fri, 27 Mar 2026 11:08:24 GMT	2026-09-25T23:23:16+05:30	3aa3a0d342659b5ce090a76d3406d5a74eed7653f2e2ba3479f83b6008b7aea8	yes
leph2	1	https://ncert.nic.in/textbook/pdf/leph201.pdf	GET	200	3392485	Fri, 27 Mar 2026 11:11:28 GMT	2026-09-25T23:23:16+05:30	5c9570cc9f45cbe8f8d62100ccecd3370f8d8085f57041764bd1940bf467d235	yes
leph2	2	https://ncert.nic.in/textbook/pdf/leph202.pdf	HEAD	200	2682100	Fri, 27 Mar 2026 11:11:28 GMT	2026-09-25T23:23:15+05:30		
leph2	3	https://ncert.nic.in/textbook/pdf/leph203.pdf	HEAD	200	1791818	Fri, 27 Mar 2026 11:11:29 GMT	2026-09-25T23:23:15+05:30		
leph2	4	https://ncert.nic.in/textbook/pdf/leph204.pdf	HEAD	200	2055114	Fri, 27 Mar 2026 11:11:29 GMT	2026-09-25T23:23:16+05:30		
leph2	5	https://ncert.nic.in/textbook/pdf/leph205.pdf	HEAD	200	1830495	Fri, 27 Mar 2026 11:11:29 GMT	2026-09-25T23:23:16+05:30		
leph2	6	https://ncert.nic.in/textbook/pdf/leph206.pdf	GET	200	1883124	Fri, 27 Mar 2026 11:11:29 GMT	2026-09-25T23:23:17+05:30	a7e5dc3f4128097d6200a34fa6ad43260178db4d614eced95881f220cd8f7250	yes
leac1	1	https://ncert.nic.in/textbook/pdf/leac101.pdf	GET	200	3624975	Fri, 27 Mar 2026 10:38:26 GMT	2026-09-25T23:23:17+05:30	61e63dadada471cc1b391785ebb862393c7afe8aabf967b835325c96eb52746c	yes
leac1	2	https://ncert.nic.in/textbook/pdf/leac102.pdf	HEAD	200	4382260	Fri, 27 Mar 2026 10:38:26 GMT	2026-09-25T23:23:16+05:30		
leac1	3	https://ncert.nic.in/textbook/pdf/leac103.pdf	HEAD	200	3749936	Fri, 27 Mar 2026 10:38:27 GMT	2026-09-25T23:23:16+05:30		
leac1	4	https://ncert.nic.in/textbook/pdf/leac104.pdf	GET	200	3055845	Fri, 27 Mar 2026 10:38:27 GMT	2026-09-25T23:23:19+05:30	7958c1b062f047bb49ba84502faf720e834cc3847ec0b40255e3b0198f3dacbe	yes
leac2	1	https://ncert.nic.in/textbook/pdf/leac201.pdf	GET	200	5566363	Sat, 28 Mar 2026 05:02:15 GMT	2026-09-25T23:23:23+05:30	4163b2fd7651686c41e3ec59a64723509d4ff0a85b6782c03e9fb9f896f3c9d0	yes
leac2	2	https://ncert.nic.in/textbook/pdf/leac202.pdf	HEAD	200	5226291	Sat, 28 Mar 2026 05:02:16 GMT	2026-09-25T23:23:17+05:30		
leac2	3	https://ncert.nic.in/textbook/pdf/leac203.pdf	HEAD	200	2423321	Sat, 28 Mar 2026 05:02:16 GMT	2026-09-25T23:23:17+05:30		
leac2	4	https://ncert.nic.in/textbook/pdf/leac204.pdf	HEAD	200	2175289	Sat, 28 Mar 2026 05:02:16 GMT	2026-09-25T23:23:17+05:30		
leac2	5	https://ncert.nic.in/textbook/pdf/leac205.pdf	HEAD	200	3770109	Sat, 28 Mar 2026 05:02:17 GMT	2026-09-25T23:23:17+05:30		
leac2	6	https://ncert.nic.in/textbook/pdf/leac206.pdf	GET	200	3722022	Sat, 28 Mar 2026 05:02:17 GMT	2026-09-25T23:23:18+05:30	05a99fd986a92c925a96859dfe22816beb70a9b6a0c52d35161d0c04f3bd6c5e	yes
leca1	1	https://ncert.nic.in/textbook/pdf/leca101.pdf	GET	200	1233932	Sat, 28 Mar 2026 04:58:36 GMT	2026-09-25T23:23:18+05:30	2bfd50ef59119f27393613d302f638124c5ffeba591ecb2d27c4ce223505d307	yes
leca1	2	https://ncert.nic.in/textbook/pdf/leca102.pdf	HEAD	200	9379661	Sat, 28 Mar 2026 04:58:37 GMT	2026-09-25T23:23:17+05:30		
leca1	3	https://ncert.nic.in/textbook/pdf/leca103.pdf	HEAD	200	2826450	Sat, 28 Mar 2026 04:58:37 GMT	2026-09-25T23:23:18+05:30		
leca1	4	https://ncert.nic.in/textbook/pdf/leca104.pdf	GET	200	2820879	Sat, 28 Mar 2026 04:58:37 GMT	2026-09-25T23:23:19+05:30	25e409c1605b339e6f97ebfe1e88e8d3c3d12659508c3bc308c536becff5cc8e	yes
lhsk1	1	https://ncert.nic.in/textbook/pdf/lhsk101.pdf	GET	200	365090	Fri, 27 Mar 2026 08:43:38 GMT	2026-09-25T23:23:18+05:30	277984e4640e42be5f51b34c5f5fc3460b31de369ef895301a8eb120d7869e89	
lhsk1	2	https://ncert.nic.in/textbook/pdf/lhsk102.pdf	HEAD	200	836881	Fri, 27 Mar 2026 08:43:39 GMT	2026-09-25T23:23:18+05:30		
lhsk1	3	https://ncert.nic.in/textbook/pdf/lhsk103.pdf	HEAD	200	585585	Fri, 27 Mar 2026 08:43:39 GMT	2026-09-25T23:23:18+05:30		
lhsk1	4	https://ncert.nic.in/textbook/pdf/lhsk104.pdf	HEAD	200	675282	Fri, 27 Mar 2026 08:43:39 GMT	2026-09-25T23:23:19+05:30		
lhsk1	5	https://ncert.nic.in/textbook/pdf/lhsk105.pdf	HEAD	200	739615	Fri, 27 Mar 2026 08:43:39 GMT	2026-09-25T23:23:19+05:30		
lhsk1	6	https://ncert.nic.in/textbook/pdf/lhsk106.pdf	HEAD	200	822550	Fri, 27 Mar 2026 08:43:39 GMT	2026-09-25T23:23:19+05:30		
lhsk1	7	https://ncert.nic.in/textbook/pdf/lhsk107.pdf	HEAD	200	706661	Fri, 27 Mar 2026 08:43:39 GMT	2026-09-25T23:23:19+05:30		
lhsk1	8	https://ncert.nic.in/textbook/pdf/lhsk108.pdf	HEAD	200	819324	Fri, 27 Mar 2026 08:43:39 GMT	2026-09-25T23:23:19+05:30		
lhsk1	9	https://ncert.nic.in/textbook/pdf/lhsk109.pdf	HEAD	200	486862	Fri, 27 Mar 2026 08:43:39 GMT	2026-09-25T23:23:19+05:30		
lhsk1	10	https://ncert.nic.in/textbook/pdf/lhsk110.pdf	GET	200	716114	Fri, 27 Mar 2026 08:43:39 GMT	2026-09-25T23:23:19+05:30	765ae4f98d38ee09db7c257ed9f29b0bde4d3952535cca254dc3852412f99772	
lhsk2	1	https://ncert.nic.in/textbook/pdf/lhsk201.pdf	GET	200	680658	Fri, 27 Mar 2026 08:53:22 GMT	2026-09-25T23:23:19+05:30	0d6fc8d136f73a2acab6045daea72c885a61d9724b0c5e0b7f68c89c4830084a	
lhsk2	2	https://ncert.nic.in/textbook/pdf/lhsk202.pdf	HEAD	200	1249572	Fri, 27 Mar 2026 08:53:23 GMT	2026-09-25T23:23:19+05:30		
lhsk2	3	https://ncert.nic.in/textbook/pdf/lhsk203.pdf	HEAD	200	974786	Fri, 27 Mar 2026 08:53:23 GMT	2026-09-25T23:23:19+05:30		
lhsk2	4	https://ncert.nic.in/textbook/pdf/lhsk204.pdf	HEAD	200	943170	Fri, 27 Mar 2026 08:53:23 GMT	2026-09-25T23:23:19+05:30		
lhsk2	5	https://ncert.nic.in/textbook/pdf/lhsk205.pdf	HEAD	200	852340	Fri, 27 Mar 2026 08:53:23 GMT	2026-09-25T23:23:19+05:30		
lhsk2	6	https://ncert.nic.in/textbook/pdf/lhsk206.pdf	HEAD	200	719750	Fri, 27 Mar 2026 08:53:23 GMT	2026-09-25T23:23:19+05:30		
lhsk2	7	https://ncert.nic.in/textbook/pdf/lhsk207.pdf	HEAD	200	690349	Fri, 27 Mar 2026 08:53:23 GMT	2026-09-25T23:23:19+05:30		
lhsk2	8	https://ncert.nic.in/textbook/pdf/lhsk208.pdf	HEAD	200	750579	Fri, 27 Mar 2026 08:53:23 GMT	2026-09-25T23:23:19+05:30		
lhsk2	9	https://ncert.nic.in/textbook/pdf/lhsk209.pdf	HEAD	200	544588	Fri, 27 Mar 2026 08:53:23 GMT	2026-09-25T23:23:20+05:30		
lhsk2	10	https://ncert.nic.in/textbook/pdf/lhsk210.pdf	HEAD	200	596216	Fri, 27 Mar 2026 08:53:23 GMT	2026-09-25T23:23:20+05:30		
lhsk2	11	https://ncert.nic.in/textbook/pdf/lhsk211.pdf	GET	200	1222244	Fri, 27 Mar 2026 08:53:23 GMT	2026-09-25T23:23:20+05:30	5e9e45026d203b2cfb6b8210cc1a319a465d15e22e6bed706caa8e951698a1da	
lhat1	1	https://ncert.nic.in/textbook/pdf/lhat101.pdf	GET	200	812139	Tue, 08 Apr 2025 04:34:38 GMT	2026-09-25T23:23:20+05:30	ed8fad12b29f22041aac01ef47bc38836e7b4fa72758c7c21ba4a510b6be7d94	
lhat1	2	https://ncert.nic.in/textbook/pdf/lhat102.pdf	HEAD	200	693011	Tue, 08 Apr 2025 04:34:39 GMT	2026-09-25T23:23:20+05:30		
lhat1	3	https://ncert.nic.in/textbook/pdf/lhat103.pdf	HEAD	200	673785	Tue, 08 Apr 2025 04:34:39 GMT	2026-09-25T23:23:20+05:30		
lhat1	4	https://ncert.nic.in/textbook/pdf/lhat104.pdf	HEAD	200	738677	Tue, 08 Apr 2025 04:34:39 GMT	2026-09-25T23:23:20+05:30		
lhat1	5	https://ncert.nic.in/textbook/pdf/lhat105.pdf	HEAD	200	639885	Tue, 08 Apr 2025 04:34:39 GMT	2026-09-25T23:23:20+05:30		
lhat1	6	https://ncert.nic.in/textbook/pdf/lhat106.pdf	HEAD	200	688011	Tue, 08 Apr 2025 04:34:40 GMT	2026-09-25T23:23:20+05:30		
lhat1	7	https://ncert.nic.in/textbook/pdf/lhat107.pdf	HEAD	200	729320	Tue, 08 Apr 2025 04:34:40 GMT	2026-09-25T23:23:20+05:30		
lhat1	8	https://ncert.nic.in/textbook/pdf/lhat108.pdf	HEAD	200	659822	Tue, 08 Apr 2025 04:34:40 GMT	2026-09-25T23:23:20+05:30		
lhat1	9	https://ncert.nic.in/textbook/pdf/lhat109.pdf	HEAD	200	469681	Tue, 08 Apr 2025 04:34:40 GMT	2026-09-25T23:23:20+05:30		
lhat1	10	https://ncert.nic.in/textbook/pdf/lhat110.pdf	HEAD	200	1379791	Tue, 08 Apr 2025 04:34:36 GMT	2026-09-25T23:23:20+05:30		
lhat1	11	https://ncert.nic.in/textbook/pdf/lhat111.pdf	HEAD	200	1093389	Tue, 08 Apr 2025 04:34:36 GMT	2026-09-25T23:23:20+05:30		
lhat1	12	https://ncert.nic.in/textbook/pdf/lhat112.pdf	HEAD	200	1288393	Tue, 08 Apr 2025 04:34:36 GMT	2026-09-25T23:23:20+05:30		
lhat1	13	https://ncert.nic.in/textbook/pdf/lhat113.pdf	HEAD	200	1162222	Tue, 08 Apr 2025 04:34:37 GMT	2026-09-25T23:23:20+05:30		
lhat1	14	https://ncert.nic.in/textbook/pdf/lhat114.pdf	HEAD	200	1179982	Tue, 08 Apr 2025 04:34:37 GMT	2026-09-25T23:23:21+05:30		
lhat1	15	https://ncert.nic.in/textbook/pdf/lhat115.pdf	HEAD	200	1264867	Tue, 08 Apr 2025 04:34:37 GMT	2026-09-25T23:23:21+05:30		
lhat1	16	https://ncert.nic.in/textbook/pdf/lhat116.pdf	HEAD	200	1279308	Tue, 08 Apr 2025 04:34:38 GMT	2026-09-25T23:23:21+05:30		
lhat1	17	https://ncert.nic.in/textbook/pdf/lhat117.pdf	GET	200	1234174	Tue, 08 Apr 2025 04:34:38 GMT	2026-09-25T23:23:21+05:30	d38b86a3f822b89558d05b76d07a4e676f586f63fb14f92ea7180028dbee0c6f	
lhar1	1	https://ncert.nic.in/textbook/pdf/lhar101.pdf	GET	200	2762480	Fri, 27 Mar 2026 06:42:13 GMT	2026-09-25T23:23:21+05:30	ab41c33a13aaa7ca3030c3884a3434b164ff1a260ce4138f40fed249ccc43397	
lhar1	2	https://ncert.nic.in/textbook/pdf/lhar102.pdf	HEAD	200	1331287	Fri, 27 Mar 2026 06:42:14 GMT	2026-09-25T23:23:21+05:30		
lhar1	3	https://ncert.nic.in/textbook/pdf/lhar103.pdf	HEAD	200	1364412	Fri, 27 Mar 2026 06:42:14 GMT	2026-09-25T23:23:21+05:30		
lhar1	4	https://ncert.nic.in/textbook/pdf/lhar104.pdf	HEAD	200	1267255	Fri, 27 Mar 2026 06:42:14 GMT	2026-09-25T23:23:21+05:30		
lhar1	5	https://ncert.nic.in/textbook/pdf/lhar105.pdf	HEAD	200	1155786	Fri, 27 Mar 2026 06:42:14 GMT	2026-09-25T23:23:21+05:30		
lhar1	6	https://ncert.nic.in/textbook/pdf/lhar106.pdf	HEAD	200	1332765	Fri, 27 Mar 2026 06:42:14 GMT	2026-09-25T23:23:21+05:30		
lhar1	7	https://ncert.nic.in/textbook/pdf/lhar107.pdf	HEAD	200	1876820	Fri, 27 Mar 2026 06:42:15 GMT	2026-09-25T23:23:21+05:30		
lhar1	8	https://ncert.nic.in/textbook/pdf/lhar108.pdf	HEAD	200	1130921	Fri, 27 Mar 2026 06:42:15 GMT	2026-09-25T23:23:21+05:30		
lhar1	9	https://ncert.nic.in/textbook/pdf/lhar109.pdf	HEAD	200	1178439	Fri, 27 Mar 2026 06:42:15 GMT	2026-09-25T23:23:22+05:30		
lhar1	10	https://ncert.nic.in/textbook/pdf/lhar110.pdf	HEAD	200	2917378	Fri, 27 Mar 2026 06:42:16 GMT	2026-09-25T23:23:22+05:30		
lhar1	11	https://ncert.nic.in/textbook/pdf/lhar111.pdf	HEAD	200	2220560	Fri, 27 Mar 2026 06:42:16 GMT	2026-09-25T23:23:22+05:30		
lhar1	12	https://ncert.nic.in/textbook/pdf/lhar112.pdf	HEAD	200	1727608	Fri, 27 Mar 2026 06:42:16 GMT	2026-09-25T23:23:22+05:30		
lhar1	13	https://ncert.nic.in/textbook/pdf/lhar113.pdf	HEAD	200	2038094	Fri, 27 Mar 2026 06:42:17 GMT	2026-09-25T23:23:22+05:30		
lhar1	14	https://ncert.nic.in/textbook/pdf/lhar114.pdf	HEAD	200	1988430	Fri, 27 Mar 2026 06:42:17 GMT	2026-09-25T23:23:22+05:30		
lhar1	15	https://ncert.nic.in/textbook/pdf/lhar115.pdf	GET	200	1444509	Fri, 27 Mar 2026 06:42:17 GMT	2026-09-25T23:23:23+05:30	e298d023d2e9c9f1e5656307b16a99645b7dbf661b40f1fcb0807dbba81dcc8b	
lhvt1	1	https://ncert.nic.in/textbook/pdf/lhvt101.pdf	GET	200	1642368	Fri, 27 Mar 2026 08:38:49 GMT	2026-09-25T23:23:23+05:30	0d00813e5fe58cf2e532f8fec0f3822e47790d934ae79ee1cd39f18f680672c4	
lhvt1	2	https://ncert.nic.in/textbook/pdf/lhvt102.pdf	HEAD	200	1315468	Fri, 27 Mar 2026 08:38:49 GMT	2026-09-25T23:23:22+05:30		
lhvt1	3	https://ncert.nic.in/textbook/pdf/lhvt103.pdf	GET	200	966923	Mon, 13 Apr 2026 07:14:14 GMT	2026-09-25T23:23:24+05:30	7df3aed9e3094ed51ae246e2bb7ffca7eb734ebfa71dbe2b2f4e2b99be1956c8	
lhan1	1	https://ncert.nic.in/textbook/pdf/lhan101.pdf	GET	200	1294141	Fri, 27 Mar 2026 06:47:32 GMT	2026-09-25T23:23:23+05:30	96581e04ab3783f905481c3fc804d9b8364cc8d756b19f5fea618018fbdb05ad	
lhan1	2	https://ncert.nic.in/textbook/pdf/lhan102.pdf	HEAD	200	846817	Fri, 27 Mar 2026 06:47:32 GMT	2026-09-25T23:23:23+05:30		
lhan1	3	https://ncert.nic.in/textbook/pdf/lhan103.pdf	GET	200	1243059	Fri, 27 Mar 2026 06:50:31 GMT	2026-09-25T23:23:23+05:30	4256cf1b715929e584ed7d73a6d272f9c642b7b5a78daa6bad4e53958b1c6c7b	
lekl1	1	https://ncert.nic.in/textbook/pdf/lekl101.pdf	GET	200	1443726	Fri, 27 Mar 2026 07:05:42 GMT	2026-09-25T23:23:23+05:30	a589c1157499e1127c4bfc053ae041cdeb2656e3f0f3d431e148aa680b956e32	yes
lekl1	2	https://ncert.nic.in/textbook/pdf/lekl102.pdf	HEAD	200	1388965	Fri, 27 Mar 2026 07:05:42 GMT	2026-09-25T23:23:23+05:30		
lekl1	3	https://ncert.nic.in/textbook/pdf/lekl103.pdf	HEAD	200	1906870	Fri, 27 Mar 2026 07:05:42 GMT	2026-09-25T23:23:23+05:30		
lekl1	4	https://ncert.nic.in/textbook/pdf/lekl104.pdf	HEAD	200	2819235	Fri, 27 Mar 2026 07:05:42 GMT	2026-09-25T23:23:23+05:30		
lekl1	5	https://ncert.nic.in/textbook/pdf/lekl105.pdf	HEAD	200	2101330	Fri, 27 Mar 2026 07:05:42 GMT	2026-09-25T23:23:23+05:30		
lekl1	11	https://ncert.nic.in/textbook/pdf/lekl111.pdf	HEAD	200	996575	Fri, 27 Mar 2026 07:05:42 GMT	2026-09-25T23:23:23+05:30		
lekl1	12	https://ncert.nic.in/textbook/pdf/lekl112.pdf	HEAD	200	896882	Fri, 27 Mar 2026 07:05:42 GMT	2026-09-25T23:23:24+05:30		
lekl1	13	https://ncert.nic.in/textbook/pdf/lekl113.pdf	HEAD	200	2659268	Fri, 27 Mar 2026 07:05:42 GMT	2026-09-25T23:23:24+05:30		
lekl1	14	https://ncert.nic.in/textbook/pdf/lekl114.pdf	HEAD	200	966184	Fri, 27 Mar 2026 07:05:42 GMT	2026-09-25T23:23:24+05:30		
lekl1	15	https://ncert.nic.in/textbook/pdf/lekl115.pdf	HEAD	200	852619	Fri, 27 Mar 2026 07:05:42 GMT	2026-09-25T23:23:24+05:30		
lekl1	16	https://ncert.nic.in/textbook/pdf/lekl116.pdf	HEAD	200	815166	Fri, 27 Mar 2026 07:05:42 GMT	2026-09-25T23:23:24+05:30		
lekl1	17	https://ncert.nic.in/textbook/pdf/lekl117.pdf	HEAD	200	856706	Fri, 27 Mar 2026 07:05:42 GMT	2026-09-25T23:23:24+05:30		
lekl1	18	https://ncert.nic.in/textbook/pdf/lekl118.pdf	HEAD	200	1023717	Fri, 27 Mar 2026 07:05:43 GMT	2026-09-25T23:23:24+05:30		
lekl1	21	https://ncert.nic.in/textbook/pdf/lekl121.pdf	HEAD	200	1893577	Fri, 27 Mar 2026 07:05:43 GMT	2026-09-25T23:23:24+05:30		
lekl1	22	https://ncert.nic.in/textbook/pdf/lekl122.pdf	HEAD	200	1538959	Fri, 27 Mar 2026 07:05:43 GMT	2026-09-25T23:23:24+05:30		
lekl1	23	https://ncert.nic.in/textbook/pdf/lekl123.pdf	HEAD	200	1893122	Fri, 27 Mar 2026 07:05:43 GMT	2026-09-25T23:23:24+05:30		
lekl1	24	https://ncert.nic.in/textbook/pdf/lekl124.pdf	HEAD	200	1442177	Fri, 27 Mar 2026 07:05:43 GMT	2026-09-25T23:23:24+05:30		
lekl1	25	https://ncert.nic.in/textbook/pdf/lekl125.pdf	HEAD	200	1698076	Fri, 27 Mar 2026 07:05:43 GMT	2026-09-25T23:23:24+05:30		
lekl1	26	https://ncert.nic.in/textbook/pdf/lekl126.pdf	HEAD	200	1506037	Fri, 27 Mar 2026 07:05:43 GMT	2026-09-25T23:23:24+05:30		
lekl1	31	https://ncert.nic.in/textbook/pdf/lekl131.pdf	HEAD	200	2085124	Fri, 27 Mar 2026 07:05:44 GMT	2026-09-25T23:23:24+05:30		
lekl1	32	https://ncert.nic.in/textbook/pdf/lekl132.pdf	GET	200	1789493	Fri, 27 Mar 2026 07:05:44 GMT	2026-09-25T23:23:25+05:30	ad90c8a3e28a888b689d9f1dac0f7f421ab4085e443478d3afec18f7e8edee58	yes
lefl1	1	https://ncert.nic.in/textbook/pdf/lefl101.pdf	GET	200	1746415	Mon, 06 Jul 2026 11:05:24 GMT	2026-09-25T23:23:25+05:30	e19ff6e302c23736c0090eb9f34a9c4b241c9d895ec49ed8823e7bd9bc894a56	yes
lefl1	2	https://ncert.nic.in/textbook/pdf/lefl102.pdf	HEAD	200	1598602	Mon, 06 Jul 2026 11:05:26 GMT	2026-09-25T23:23:24+05:30		
lefl1	3	https://ncert.nic.in/textbook/pdf/lefl103.pdf	HEAD	200	747434	Mon, 06 Jul 2026 11:05:26 GMT	2026-09-25T23:23:24+05:30		
lefl1	4	https://ncert.nic.in/textbook/pdf/lefl104.pdf	HEAD	200	1628832	Mon, 06 Jul 2026 11:05:26 GMT	2026-09-25T23:23:24+05:30		
lefl1	5	https://ncert.nic.in/textbook/pdf/lefl105.pdf	HEAD	200	1556236	Mon, 06 Jul 2026 11:05:26 GMT	2026-09-25T23:23:25+05:30		
lefl1	6	https://ncert.nic.in/textbook/pdf/lefl106.pdf	HEAD	200	1459971	Mon, 06 Jul 2026 11:05:26 GMT	2026-09-25T23:23:25+05:30		
lefl1	7	https://ncert.nic.in/textbook/pdf/lefl107.pdf	HEAD	200	1357932	Mon, 06 Jul 2026 11:05:26 GMT	2026-09-25T23:23:25+05:30		
lefl1	8	https://ncert.nic.in/textbook/pdf/lefl108.pdf	HEAD	200	1562142	Mon, 06 Jul 2026 11:05:26 GMT	2026-09-25T23:23:25+05:30		
lefl1	11	https://ncert.nic.in/textbook/pdf/lefl111.pdf	HEAD	200	553397	Mon, 06 Jul 2026 11:05:26 GMT	2026-09-25T23:23:25+05:30		
lefl1	12	https://ncert.nic.in/textbook/pdf/lefl112.pdf	HEAD	200	704941	Mon, 06 Jul 2026 11:05:26 GMT	2026-09-25T23:23:25+05:30		
lefl1	13	https://ncert.nic.in/textbook/pdf/lefl113.pdf	HEAD	200	461182	Mon, 06 Jul 2026 11:05:26 GMT	2026-09-25T23:23:25+05:30		
lefl1	14	https://ncert.nic.in/textbook/pdf/lefl114.pdf	HEAD	200	405159	Mon, 06 Jul 2026 11:05:26 GMT	2026-09-25T23:23:25+05:30		
lefl1	15	https://ncert.nic.in/textbook/pdf/lefl115.pdf	GET	200	647399	Mon, 06 Jul 2026 11:05:26 GMT	2026-09-25T23:23:25+05:30	6f92fcf295f5c1cb1d042aac09ed238302fac28bb72c066cee12ccb812249c66	yes
levt1	1	https://ncert.nic.in/textbook/pdf/levt101.pdf	GET	200	1429454	Fri, 27 Mar 2026 06:58:59 GMT	2026-09-25T23:23:25+05:30	4747830e299c3d70147389b3e68fc051c4bb08acf941ea9d5792da8ef49e6895	yes
levt1	2	https://ncert.nic.in/textbook/pdf/levt102.pdf	HEAD	200	1654688	Fri, 27 Mar 2026 06:58:59 GMT	2026-09-25T23:23:25+05:30		
levt1	3	https://ncert.nic.in/textbook/pdf/levt103.pdf	HEAD	200	1279463	Fri, 27 Mar 2026 06:58:59 GMT	2026-09-25T23:23:25+05:30		
levt1	4	https://ncert.nic.in/textbook/pdf/levt104.pdf	HEAD	200	2548205	Fri, 27 Mar 2026 06:59:00 GMT	2026-09-25T23:23:25+05:30		
levt1	5	https://ncert.nic.in/textbook/pdf/levt105.pdf	HEAD	200	2003462	Fri, 27 Mar 2026 06:59:00 GMT	2026-09-25T23:23:25+05:30		
levt1	6	https://ncert.nic.in/textbook/pdf/levt106.pdf	GET	200	1387791	Fri, 27 Mar 2026 07:00:59 GMT	2026-09-25T23:23:26+05:30	0ed887246f2ec705cf71f3cd1c3ee1b651cf6e204330504efed8373a53193229	yes
lebo1	1	https://ncert.nic.in/textbook/pdf/lebo101.pdf	GET	200	36802891	Fri, 27 Mar 2026 08:59:56 GMT	2026-09-25T23:23:45+05:30	039bad8cf195a93b90fa7857eda95f39bdd4fd278b3c8bced235f3b6cd71c25c	yes
lebo1	2	https://ncert.nic.in/textbook/pdf/lebo102.pdf	HEAD	200	64451743	Fri, 27 Mar 2026 09:00:15 GMT	2026-09-25T23:23:26+05:30		
lebo1	3	https://ncert.nic.in/textbook/pdf/lebo103.pdf	HEAD	200	1257758	Fri, 27 Mar 2026 09:00:15 GMT	2026-09-25T23:23:26+05:30		
lebo1	4	https://ncert.nic.in/textbook/pdf/lebo104.pdf	HEAD	200	19209703	Fri, 27 Mar 2026 09:00:21 GMT	2026-09-25T23:23:26+05:30		
lebo1	5	https://ncert.nic.in/textbook/pdf/lebo105.pdf	HEAD	200	4133881	Fri, 27 Mar 2026 09:00:22 GMT	2026-09-25T23:23:26+05:30		
lebo1	6	https://ncert.nic.in/textbook/pdf/lebo106.pdf	HEAD	200	12722180	Fri, 27 Mar 2026 09:00:24 GMT	2026-09-25T23:23:26+05:30		
lebo1	7	https://ncert.nic.in/textbook/pdf/lebo107.pdf	HEAD	200	4502597	Fri, 27 Mar 2026 09:00:25 GMT	2026-09-25T23:23:26+05:30		
lebo1	8	https://ncert.nic.in/textbook/pdf/lebo108.pdf	HEAD	200	12940104	Fri, 27 Mar 2026 09:00:27 GMT	2026-09-25T23:23:26+05:30		
lebo1	9	https://ncert.nic.in/textbook/pdf/lebo109.pdf	HEAD	200	3136998	Fri, 27 Mar 2026 09:00:28 GMT	2026-09-25T23:23:27+05:30		
lebo1	10	https://ncert.nic.in/textbook/pdf/lebo110.pdf	HEAD	200	1493323	Fri, 27 Mar 2026 09:00:28 GMT	2026-09-25T23:23:27+05:30		
lebo1	11	https://ncert.nic.in/textbook/pdf/lebo111.pdf	HEAD	200	1555427	Fri, 27 Mar 2026 09:00:28 GMT	2026-09-25T23:23:27+05:30		
lebo1	12	https://ncert.nic.in/textbook/pdf/lebo112.pdf	HEAD	200	2415025	Fri, 27 Mar 2026 09:00:29 GMT	2026-09-25T23:23:27+05:30		
lebo1	13	https://ncert.nic.in/textbook/pdf/lebo113.pdf	GET	200	2344750	Fri, 27 Mar 2026 09:00:29 GMT	2026-09-25T23:23:28+05:30	d4587f07dd122d19493a66fb2aae6f11ae02ef9124dea92634b524f078f20faa	yes
lehs1	1	https://ncert.nic.in/textbook/pdf/lehs101.pdf	GET	200	4431949	Mon, 06 Jul 2026 11:05:26 GMT	2026-09-25T23:23:28+05:30	487b775f9e8eecd7421a875a356ac190d1bac3d2aa9a68dfc6f9dce24fe94aaa	yes
lehs1	2	https://ncert.nic.in/textbook/pdf/lehs102.pdf	HEAD	200	3994083	Mon, 06 Jul 2026 11:05:26 GMT	2026-09-25T23:23:27+05:30		
lehs1	3	https://ncert.nic.in/textbook/pdf/lehs103.pdf	HEAD	200	4221355	Mon, 06 Jul 2026 11:05:26 GMT	2026-09-25T23:23:27+05:30		
lehs1	4	https://ncert.nic.in/textbook/pdf/lehs104.pdf	GET	200	9299015	Mon, 06 Jul 2026 11:05:26 GMT	2026-09-25T23:23:30+05:30	6dbc0ec398ee2bbb35aa953d8f713d465446900aba34c70f2157fb3a0d0fa397	yes
lehs2	1	https://ncert.nic.in/textbook/pdf/lehs201.pdf	GET	200	3521329	Fri, 27 Mar 2026 11:33:28 GMT	2026-09-25T23:23:30+05:30	78569e25e05d8d62551de76068f336cb16c38ef20eb01f761f5bef0e104cecb3	yes
lehs2	2	https://ncert.nic.in/textbook/pdf/lehs202.pdf	HEAD	200	4555758	Fri, 27 Mar 2026 11:33:28 GMT	2026-09-25T23:23:28+05:30		
lehs2	3	https://ncert.nic.in/textbook/pdf/lehs203.pdf	HEAD	200	5130389	Fri, 27 Mar 2026 11:33:28 GMT	2026-09-25T23:23:28+05:30		
lehs2	4	https://ncert.nic.in/textbook/pdf/lehs204.pdf	GET	200	4839791	Fri, 27 Mar 2026 11:33:29 GMT	2026-09-25T23:23:30+05:30	bd4bae7e11ae7f1f063504a75f148a5799724a880eeb92d1437b6503460230ed	yes
lehs3	1	https://ncert.nic.in/textbook/pdf/lehs301.pdf	GET	200	3688788	Sat, 28 Mar 2026 04:51:33 GMT	2026-09-25T23:23:35+05:30	d8781d69c148eab2e09f33dceb54a1face5961d52d18dec41a63bf26eb5283f8	yes
lehs3	2	https://ncert.nic.in/textbook/pdf/lehs302.pdf	HEAD	200	3510317	Sat, 28 Mar 2026 04:51:33 GMT	2026-09-25T23:23:29+05:30		
lehs3	3	https://ncert.nic.in/textbook/pdf/lehs303.pdf	HEAD	200	4258469	Sat, 28 Mar 2026 04:51:33 GMT	2026-09-25T23:23:29+05:30		
lehs3	4	https://ncert.nic.in/textbook/pdf/lehs304.pdf	GET	200	3012822	Sat, 28 Mar 2026 04:51:33 GMT	2026-09-25T23:23:30+05:30	6e00dbc64d67c38fc6042163d82ded8c4811899e210c159f36e25bbe220a820d	yes
legy1	1	https://ncert.nic.in/textbook/pdf/legy101.pdf	GET	200	2469187	Mon, 13 Jul 2026 05:26:31 GMT	2026-09-25T23:23:31+05:30	9e4f3da9d82bbbe07a6e2217ff6936d85eb983df253d17e2908971e7aad32c20	yes
legy1	2	https://ncert.nic.in/textbook/pdf/legy102.pdf	HEAD	200	1666522	Mon, 13 Jul 2026 05:26:32 GMT	2026-09-25T23:23:30+05:30		
legy1	3	https://ncert.nic.in/textbook/pdf/legy103.pdf	HEAD	200	1048869	Mon, 13 Jul 2026 05:26:32 GMT	2026-09-25T23:23:30+05:30		
legy1	4	https://ncert.nic.in/textbook/pdf/legy104.pdf	HEAD	200	5575426	Mon, 13 Jul 2026 05:26:33 GMT	2026-09-25T23:23:31+05:30		
legy1	5	https://ncert.nic.in/textbook/pdf/legy105.pdf	HEAD	200	2603065	Mon, 13 Jul 2026 05:26:33 GMT	2026-09-25T23:23:30+05:30		
legy1	6	https://ncert.nic.in/textbook/pdf/legy106.pdf	HEAD	200	2099855	Mon, 13 Jul 2026 05:26:34 GMT	2026-09-25T23:23:31+05:30		
legy1	7	https://ncert.nic.in/textbook/pdf/legy107.pdf	HEAD	200	4694337	Mon, 13 Jul 2026 05:26:34 GMT	2026-09-25T23:23:31+05:30		
legy1	8	https://ncert.nic.in/textbook/pdf/legy108.pdf	GET	200	2208987	Mon, 13 Jul 2026 05:26:35 GMT	2026-09-25T23:23:31+05:30	8e696ac023054310a99ef3eb24a342b8d1d2edd52697a26d4181b2c3f686bc4c	yes
legy3	1	https://ncert.nic.in/textbook/pdf/legy301.pdf	GET	200	1341273	Sat, 28 Mar 2026 04:33:36 GMT	2026-09-25T23:23:31+05:30	915de92798ddaeaabeb39766a675211e547cecd52024a89ff1c48f692921e5fb	no
legy3	2	https://ncert.nic.in/textbook/pdf/legy302.pdf	HEAD	200	1040520	Sat, 28 Mar 2026 04:33:36 GMT	2026-09-25T23:23:31+05:30		
legy3	3	https://ncert.nic.in/textbook/pdf/legy303.pdf	HEAD	200	3242527	Sat, 28 Mar 2026 04:33:37 GMT	2026-09-25T23:23:31+05:30		
legy3	4	https://ncert.nic.in/textbook/pdf/legy304.pdf	GET	200	2263733	Sat, 28 Mar 2026 04:33:37 GMT	2026-09-25T23:23:32+05:30	9729996bada16d99bc32eed799a575f37130e6e306a22606f9be6d14fd71fa2a	yes
legy2	1	https://ncert.nic.in/textbook/pdf/legy201.pdf	GET	200	1939644	Sat, 28 Mar 2026 04:18:31 GMT	2026-09-25T23:23:32+05:30	1aa2bc65e6f3de00dcf867a44592daffe0a5465c120cd1196385c045c226e906	yes
legy2	2	https://ncert.nic.in/textbook/pdf/legy202.pdf	HEAD	200	727003	Sat, 28 Mar 2026 04:18:31 GMT	2026-09-25T23:23:32+05:30		
legy2	3	https://ncert.nic.in/textbook/pdf/legy203.pdf	HEAD	200	2549691	Sat, 28 Mar 2026 04:18:31 GMT	2026-09-25T23:23:32+05:30		
legy2	4	https://ncert.nic.in/textbook/pdf/legy204.pdf	HEAD	200	1788698	Sat, 28 Mar 2026 04:18:31 GMT	2026-09-25T23:23:32+05:30		
legy2	5	https://ncert.nic.in/textbook/pdf/legy205.pdf	HEAD	200	1813942	Sat, 28 Mar 2026 04:18:32 GMT	2026-09-25T23:23:32+05:30		
legy2	6	https://ncert.nic.in/textbook/pdf/legy206.pdf	HEAD	200	1184837	Sat, 28 Mar 2026 04:18:32 GMT	2026-09-25T23:23:32+05:30		
legy2	7	https://ncert.nic.in/textbook/pdf/legy207.pdf	HEAD	200	1615599	Sat, 28 Mar 2026 04:18:32 GMT	2026-09-25T23:23:32+05:30		
legy2	8	https://ncert.nic.in/textbook/pdf/legy208.pdf	HEAD	200	1227568	Sat, 28 Mar 2026 04:18:32 GMT	2026-09-25T23:23:32+05:30		
legy2	9	https://ncert.nic.in/textbook/pdf/legy209.pdf	GET	200	1650346	Sat, 28 Mar 2026 04:18:32 GMT	2026-09-25T23:23:33+05:30	b5d4e9c7e2710f13ac55f9739ac1ecf3e02f27100785a10b518ee3ad584c016c	yes
lepy1	1	https://ncert.nic.in/textbook/pdf/lepy101.pdf	GET	200	2216812	Sat, 28 Mar 2026 04:48:48 GMT	2026-09-25T23:23:33+05:30	d18dcafbebb671a0362433699627bd459516c490eaeae42759977767b953f45c	yes
lepy1	2	https://ncert.nic.in/textbook/pdf/lepy102.pdf	HEAD	200	2596859	Sat, 28 Mar 2026 04:48:49 GMT	2026-09-25T23:23:33+05:30		
lepy1	3	https://ncert.nic.in/textbook/pdf/lepy103.pdf	HEAD	200	2029955	Sat, 28 Mar 2026 04:48:49 GMT	2026-09-25T23:23:33+05:30		
lepy1	4	https://ncert.nic.in/textbook/pdf/lepy104.pdf	HEAD	200	2031469	Sat, 28 Mar 2026 04:48:49 GMT	2026-09-25T23:23:33+05:30		
lepy1	5	https://ncert.nic.in/textbook/pdf/lepy105.pdf	HEAD	200	1658601	Sat, 28 Mar 2026 04:48:49 GMT	2026-09-25T23:23:33+05:30		
lepy1	6	https://ncert.nic.in/textbook/pdf/lepy106.pdf	HEAD	200	2006108	Sat, 28 Mar 2026 04:48:49 GMT	2026-09-25T23:23:33+05:30		
lepy1	7	https://ncert.nic.in/textbook/pdf/lepy107.pdf	GET	200	1599792	Sat, 28 Mar 2026 04:48:49 GMT	2026-09-25T23:23:34+05:30	0d226ea561bec4c7d36e1307c288c0d96a9a981d197443911bc238b19e40b6c5	yes
lesy1	1	https://ncert.nic.in/textbook/pdf/lesy101.pdf	GET	200	1184914	Fri, 27 Mar 2026 10:23:17 GMT	2026-09-25T23:23:34+05:30	3e7e9a0e59bea4b5ff5eecf81a888ce30fc59682441338d71e9bf5b8d3a92d79	yes
lesy1	2	https://ncert.nic.in/textbook/pdf/lesy102.pdf	HEAD	200	3881686	Fri, 27 Mar 2026 10:23:18 GMT	2026-09-25T23:23:34+05:30		
lesy1	3	https://ncert.nic.in/textbook/pdf/lesy103.pdf	HEAD	200	2247794	Fri, 27 Mar 2026 10:23:18 GMT	2026-09-25T23:23:34+05:30		
lesy1	4	https://ncert.nic.in/textbook/pdf/lesy104.pdf	HEAD	200	2238759	Fri, 27 Mar 2026 10:23:18 GMT	2026-09-25T23:23:34+05:30		
lesy1	5	https://ncert.nic.in/textbook/pdf/lesy105.pdf	HEAD	200	3187605	Fri, 27 Mar 2026 10:23:18 GMT	2026-09-25T23:23:34+05:30		
lesy1	6	https://ncert.nic.in/textbook/pdf/lesy106.pdf	HEAD	200	2590592	Fri, 27 Mar 2026 10:23:18 GMT	2026-09-25T23:23:34+05:30		
lesy1	7	https://ncert.nic.in/textbook/pdf/lesy107.pdf	GET	200	1857477	Fri, 27 Mar 2026 10:23:19 GMT	2026-09-25T23:23:35+05:30	f6dfa5c68a4e0a6094949afbb9f8996e39703994c7905eb1ed4f66d4068a28bd	yes
lesy2	1	https://ncert.nic.in/textbook/pdf/lesy201.pdf	GET	200	2637688	Fri, 27 Mar 2026 10:19:18 GMT	2026-09-25T23:23:35+05:30	d7bbacc8a547f2279a0ab717573cff991c453460ca76a159ce4254acc265bdb7	yes
lesy2	2	https://ncert.nic.in/textbook/pdf/lesy202.pdf	HEAD	200	2276943	Fri, 27 Mar 2026 10:19:18 GMT	2026-09-25T23:23:34+05:30		
lesy2	3	https://ncert.nic.in/textbook/pdf/lesy203.pdf	HEAD	200	1708638	Fri, 27 Mar 2026 10:19:18 GMT	2026-09-25T23:23:34+05:30		
lesy2	4	https://ncert.nic.in/textbook/pdf/lesy204.pdf	HEAD	200	2553899	Fri, 27 Mar 2026 10:19:19 GMT	2026-09-25T23:23:34+05:30		
lesy2	5	https://ncert.nic.in/textbook/pdf/lesy205.pdf	HEAD	200	2015331	Fri, 27 Mar 2026 10:19:19 GMT	2026-09-25T23:23:35+05:30		
lesy2	6	https://ncert.nic.in/textbook/pdf/lesy206.pdf	HEAD	200	2588317	Fri, 27 Mar 2026 10:19:19 GMT	2026-09-25T23:23:35+05:30		
lesy2	7	https://ncert.nic.in/textbook/pdf/lesy207.pdf	HEAD	200	2633781	Fri, 27 Mar 2026 10:19:19 GMT	2026-09-25T23:23:35+05:30		
lesy2	8	https://ncert.nic.in/textbook/pdf/lesy208.pdf	GET	200	2720653	Fri, 27 Mar 2026 10:19:19 GMT	2026-09-25T23:23:36+05:30	4308832ded9cfefde27934d05b1920f7fd7d4e3944833b598cb89bd3add43154	yes
lech1	1	https://ncert.nic.in/textbook/pdf/lech101.pdf	GET	200	3944788	Sat, 28 Mar 2026 07:01:25 GMT	2026-09-25T23:23:37+05:30	99d19dbb008280c361496c6e184be91b214d70fb40837749c692c8c52add341f	yes
lech1	2	https://ncert.nic.in/textbook/pdf/lech102.pdf	HEAD	200	4383876	Sat, 28 Mar 2026 07:01:25 GMT	2026-09-25T23:23:35+05:30		
lech1	3	https://ncert.nic.in/textbook/pdf/lech103.pdf	HEAD	200	3984702	Sat, 28 Mar 2026 07:01:26 GMT	2026-09-25T23:23:35+05:30		
lech1	4	https://ncert.nic.in/textbook/pdf/lech104.pdf	HEAD	200	4187695	Sat, 28 Mar 2026 07:01:26 GMT	2026-09-25T23:23:35+05:30		
lech1	5	https://ncert.nic.in/textbook/pdf/lech105.pdf	GET	200	3698309	Sat, 28 Mar 2026 07:01:26 GMT	2026-09-25T23:23:37+05:30	9cca0d995461bb4ba9e02dd4c40b9c3ba40fccfdc132f4a8a0959a82cea209b3	yes
lech2	1	https://ncert.nic.in/textbook/pdf/lech201.pdf	GET	200	4346904	Sat, 28 Mar 2026 06:58:02 GMT	2026-09-25T23:23:43+05:30	faca920f61f7ac668957201f3a8093d204f6364949f4e1ad733af6b01cc4cb17	yes
lech2	2	https://ncert.nic.in/textbook/pdf/lech202.pdf	HEAD	200	4595173	Sat, 28 Mar 2026 06:58:03 GMT	2026-09-25T23:23:36+05:30		
lech2	3	https://ncert.nic.in/textbook/pdf/lech203.pdf	HEAD	200	4386923	Sat, 28 Mar 2026 06:58:03 GMT	2026-09-25T23:23:36+05:30		
lech2	4	https://ncert.nic.in/textbook/pdf/lech204.pdf	HEAD	200	2920268	Sat, 28 Mar 2026 06:58:04 GMT	2026-09-25T23:23:36+05:30		
lech2	5	https://ncert.nic.in/textbook/pdf/lech205.pdf	GET	200	3124512	Sat, 28 Mar 2026 06:58:04 GMT	2026-09-25T23:23:37+05:30	a6e215335dff95dfc4023bfbf1a994cbca7b35890ab75952a6cc1c390ba9c072	yes
leps1	1	https://ncert.nic.in/textbook/pdf/leps101.pdf	GET	200	1544944	Fri, 27 Mar 2026 09:52:23 GMT	2026-09-25T23:23:37+05:30	f2e02e851eca851a79d0a4794a84576c3f3c45050dd84a930443e2c7828ea0c1	yes
leps1	2	https://ncert.nic.in/textbook/pdf/leps102.pdf	HEAD	200	1920344	Fri, 27 Mar 2026 09:52:23 GMT	2026-09-25T23:23:37+05:30		
leps1	3	https://ncert.nic.in/textbook/pdf/leps103.pdf	HEAD	200	1891093	Fri, 27 Mar 2026 09:52:23 GMT	2026-09-25T23:23:37+05:30		
leps1	4	https://ncert.nic.in/textbook/pdf/leps104.pdf	HEAD	200	2026489	Fri, 27 Mar 2026 09:52:23 GMT	2026-09-25T23:23:37+05:30		
leps1	5	https://ncert.nic.in/textbook/pdf/leps105.pdf	HEAD	200	2306990	Fri, 27 Mar 2026 09:52:23 GMT	2026-09-25T23:23:37+05:30		
leps1	6	https://ncert.nic.in/textbook/pdf/leps106.pdf	HEAD	200	3247690	Fri, 27 Mar 2026 09:52:23 GMT	2026-09-25T23:23:37+05:30		
leps1	7	https://ncert.nic.in/textbook/pdf/leps107.pdf	GET	200	28677112	Fri, 27 Mar 2026 10:07:09 GMT	2026-09-25T23:23:44+05:30	88af814d3c77af6f2d4bc6aed55f349453be894feafd1f02fee1833114641cce	yes
leps2	1	https://ncert.nic.in/textbook/pdf/leps201.pdf	GET	200	8590016	Sat, 28 Mar 2026 05:59:29 GMT	2026-09-25T23:23:39+05:30	c2ebc908bc2b498a1666a49d770682840d4193cfa79a0f0d2a5ee2d7268e50ac	yes
leps2	2	https://ncert.nic.in/textbook/pdf/leps202.pdf	HEAD	200	4004239	Sat, 28 Mar 2026 05:59:29 GMT	2026-09-25T23:23:37+05:30		
leps2	3	https://ncert.nic.in/textbook/pdf/leps203.pdf	HEAD	200	2623518	Sat, 28 Mar 2026 05:59:29 GMT	2026-09-25T23:23:38+05:30		
leps2	4	https://ncert.nic.in/textbook/pdf/leps204.pdf	HEAD	200	5434691	Sat, 28 Mar 2026 05:59:29 GMT	2026-09-25T23:23:38+05:30		
leps2	5	https://ncert.nic.in/textbook/pdf/leps205.pdf	HEAD	200	4592315	Sat, 28 Mar 2026 05:59:29 GMT	2026-09-25T23:23:38+05:30		
leps2	6	https://ncert.nic.in/textbook/pdf/leps206.pdf	HEAD	200	5516000	Sat, 28 Mar 2026 05:59:30 GMT	2026-09-25T23:23:38+05:30		
leps2	7	https://ncert.nic.in/textbook/pdf/leps207.pdf	HEAD	200	6006492	Sat, 28 Mar 2026 05:59:30 GMT	2026-09-25T23:23:39+05:30		
leps2	8	https://ncert.nic.in/textbook/pdf/leps208.pdf	GET	200	5996965	Sat, 28 Mar 2026 05:59:30 GMT	2026-09-25T23:23:43+05:30	5a22cb228b65586caf6e8caa7d45e8f892e216f7030c9d46796302fd0bc51c36	yes
leec2	1	https://ncert.nic.in/textbook/pdf/leec201.pdf	GET	200	1290029	Mon, 13 Jul 2026 05:26:24 GMT	2026-09-25T23:23:40+05:30	a65235ff3a2101470a0b22f0d188bacb346175f72758f740cf23097ca5f9d820	yes
leec2	2	https://ncert.nic.in/textbook/pdf/leec202.pdf	HEAD	200	4066289	Mon, 13 Jul 2026 05:26:25 GMT	2026-09-25T23:23:40+05:30		
leec2	3	https://ncert.nic.in/textbook/pdf/leec203.pdf	HEAD	200	2154687	Mon, 13 Jul 2026 05:26:25 GMT	2026-09-25T23:23:40+05:30		
leec2	4	https://ncert.nic.in/textbook/pdf/leec204.pdf	HEAD	200	2462352	Mon, 13 Jul 2026 05:26:26 GMT	2026-09-25T23:23:40+05:30		
leec2	5	https://ncert.nic.in/textbook/pdf/leec205.pdf	GET	200	2253618	Mon, 13 Jul 2026 05:26:26 GMT	2026-09-25T23:23:42+05:30	b68cfbdb16f361a6d0241fb62a8c90bf6cc5845b6f51b89bf2e02ea548f809f0	yes
leec1	1	https://ncert.nic.in/textbook/pdf/leec101.pdf	GET	200	1042990	Fri, 27 Mar 2026 09:41:18 GMT	2026-09-25T23:23:42+05:30	e4463575613563853b81b92cd41dd50107ce012eadf0daddb5794eab99d37ec0	yes
leec1	2	https://ncert.nic.in/textbook/pdf/leec102.pdf	HEAD	200	2243542	Fri, 27 Mar 2026 09:41:18 GMT	2026-09-25T23:23:42+05:30		
leec1	3	https://ncert.nic.in/textbook/pdf/leec103.pdf	HEAD	200	1623051	Fri, 27 Mar 2026 09:41:18 GMT	2026-09-25T23:23:42+05:30		
leec1	4	https://ncert.nic.in/textbook/pdf/leec104.pdf	HEAD	200	1556618	Fri, 27 Mar 2026 09:41:18 GMT	2026-09-25T23:23:42+05:30		
leec1	5	https://ncert.nic.in/textbook/pdf/leec105.pdf	HEAD	200	2191693	Fri, 27 Mar 2026 09:41:19 GMT	2026-09-25T23:23:43+05:30		
leec1	6	https://ncert.nic.in/textbook/pdf/leec106.pdf	GET	200	1363711	Fri, 27 Mar 2026 09:41:19 GMT	2026-09-25T23:23:43+05:30	78892e1924206db9f3367c8184eb41afb93f44b292ddd0876a4cc7ca528ee2b2	yes
lebs1	1	https://ncert.nic.in/textbook/pdf/lebs101.pdf	GET	200	2822372	Fri, 27 Mar 2026 10:29:46 GMT	2026-09-25T23:23:44+05:30	4dd5f7b4bd8c3076adaee5789325069700d60f20b1c0f9c3655ad7ccb7caa7e5	yes
lebs1	2	https://ncert.nic.in/textbook/pdf/lebs102.pdf	HEAD	200	3490574	Fri, 27 Mar 2026 10:29:46 GMT	2026-09-25T23:23:43+05:30		
lebs1	3	https://ncert.nic.in/textbook/pdf/lebs103.pdf	HEAD	200	2328608	Fri, 27 Mar 2026 10:29:46 GMT	2026-09-25T23:23:43+05:30		
lebs1	4	https://ncert.nic.in/textbook/pdf/lebs104.pdf	HEAD	200	1992276	Fri, 27 Mar 2026 10:29:46 GMT	2026-09-25T23:23:43+05:30		
lebs1	5	https://ncert.nic.in/textbook/pdf/lebs105.pdf	HEAD	200	2964716	Fri, 27 Mar 2026 10:29:47 GMT	2026-09-25T23:23:44+05:30		
lebs1	6	https://ncert.nic.in/textbook/pdf/lebs106.pdf	HEAD	200	2915161	Fri, 27 Mar 2026 10:29:47 GMT	2026-09-25T23:23:44+05:30		
lebs1	7	https://ncert.nic.in/textbook/pdf/lebs107.pdf	HEAD	200	3024689	Fri, 27 Mar 2026 10:29:47 GMT	2026-09-25T23:23:44+05:30		
lebs1	8	https://ncert.nic.in/textbook/pdf/lebs108.pdf	GET	200	1841680	Fri, 27 Mar 2026 10:29:47 GMT	2026-09-25T23:23:45+05:30	16e4751fcdf1fbd8de8c3386743baad13b299c9c5b094efceef6f5019dfdc4d3	yes
lebs2	1	https://ncert.nic.in/textbook/pdf/lebs201.pdf	GET	200	2921632	Fri, 27 Mar 2026 10:31:44 GMT	2026-09-25T23:23:45+05:30	a8aa2e458ce523f6f94d0ceb3d5e409d06a06e5e035c5e071f79fafa06d1c6f1	yes
lebs2	2	https://ncert.nic.in/textbook/pdf/lebs202.pdf	HEAD	200	4419582	Fri, 27 Mar 2026 10:31:44 GMT	2026-09-25T23:23:44+05:30		
lebs2	3	https://ncert.nic.in/textbook/pdf/lebs203.pdf	GET	200	2219285	Fri, 27 Mar 2026 10:31:44 GMT	2026-09-25T23:23:46+05:30	0823655909a5f2eb4808f5a3b5191774b5d17e1c2a3a9e7ad95df6d26fc35420	yes
lehe1	1	https://ncert.nic.in/textbook/pdf/lehe101.pdf	GET	200	2992819	Sat, 28 Mar 2026 05:24:35 GMT	2026-09-25T23:23:45+05:30	374bfdfca74621cbb17d46d5f95d39781dc029bb3faff7ea7d7164f3eb63f627	yes
lehe1	2	https://ncert.nic.in/textbook/pdf/lehe102.pdf	HEAD	200	1868236	Sat, 28 Mar 2026 05:24:35 GMT	2026-09-25T23:23:45+05:30		
lehe1	3	https://ncert.nic.in/textbook/pdf/lehe103.pdf	HEAD	200	2000072	Sat, 28 Mar 2026 05:24:35 GMT	2026-09-25T23:23:45+05:30		
lehe1	4	https://ncert.nic.in/textbook/pdf/lehe104.pdf	HEAD	200	1789166	Sat, 28 Mar 2026 05:24:35 GMT	2026-09-25T23:23:45+05:30		
lehe1	5	https://ncert.nic.in/textbook/pdf/lehe105.pdf	HEAD	200	3147918	Sat, 28 Mar 2026 05:24:36 GMT	2026-09-25T23:23:45+05:30		
lehe1	6	https://ncert.nic.in/textbook/pdf/lehe106.pdf	HEAD	200	1985701	Sat, 28 Mar 2026 05:24:36 GMT	2026-09-25T23:23:45+05:30		
lehe1	7	https://ncert.nic.in/textbook/pdf/lehe107.pdf	GET	200	3322166	Sat, 28 Mar 2026 05:24:36 GMT	2026-09-25T23:23:46+05:30	4dbc3452b1396864638bf0aa13c2d91ac5ac16e9bacda89e16b53b63bd543aa2	yes
lehe2	1	https://ncert.nic.in/textbook/pdf/lehe201.pdf	GET	200	4746335	Sat, 28 Mar 2026 05:28:46 GMT	2026-09-25T23:23:47+05:30	21ae68c53af7a0e2402784166293015da070f81909ed84a7717112c67579f341	no
lehe2	2	https://ncert.nic.in/textbook/pdf/lehe202.pdf	HEAD	200	1675249	Sat, 28 Mar 2026 05:28:46 GMT	2026-09-25T23:23:45+05:30		
lehe2	3	https://ncert.nic.in/textbook/pdf/lehe203.pdf	HEAD	200	1769160	Sat, 28 Mar 2026 05:28:46 GMT	2026-09-25T23:23:45+05:30		
lehe2	4	https://ncert.nic.in/textbook/pdf/lehe204.pdf	HEAD	200	2026865	Sat, 28 Mar 2026 05:28:47 GMT	2026-09-25T23:23:45+05:30		
lehe2	5	https://ncert.nic.in/textbook/pdf/lehe205.pdf	HEAD	200	2150669	Sat, 28 Mar 2026 05:28:47 GMT	2026-09-25T23:23:46+05:30		
lehe2	6	https://ncert.nic.in/textbook/pdf/lehe206.pdf	HEAD	200	1874680	Sat, 28 Mar 2026 05:28:47 GMT	2026-09-25T23:23:46+05:30		
lehe2	7	https://ncert.nic.in/textbook/pdf/lehe207.pdf	GET	200	3036249	Sat, 28 Mar 2026 05:28:47 GMT	2026-09-25T23:23:47+05:30	0b4e1b4b719a263e2fa281fff1ed16c449be6646a84125e52796e94d6ab33ebf	yes
lehh1	1	https://ncert.nic.in/textbook/pdf/lehh101.pdf	HEAD	200	3025963	Sat, 28 Mar 2026 05:35:17 GMT	2026-09-25T23:23:46+05:30		
lehh1	2	https://ncert.nic.in/textbook/pdf/lehh102.pdf	HEAD	200	1885899	Sat, 28 Mar 2026 05:35:17 GMT	2026-09-25T23:23:46+05:30		
lehh1	3	https://ncert.nic.in/textbook/pdf/lehh103.pdf	HEAD	200	1994354	Sat, 28 Mar 2026 05:35:17 GMT	2026-09-25T23:23:46+05:30		
lehh1	4	https://ncert.nic.in/textbook/pdf/lehh104.pdf	HEAD	200	1814042	Sat, 28 Mar 2026 05:35:17 GMT	2026-09-25T23:23:46+05:30		
lehh1	5	https://ncert.nic.in/textbook/pdf/lehh105.pdf	HEAD	200	3025437	Sat, 28 Mar 2026 05:35:18 GMT	2026-09-25T23:23:46+05:30		
lehh1	6	https://ncert.nic.in/textbook/pdf/lehh106.pdf	HEAD	200	1963828	Sat, 28 Mar 2026 05:35:18 GMT	2026-09-25T23:23:46+05:30		
lehh1	7	https://ncert.nic.in/textbook/pdf/lehh107.pdf	HEAD	200	2615389	Sat, 28 Mar 2026 05:35:18 GMT	2026-09-25T23:23:46+05:30		
lehh2	1	https://ncert.nic.in/textbook/pdf/lehh201.pdf	HEAD	200	5941977	Sat, 28 Mar 2026 05:39:36 GMT	2026-09-25T23:23:47+05:30		
lehh2	2	https://ncert.nic.in/textbook/pdf/lehh202.pdf	HEAD	200	1572530	Sat, 28 Mar 2026 05:39:36 GMT	2026-09-25T23:23:47+05:30		
lehh2	3	https://ncert.nic.in/textbook/pdf/lehh203.pdf	HEAD	200	2356206	Sat, 28 Mar 2026 05:39:36 GMT	2026-09-25T23:23:47+05:30		
lehh2	4	https://ncert.nic.in/textbook/pdf/lehh204.pdf	HEAD	200	2267101	Sat, 28 Mar 2026 05:39:37 GMT	2026-09-25T23:23:47+05:30		
lehh2	5	https://ncert.nic.in/textbook/pdf/lehh205.pdf	HEAD	200	2146053	Sat, 28 Mar 2026 05:39:37 GMT	2026-09-25T23:23:47+05:30		
lehh2	6	https://ncert.nic.in/textbook/pdf/lehh206.pdf	HEAD	200	2381033	Sat, 28 Mar 2026 05:39:37 GMT	2026-09-25T23:23:47+05:30		
lehh2	7	https://ncert.nic.in/textbook/pdf/lehh207.pdf	HEAD	200	2418441	Sat, 28 Mar 2026 05:39:37 GMT	2026-09-25T23:23:47+05:30		
luga1	1	https://ncert.nic.in/textbook/pdf/luga101.pdf	GET	200	1626513	Tue, 21 May 2019 08:36:40 GMT	2026-09-25T23:23:47+05:30	8cfb16da14b3a531842e528c8c11d80a3004056fc5360f772ddbeed4d4dedadf	
luga1	2	https://ncert.nic.in/textbook/pdf/luga102.pdf	HEAD	200	2365877	Tue, 21 May 2019 08:36:58 GMT	2026-09-25T23:23:47+05:30		
luga1	3	https://ncert.nic.in/textbook/pdf/luga103.pdf	HEAD	200	3024423	Tue, 21 May 2019 08:37:04 GMT	2026-09-25T23:23:47+05:30		
luga1	4	https://ncert.nic.in/textbook/pdf/luga104.pdf	HEAD	200	2172031	Tue, 21 May 2019 08:37:10 GMT	2026-09-25T23:23:47+05:30		
luga1	5	https://ncert.nic.in/textbook/pdf/luga105.pdf	HEAD	200	2585435	Tue, 21 May 2019 08:37:20 GMT	2026-09-25T23:23:47+05:30		
luga1	6	https://ncert.nic.in/textbook/pdf/luga106.pdf	HEAD	200	1710162	Tue, 21 May 2019 08:37:28 GMT	2026-09-25T23:23:47+05:30		
luga1	7	https://ncert.nic.in/textbook/pdf/luga107.pdf	HEAD	200	1758171	Tue, 21 May 2019 08:37:36 GMT	2026-09-25T23:23:47+05:30		
luga1	8	https://ncert.nic.in/textbook/pdf/luga108.pdf	HEAD	200	3263336	Tue, 21 May 2019 08:37:44 GMT	2026-09-25T23:23:47+05:30		
luga1	9	https://ncert.nic.in/textbook/pdf/luga109.pdf	HEAD	200	2436400	Tue, 21 May 2019 08:37:52 GMT	2026-09-25T23:23:47+05:30		
luga1	10	https://ncert.nic.in/textbook/pdf/luga110.pdf	HEAD	200	3621450	Tue, 21 May 2019 08:38:04 GMT	2026-09-25T23:23:47+05:30		
luga1	11	https://ncert.nic.in/textbook/pdf/luga111.pdf	HEAD	200	3168662	Tue, 21 May 2019 08:38:12 GMT	2026-09-25T23:23:47+05:30		
luga1	12	https://ncert.nic.in/textbook/pdf/luga112.pdf	GET	404			2026-09-25T23:23:47+05:30		
luku1	1	https://ncert.nic.in/textbook/pdf/luku101.pdf	GET	200	16003075	Fri, 12 Jun 2020 11:19:56 GMT	2026-09-25T23:23:50+05:30	2e79c6330bdc9bac1ff0f0ca06867d8b25863ceee31b44966531226cce065a05	
luku1	2	https://ncert.nic.in/textbook/pdf/luku102.pdf	HEAD	200	8594236	Fri, 12 Jun 2020 11:19:58 GMT	2026-09-25T23:23:47+05:30		
luku1	3	https://ncert.nic.in/textbook/pdf/luku103.pdf	HEAD	200	1498138	Fri, 12 Jun 2020 11:19:54 GMT	2026-09-25T23:23:47+05:30		
luku1	4	https://ncert.nic.in/textbook/pdf/luku104.pdf	HEAD	200	3846052	Fri, 12 Jun 2020 11:20:00 GMT	2026-09-25T23:23:47+05:30		
luku1	5	https://ncert.nic.in/textbook/pdf/luku105.pdf	HEAD	200	3099782	Fri, 12 Jun 2020 11:20:00 GMT	2026-09-25T23:23:48+05:30		
luku1	6	https://ncert.nic.in/textbook/pdf/luku106.pdf	GET	200	4992567	Fri, 12 Jun 2020 11:20:04 GMT	2026-09-25T23:23:50+05:30	650c9ee551b5c15f5241392f0d06d3a6f1e574b3995b5f90f04773bb3682c9c7	
luna1	1	https://ncert.nic.in/textbook/pdf/luna101.pdf	GET	200	2186528	Fri, 12 Jun 2020 12:09:16 GMT	2026-09-25T23:23:50+05:30	3219b15a727b5f4afc76887e8638450e7d0813989c3f6b13682c7784256c80ff	
luna1	2	https://ncert.nic.in/textbook/pdf/luna102.pdf	HEAD	200	2871795	Fri, 12 Jun 2020 12:09:20 GMT	2026-09-25T23:23:48+05:30		
luna1	3	https://ncert.nic.in/textbook/pdf/luna103.pdf	HEAD	200	3698597	Fri, 12 Jun 2020 12:09:20 GMT	2026-09-25T23:23:48+05:30		
luna1	4	https://ncert.nic.in/textbook/pdf/luna104.pdf	HEAD	200	1952397	Fri, 12 Jun 2020 12:09:20 GMT	2026-09-25T23:23:48+05:30		
luna1	5	https://ncert.nic.in/textbook/pdf/luna105.pdf	HEAD	200	3192979	Fri, 12 Jun 2020 12:09:26 GMT	2026-09-25T23:23:48+05:30		
luna1	6	https://ncert.nic.in/textbook/pdf/luna106.pdf	HEAD	200	2443684	Fri, 12 Jun 2020 12:09:24 GMT	2026-09-25T23:23:48+05:30		
luna1	7	https://ncert.nic.in/textbook/pdf/luna107.pdf	HEAD	200	2315896	Fri, 12 Jun 2020 12:09:26 GMT	2026-09-25T23:23:48+05:30		
luna1	8	https://ncert.nic.in/textbook/pdf/luna108.pdf	HEAD	200	1692641	Fri, 12 Jun 2020 12:09:26 GMT	2026-09-25T23:23:48+05:30		
luna1	9	https://ncert.nic.in/textbook/pdf/luna109.pdf	HEAD	200	1581262	Fri, 12 Jun 2020 12:09:28 GMT	2026-09-25T23:23:48+05:30		
luna1	10	https://ncert.nic.in/textbook/pdf/luna110.pdf	HEAD	200	2563540	Fri, 12 Jun 2020 12:09:30 GMT	2026-09-25T23:23:48+05:30		
luna1	11	https://ncert.nic.in/textbook/pdf/luna111.pdf	HEAD	200	5282967	Fri, 12 Jun 2020 12:09:34 GMT	2026-09-25T23:23:48+05:30		
luna1	12	https://ncert.nic.in/textbook/pdf/luna112.pdf	HEAD	200	8366460	Fri, 12 Jun 2020 12:09:36 GMT	2026-09-25T23:23:49+05:30		
luna1	13	https://ncert.nic.in/textbook/pdf/luna113.pdf	HEAD	200	789840	Fri, 12 Jun 2020 12:09:36 GMT	2026-09-25T23:23:49+05:30		
luna1	14	https://ncert.nic.in/textbook/pdf/luna114.pdf	HEAD	200	1480450	Fri, 12 Jun 2020 12:09:38 GMT	2026-09-25T23:23:49+05:30		
luna1	15	https://ncert.nic.in/textbook/pdf/luna115.pdf	HEAD	200	2226422	Fri, 12 Jun 2020 12:09:40 GMT	2026-09-25T23:23:49+05:30		
luna1	16	https://ncert.nic.in/textbook/pdf/luna116.pdf	GET	200	1306921	Fri, 12 Jun 2020 12:09:42 GMT	2026-09-25T23:23:50+05:30	806ff2a44c26864a7d87085fd97f44bc707bfe557c724f90b1e3127c8b738d6d	
ludh1	1	https://ncert.nic.in/textbook/pdf/ludh101.pdf	GET	200	1666576	Wed, 22 May 2019 04:50:34 GMT	2026-09-25T23:23:50+05:30	87820133de0c1848f42a8c87cc627f8b962866151931f4d8b66d36b9481d13bf	
ludh1	2	https://ncert.nic.in/textbook/pdf/ludh102.pdf	HEAD	200	2086040	Wed, 22 May 2019 04:50:58 GMT	2026-09-25T23:23:50+05:30		
ludh1	3	https://ncert.nic.in/textbook/pdf/ludh103.pdf	HEAD	200	4042556	Wed, 22 May 2019 04:51:04 GMT	2026-09-25T23:23:50+05:30		
ludh1	4	https://ncert.nic.in/textbook/pdf/ludh104.pdf	HEAD	200	3550210	Wed, 22 May 2019 04:51:12 GMT	2026-09-25T23:23:50+05:30		
ludh1	5	https://ncert.nic.in/textbook/pdf/ludh105.pdf	HEAD	200	3372249	Wed, 22 May 2019 04:51:20 GMT	2026-09-25T23:23:50+05:30		
ludh1	6	https://ncert.nic.in/textbook/pdf/ludh106.pdf	HEAD	200	4051198	Wed, 22 May 2019 04:51:28 GMT	2026-09-25T23:23:50+05:30		
ludh1	7	https://ncert.nic.in/textbook/pdf/ludh107.pdf	HEAD	200	2793040	Wed, 22 May 2019 04:51:34 GMT	2026-09-25T23:23:50+05:30		
ludh1	8	https://ncert.nic.in/textbook/pdf/ludh108.pdf	HEAD	200	3674142	Wed, 22 May 2019 04:51:40 GMT	2026-09-25T23:23:50+05:30		
ludh1	9	https://ncert.nic.in/textbook/pdf/ludh109.pdf	HEAD	200	2625282	Wed, 22 May 2019 04:51:46 GMT	2026-09-25T23:23:50+05:30		
ludh1	10	https://ncert.nic.in/textbook/pdf/ludh110.pdf	HEAD	200	2656665	Wed, 22 May 2019 04:51:56 GMT	2026-09-25T23:23:51+05:30		
ludh1	11	https://ncert.nic.in/textbook/pdf/ludh111.pdf	HEAD	200	1221136	Wed, 22 May 2019 04:52:04 GMT	2026-09-25T23:23:51+05:30		
ludh1	12	https://ncert.nic.in/textbook/pdf/ludh112.pdf	GET	200	1529145	Wed, 22 May 2019 04:52:12 GMT	2026-09-25T23:23:51+05:30	38751b366b3dd4b9485e5f660ee02e317bfe40880d1c2f10e2d5490009295761	
lucw1	1	https://ncert.nic.in/textbook/pdf/lucw101.pdf	GET	200	44908133	Thu, 13 Aug 2020 10:15:54 GMT	2026-09-25T23:24:04+05:30	bf487c666f4f7192595b16a0385da543d4d8c64ffe5b58a7d6866e33354d17a0	
lucw1	2	https://ncert.nic.in/textbook/pdf/lucw102.pdf	HEAD	200	95442787	Thu, 13 Aug 2020 10:15:51 GMT	2026-09-25T23:23:51+05:30		
lucw1	3	https://ncert.nic.in/textbook/pdf/lucw103.pdf	HEAD	200	115717555	Thu, 13 Aug 2020 10:15:44 GMT	2026-09-25T23:23:51+05:30		
lucw1	4	https://ncert.nic.in/textbook/pdf/lucw104.pdf	HEAD	200	78834597	Thu, 13 Aug 2020 10:14:33 GMT	2026-09-25T23:23:51+05:30		
lucw1	5	https://ncert.nic.in/textbook/pdf/lucw105.pdf	HEAD	200	20081409	Thu, 13 Aug 2020 10:14:28 GMT	2026-09-25T23:23:51+05:30		
lucw1	6	https://ncert.nic.in/textbook/pdf/lucw106.pdf	HEAD	200	12005935	Thu, 13 Aug 2020 10:14:26 GMT	2026-09-25T23:23:51+05:30		
lucw1	7	https://ncert.nic.in/textbook/pdf/lucw107.pdf	HEAD	200	22409804	Thu, 13 Aug 2020 10:14:02 GMT	2026-09-25T23:23:51+05:30		
lucw1	8	https://ncert.nic.in/textbook/pdf/lucw108.pdf	HEAD	200	9546165	Thu, 13 Aug 2020 10:13:57 GMT	2026-09-25T23:23:51+05:30		
lucw1	9	https://ncert.nic.in/textbook/pdf/lucw109.pdf	HEAD	200	11689109	Thu, 13 Aug 2020 10:13:50 GMT	2026-09-25T23:23:51+05:30		
lucw1	10	https://ncert.nic.in/textbook/pdf/lucw110.pdf	HEAD	200	8675039	Thu, 13 Aug 2020 10:13:46 GMT	2026-09-25T23:23:52+05:30		
lucw1	11	https://ncert.nic.in/textbook/pdf/lucw111.pdf	GET	200	10349778	Thu, 13 Aug 2020 10:13:43 GMT	2026-09-25T23:23:59+05:30	465da6c4b21fb5bfbaa565b3b6d3549ee95d10b7a7f2671a492ff69c587e0e49	
khsr2	1	https://ncert.nic.in/textbook/pdf/khsr201.pdf	GET	200	18742747	Sat, 28 Mar 2026 05:52:06 GMT	2026-09-25T23:23:56+05:30	c6eef657e35a5e140af60960995ce04e052386038f7b586b70e86ae1acb3f8dc	
khsr2	2	https://ncert.nic.in/textbook/pdf/khsr202.pdf	HEAD	200	17235797	Sat, 28 Mar 2026 05:52:07 GMT	2026-09-25T23:23:52+05:30		
khsr2	3	https://ncert.nic.in/textbook/pdf/khsr203.pdf	HEAD	200	9791661	Sat, 28 Mar 2026 05:52:07 GMT	2026-09-25T23:23:52+05:30		
khsr2	4	https://ncert.nic.in/textbook/pdf/khsr204.pdf	GET	200	7064520	Sat, 28 Mar 2026 05:52:07 GMT	2026-09-25T23:24:01+05:30	64a3a063ed20560bc642ff97bb45de50eb159e0901dbad10d440b66ebe687fe0	
lefa1	1	https://ncert.nic.in/textbook/pdf/lefa101.pdf	GET	200	2584807	Sat, 28 Mar 2026 05:32:49 GMT	2026-09-25T23:23:57+05:30	65703dcb4d0360e5ee595ef6c7d1e560cbba5aa58bcb202a2dc673c4655044a2	yes
lefa1	2	https://ncert.nic.in/textbook/pdf/lefa102.pdf	HEAD	200	7321742	Sat, 28 Mar 2026 05:32:50 GMT	2026-09-25T23:23:52+05:30		
lefa1	3	https://ncert.nic.in/textbook/pdf/lefa103.pdf	HEAD	200	5316239	Sat, 28 Mar 2026 05:32:50 GMT	2026-09-25T23:23:52+05:30		
lefa1	4	https://ncert.nic.in/textbook/pdf/lefa104.pdf	HEAD	200	6007229	Sat, 28 Mar 2026 05:32:50 GMT	2026-09-25T23:23:53+05:30		
lefa1	5	https://ncert.nic.in/textbook/pdf/lefa105.pdf	HEAD	200	5448169	Sat, 28 Mar 2026 05:32:50 GMT	2026-09-25T23:23:53+05:30		
lefa1	6	https://ncert.nic.in/textbook/pdf/lefa106.pdf	HEAD	200	3167283	Sat, 28 Mar 2026 05:32:50 GMT	2026-09-25T23:23:54+05:30		
lefa1	7	https://ncert.nic.in/textbook/pdf/lefa107.pdf	HEAD	200	5042007	Sat, 28 Mar 2026 05:32:51 GMT	2026-09-25T23:23:54+05:30		
lefa1	8	https://ncert.nic.in/textbook/pdf/lefa108.pdf	GET	200	5316460	Sat, 28 Mar 2026 05:32:51 GMT	2026-09-25T23:23:56+05:30	19584eee361c9a4bf86120538c8aefe1011c1d0c717d8e2a664a85d2173c77dc	yes
lecs1	1	https://ncert.nic.in/textbook/pdf/lecs101.pdf	GET	200	1815052	Sat, 28 Mar 2026 05:20:47 GMT	2026-09-25T23:23:57+05:30	0d24c10ee2d6d9ee8e3a07c69b847aa7b5b4c8f02988abf2952013f99ffbf332	yes
lecs1	2	https://ncert.nic.in/textbook/pdf/lecs102.pdf	HEAD	200	1767361	Sat, 28 Mar 2026 05:20:47 GMT	2026-09-25T23:23:56+05:30		
lecs1	3	https://ncert.nic.in/textbook/pdf/lecs103.pdf	HEAD	200	1449522	Sat, 28 Mar 2026 05:20:48 GMT	2026-09-25T23:23:56+05:30		
lecs1	4	https://ncert.nic.in/textbook/pdf/lecs104.pdf	HEAD	200	1685005	Sat, 28 Mar 2026 05:20:48 GMT	2026-09-25T23:23:57+05:30		
lecs1	5	https://ncert.nic.in/textbook/pdf/lecs105.pdf	HEAD	200	1576140	Sat, 28 Mar 2026 05:20:48 GMT	2026-09-25T23:23:57+05:30		
lecs1	6	https://ncert.nic.in/textbook/pdf/lecs106.pdf	HEAD	200	1424894	Sat, 28 Mar 2026 05:20:48 GMT	2026-09-25T23:23:57+05:30		
lecs1	7	https://ncert.nic.in/textbook/pdf/lecs107.pdf	HEAD	200	1413781	Sat, 28 Mar 2026 05:20:48 GMT	2026-09-25T23:23:57+05:30		
lecs1	8	https://ncert.nic.in/textbook/pdf/lecs108.pdf	HEAD	200	1808033	Sat, 28 Mar 2026 05:20:49 GMT	2026-09-25T23:23:57+05:30		
lecs1	9	https://ncert.nic.in/textbook/pdf/lecs109.pdf	HEAD	200	4205504	Sat, 28 Mar 2026 05:20:49 GMT	2026-09-25T23:23:57+05:30		
lecs1	10	https://ncert.nic.in/textbook/pdf/lecs110.pdf	HEAD	200	2858006	Sat, 28 Mar 2026 05:20:49 GMT	2026-09-25T23:23:57+05:30		
lecs1	11	https://ncert.nic.in/textbook/pdf/lecs111.pdf	HEAD	200	3778574	Sat, 28 Mar 2026 05:20:50 GMT	2026-09-25T23:23:57+05:30		
lecs1	12	https://ncert.nic.in/textbook/pdf/lecs112.pdf	HEAD	200	2020123	Sat, 28 Mar 2026 05:20:50 GMT	2026-09-25T23:23:58+05:30		
lecs1	13	https://ncert.nic.in/textbook/pdf/lecs113.pdf	GET	200	776240	Sat, 28 Mar 2026 05:20:50 GMT	2026-09-25T23:23:58+05:30	11a759130a1c9418b50d6780fd72f3eb934a3e8c01f277c0e2444cbbcb826615	yes
leip1	1	https://ncert.nic.in/textbook/pdf/leip101.pdf	GET	200	2892855	Sat, 28 Mar 2026 05:47:32 GMT	2026-09-25T23:23:59+05:30	047092812a37777c26ca89028f40ac68e13a0433b462b4fd3011b8a60f410196	yes
leip1	2	https://ncert.nic.in/textbook/pdf/leip102.pdf	HEAD	200	3381235	Sat, 28 Mar 2026 05:47:32 GMT	2026-09-25T23:23:58+05:30		
leip1	3	https://ncert.nic.in/textbook/pdf/leip103.pdf	HEAD	200	3860952	Sat, 28 Mar 2026 05:47:33 GMT	2026-09-25T23:23:59+05:30		
leip1	4	https://ncert.nic.in/textbook/pdf/leip104.pdf	HEAD	200	4033208	Sat, 28 Mar 2026 05:47:33 GMT	2026-09-25T23:23:58+05:30		
leip1	5	https://ncert.nic.in/textbook/pdf/leip105.pdf	HEAD	200	4449562	Sat, 28 Mar 2026 05:47:33 GMT	2026-09-25T23:23:59+05:30		
leip1	6	https://ncert.nic.in/textbook/pdf/leip106.pdf	HEAD	200	3314437	Sat, 28 Mar 2026 05:47:34 GMT	2026-09-25T23:23:59+05:30		
leip1	7	https://ncert.nic.in/textbook/pdf/leip107.pdf	GET	200	2019552	Sat, 28 Mar 2026 05:47:34 GMT	2026-09-25T23:24:00+05:30	0a54ac52a49c9f816fea4161acbb7b0d402572c13218eadde4ca562bd623912c	yes
lebt1	1	https://ncert.nic.in/textbook/pdf/lebt101.pdf	GET	200	879863	Thu, 08 May 2025 12:05:45 GMT	2026-09-25T23:24:01+05:30	f838623d822ae96d1e56bb2575cb1bf99ec473db3697384ddadb025d2569fc5f	yes
lebt1	2	https://ncert.nic.in/textbook/pdf/lebt102.pdf	HEAD	200	2613002	Thu, 08 May 2025 12:05:46 GMT	2026-09-25T23:23:59+05:30		
lebt1	3	https://ncert.nic.in/textbook/pdf/lebt103.pdf	HEAD	200	5853733	Thu, 08 May 2025 12:05:48 GMT	2026-09-25T23:23:59+05:30		
lebt1	4	https://ncert.nic.in/textbook/pdf/lebt104.pdf	HEAD	200	5412686	Thu, 08 May 2025 12:05:50 GMT	2026-09-25T23:24:00+05:30		
lebt1	5	https://ncert.nic.in/textbook/pdf/lebt105.pdf	HEAD	200	3985241	Thu, 08 May 2025 12:05:52 GMT	2026-09-25T23:24:00+05:30		
lebt1	6	https://ncert.nic.in/textbook/pdf/lebt106.pdf	HEAD	200	2797249	Thu, 08 May 2025 12:05:54 GMT	2026-09-25T23:24:00+05:30		
lebt1	7	https://ncert.nic.in/textbook/pdf/lebt107.pdf	HEAD	200	2005073	Thu, 08 May 2025 12:05:55 GMT	2026-09-25T23:24:00+05:30		
lebt1	8	https://ncert.nic.in/textbook/pdf/lebt108.pdf	HEAD	200	3347662	Thu, 08 May 2025 12:05:56 GMT	2026-09-25T23:24:00+05:30		
lebt1	9	https://ncert.nic.in/textbook/pdf/lebt109.pdf	HEAD	200	2606842	Thu, 08 May 2025 12:05:57 GMT	2026-09-25T23:24:00+05:30		
lebt1	10	https://ncert.nic.in/textbook/pdf/lebt110.pdf	HEAD	200	2609558	Thu, 08 May 2025 12:05:58 GMT	2026-09-25T23:24:00+05:30		
lebt1	11	https://ncert.nic.in/textbook/pdf/lebt111.pdf	HEAD	200	3503635	Thu, 08 May 2025 12:06:00 GMT	2026-09-25T23:24:00+05:30		
lebt1	12	https://ncert.nic.in/textbook/pdf/lebt112.pdf	HEAD	200	3695748	Thu, 08 May 2025 12:06:01 GMT	2026-09-25T23:24:01+05:30		
lebt1	13	https://ncert.nic.in/textbook/pdf/lebt113.pdf	GET	200	1733841	Thu, 08 May 2025 12:06:02 GMT	2026-09-25T23:24:01+05:30	83e8c0d6c84bb0e450198d4399b2a9a3253767ce9b6e0f3e74d2f54728872054	yes
lstp1	1	https://ncert.nic.in/textbook/pdf/lstp101.pdf	HEAD	200	6049424	Thu, 08 May 2025 12:05:21 GMT	2026-09-25T23:24:01+05:30		
lstp1	2	https://ncert.nic.in/textbook/pdf/lstp102.pdf	HEAD	200	4343014	Thu, 08 May 2025 12:05:23 GMT	2026-09-25T23:24:01+05:30		
lstp1	3	https://ncert.nic.in/textbook/pdf/lstp103.pdf	HEAD	200	5205219	Thu, 08 May 2025 12:05:25 GMT	2026-09-25T23:24:01+05:30		
lstp1	4	https://ncert.nic.in/textbook/pdf/lstp104.pdf	HEAD	200	7652479	Thu, 08 May 2025 12:05:28 GMT	2026-09-25T23:24:01+05:30		
lstp1	5	https://ncert.nic.in/textbook/pdf/lstp105.pdf	HEAD	200	5412155	Thu, 08 May 2025 12:05:30 GMT	2026-09-25T23:24:01+05:30		
lstp1	6	https://ncert.nic.in/textbook/pdf/lstp106.pdf	HEAD	200	6024574	Thu, 08 May 2025 12:05:33 GMT	2026-09-25T23:24:01+05:30		
lstp1	7	https://ncert.nic.in/textbook/pdf/lstp107.pdf	HEAD	200	7489536	Thu, 08 May 2025 12:05:35 GMT	2026-09-25T23:24:01+05:30		
lsgv1	1	https://ncert.nic.in/textbook/pdf/lsgv101.pdf	HEAD	200	3593958	Fri, 02 May 2025 09:30:11 GMT	2026-09-25T23:24:01+05:30		
lsgv1	2	https://ncert.nic.in/textbook/pdf/lsgv102.pdf	HEAD	200	1937219	Fri, 02 May 2025 09:30:11 GMT	2026-09-25T23:24:01+05:30		
lsgv1	3	https://ncert.nic.in/textbook/pdf/lsgv103.pdf	HEAD	200	2348394	Fri, 02 May 2025 09:30:12 GMT	2026-09-25T23:24:01+05:30		
lsgv1	4	https://ncert.nic.in/textbook/pdf/lsgv104.pdf	HEAD	200	2754337	Fri, 02 May 2025 09:30:12 GMT	2026-09-25T23:24:02+05:30		
lsgv1	5	https://ncert.nic.in/textbook/pdf/lsgv105.pdf	HEAD	200	1756555	Fri, 02 May 2025 09:30:12 GMT	2026-09-25T23:24:02+05:30		
lsgv1	6	https://ncert.nic.in/textbook/pdf/lsgv106.pdf	HEAD	200	6300462	Fri, 02 May 2025 09:30:14 GMT	2026-09-25T23:24:02+05:30		
lsgv1	7	https://ncert.nic.in/textbook/pdf/lsgv107.pdf	HEAD	200	3719749	Fri, 02 May 2025 09:30:14 GMT	2026-09-25T23:24:02+05:30		
lsgv1	8	https://ncert.nic.in/textbook/pdf/lsgv108.pdf	HEAD	200	1859557	Fri, 02 May 2025 09:30:14 GMT	2026-09-25T23:24:02+05:30		
lsgv1	9	https://ncert.nic.in/textbook/pdf/lsgv109.pdf	HEAD	200	2273675	Fri, 02 May 2025 09:30:15 GMT	2026-09-25T23:24:02+05:30		
kham1	1	https://ncert.nic.in/textbook/pdf/kham101.pdf	GET	200	3777767	Tue, 29 Apr 2025 06:15:21 GMT	2026-09-25T23:24:02+05:30	4d9de24617dcbec9f5b4808e4147aa5166803116e04f57b58f24d8493294d4f4	
kham1	2	https://ncert.nic.in/textbook/pdf/kham102.pdf	HEAD	200	1819015	Tue, 29 Apr 2025 06:15:21 GMT	2026-09-25T23:24:02+05:30		
kham1	3	https://ncert.nic.in/textbook/pdf/kham103.pdf	HEAD	200	2773512	Tue, 29 Apr 2025 06:15:22 GMT	2026-09-25T23:24:02+05:30		
kham1	4	https://ncert.nic.in/textbook/pdf/kham104.pdf	HEAD	200	2157608	Tue, 29 Apr 2025 06:15:22 GMT	2026-09-25T23:24:02+05:30		
kham1	5	https://ncert.nic.in/textbook/pdf/kham105.pdf	HEAD	200	1317084	Tue, 29 Apr 2025 06:15:22 GMT	2026-09-25T23:24:02+05:30		
kham1	6	https://ncert.nic.in/textbook/pdf/kham106.pdf	HEAD	200	1575766	Tue, 29 Apr 2025 06:15:23 GMT	2026-09-25T23:24:02+05:30		
kham1	7	https://ncert.nic.in/textbook/pdf/kham107.pdf	HEAD	200	841564	Tue, 29 Apr 2025 06:15:23 GMT	2026-09-25T23:24:02+05:30		
kham1	8	https://ncert.nic.in/textbook/pdf/kham108.pdf	HEAD	200	905075	Tue, 29 Apr 2025 06:15:23 GMT	2026-09-25T23:24:02+05:30		
kham1	9	https://ncert.nic.in/textbook/pdf/kham109.pdf	HEAD	200	597687	Tue, 29 Apr 2025 06:15:23 GMT	2026-09-25T23:24:02+05:30		
kham1	10	https://ncert.nic.in/textbook/pdf/kham110.pdf	HEAD	200	518699	Tue, 29 Apr 2025 06:15:24 GMT	2026-09-25T23:24:02+05:30		
kham1	11	https://ncert.nic.in/textbook/pdf/kham111.pdf	HEAD	200	1159357	Tue, 29 Apr 2025 06:15:24 GMT	2026-09-25T23:24:02+05:30		
kham1	12	https://ncert.nic.in/textbook/pdf/kham112.pdf	HEAD	200	707153	Tue, 29 Apr 2025 06:15:24 GMT	2026-09-25T23:24:03+05:30		
kham1	13	https://ncert.nic.in/textbook/pdf/kham113.pdf	HEAD	200	686258	Tue, 29 Apr 2025 06:15:24 GMT	2026-09-25T23:24:03+05:30		
kham1	14	https://ncert.nic.in/textbook/pdf/kham114.pdf	HEAD	200	1806376	Tue, 29 Apr 2025 06:15:25 GMT	2026-09-25T23:24:03+05:30		
kham1	15	https://ncert.nic.in/textbook/pdf/kham115.pdf	HEAD	200	887255	Tue, 29 Apr 2025 06:15:25 GMT	2026-09-25T23:24:03+05:30		
kham1	16	https://ncert.nic.in/textbook/pdf/kham116.pdf	GET	200	1613000	Tue, 29 Apr 2025 06:15:59 GMT	2026-09-25T23:24:03+05:30	7c1fcb7312a390a9a608fc090e1b176b97995dcb3b944e8c9875b4c4d65c7f62	
klss1	1	https://ncert.nic.in/textbook/pdf/klss101.pdf	HEAD	200	1359246	Sat, 28 Mar 2026 08:42:13 GMT	2026-09-25T23:24:03+05:30		
klss1	2	https://ncert.nic.in/textbook/pdf/klss102.pdf	HEAD	200	1875079	Sat, 28 Mar 2026 08:42:13 GMT	2026-09-25T23:24:03+05:30		
klss1	3	https://ncert.nic.in/textbook/pdf/klss103.pdf	HEAD	200	1370156	Sat, 28 Mar 2026 08:42:13 GMT	2026-09-25T23:24:03+05:30		
klss1	4	https://ncert.nic.in/textbook/pdf/klss104.pdf	HEAD	200	1539449	Sat, 28 Mar 2026 08:42:14 GMT	2026-09-25T23:24:03+05:30		
klss1	5	https://ncert.nic.in/textbook/pdf/klss105.pdf	HEAD	200	1038871	Sat, 28 Mar 2026 08:42:14 GMT	2026-09-25T23:24:03+05:30		
klss1	6	https://ncert.nic.in/textbook/pdf/klss106.pdf	HEAD	200	1370297	Sat, 28 Mar 2026 08:42:14 GMT	2026-09-25T23:24:03+05:30		
klss1	7	https://ncert.nic.in/textbook/pdf/klss107.pdf	HEAD	200	1553005	Sat, 28 Mar 2026 08:42:14 GMT	2026-09-25T23:24:03+05:30		
klss1	8	https://ncert.nic.in/textbook/pdf/klss108.pdf	HEAD	200	1176452	Sat, 28 Mar 2026 08:42:14 GMT	2026-09-25T23:24:03+05:30		
klss1	9	https://ncert.nic.in/textbook/pdf/klss109.pdf	HEAD	200	1654125	Sat, 28 Mar 2026 08:42:14 GMT	2026-09-25T23:24:03+05:30		
klss1	10	https://ncert.nic.in/textbook/pdf/klss110.pdf	HEAD	200	1579499	Sat, 28 Mar 2026 08:42:14 GMT	2026-09-25T23:24:03+05:30		
klss1	11	https://ncert.nic.in/textbook/pdf/klss111.pdf	HEAD	200	1052158	Sat, 28 Mar 2026 08:42:14 GMT	2026-09-25T23:24:03+05:30		
klss1	12	https://ncert.nic.in/textbook/pdf/klss112.pdf	HEAD	200	4067414	Sat, 28 Mar 2026 08:42:15 GMT	2026-09-25T23:24:03+05:30		
kuza1	1	https://ncert.nic.in/textbook/pdf/kuza101.pdf	GET	200	3364859	Thu, 13 Aug 2020 10:01:50 GMT	2026-09-25T23:24:04+05:30	dc4aca407407f45b30acbf63106eba5f9f8a5eceed62c77e3501277a95171aef	
kuza1	2	https://ncert.nic.in/textbook/pdf/kuza102.pdf	HEAD	200	8003701	Thu, 13 Aug 2020 10:01:49 GMT	2026-09-25T23:24:03+05:30		
kuza1	3	https://ncert.nic.in/textbook/pdf/kuza103.pdf	HEAD	200	6454481	Thu, 13 Aug 2020 10:01:47 GMT	2026-09-25T23:24:03+05:30		
kuza1	4	https://ncert.nic.in/textbook/pdf/kuza104.pdf	HEAD	200	7668624	Thu, 13 Aug 2020 10:01:45 GMT	2026-09-25T23:24:03+05:30		
kuza1	5	https://ncert.nic.in/textbook/pdf/kuza105.pdf	HEAD	200	8422841	Thu, 13 Aug 2020 10:01:43 GMT	2026-09-25T23:24:03+05:30		
kuza1	6	https://ncert.nic.in/textbook/pdf/kuza106.pdf	HEAD	200	7961492	Thu, 13 Aug 2020 10:01:40 GMT	2026-09-25T23:24:04+05:30		
kuza1	7	https://ncert.nic.in/textbook/pdf/kuza107.pdf	HEAD	200	10716634	Thu, 13 Aug 2020 10:01:38 GMT	2026-09-25T23:24:04+05:30		
kuza1	8	https://ncert.nic.in/textbook/pdf/kuza108.pdf	HEAD	200	7029870	Thu, 13 Aug 2020 10:01:36 GMT	2026-09-25T23:24:04+05:30		
kuza1	9	https://ncert.nic.in/textbook/pdf/kuza109.pdf	HEAD	200	7790962	Thu, 13 Aug 2020 10:01:35 GMT	2026-09-25T23:24:04+05:30		
kuza1	10	https://ncert.nic.in/textbook/pdf/kuza110.pdf	HEAD	200	6882123	Thu, 13 Aug 2020 10:01:33 GMT	2026-09-25T23:24:04+05:30		
kuza1	11	https://ncert.nic.in/textbook/pdf/kuza111.pdf	HEAD	200	4224673	Thu, 13 Aug 2020 10:01:31 GMT	2026-09-25T23:24:04+05:30		
kuza1	12	https://ncert.nic.in/textbook/pdf/kuza112.pdf	HEAD	200	20858399	Thu, 13 Aug 2020 10:01:29 GMT	2026-09-25T23:24:04+05:30		
kuza1	13	https://ncert.nic.in/textbook/pdf/kuza113.pdf	HEAD	200	2275686	Thu, 13 Aug 2020 10:01:26 GMT	2026-09-25T23:24:04+05:30		
kuza1	14	https://ncert.nic.in/textbook/pdf/kuza114.pdf	HEAD	200	13606959	Thu, 13 Aug 2020 10:01:24 GMT	2026-09-25T23:24:04+05:30		
kuza1	15	https://ncert.nic.in/textbook/pdf/kuza115.pdf	HEAD	200	5038764	Thu, 13 Aug 2020 10:01:22 GMT	2026-09-25T23:24:04+05:30		
kuza1	16	https://ncert.nic.in/textbook/pdf/kuza116.pdf	HEAD	200	5523969	Thu, 13 Aug 2020 10:01:20 GMT	2026-09-25T23:24:04+05:30		
kuza1	17	https://ncert.nic.in/textbook/pdf/kuza117.pdf	HEAD	200	8439342	Thu, 13 Aug 2020 10:01:18 GMT	2026-09-25T23:24:04+05:30		
kuza1	18	https://ncert.nic.in/textbook/pdf/kuza118.pdf	HEAD	200	6546150	Thu, 13 Aug 2020 10:01:16 GMT	2026-09-25T23:24:04+05:30		
kuza1	19	https://ncert.nic.in/textbook/pdf/kuza119.pdf	HEAD	200	7607494	Thu, 13 Aug 2020 10:01:15 GMT	2026-09-25T23:24:04+05:30		
kuza1	20	https://ncert.nic.in/textbook/pdf/kuza120.pdf	HEAD	200	5775487	Thu, 13 Aug 2020 10:01:12 GMT	2026-09-25T23:24:04+05:30		
kuza1	21	https://ncert.nic.in/textbook/pdf/kuza121.pdf	HEAD	200	7232821	Thu, 13 Aug 2020 10:01:10 GMT	2026-09-25T23:24:04+05:30		
kuza1	22	https://ncert.nic.in/textbook/pdf/kuza122.pdf	HEAD	200	19868295	Thu, 13 Aug 2020 10:01:07 GMT	2026-09-25T23:24:04+05:30		
kuza1	23	https://ncert.nic.in/textbook/pdf/kuza123.pdf	GET	200	10469578	Thu, 13 Aug 2020 10:01:04 GMT	2026-09-25T23:24:06+05:30	286304c47b5b670ecb101e1d10767ba8a0d46773ce79ded3ac5d6cb2809a7795	
juuq1	1	https://ncert.nic.in/textbook/pdf/juuq101.pdf	HEAD	200	5305469	Fri, 12 Jun 2020 07:35:30 GMT	2026-09-25T23:24:05+05:30		
juuq1	2	https://ncert.nic.in/textbook/pdf/juuq102.pdf	HEAD	200	552419	Fri, 12 Jun 2020 07:35:30 GMT	2026-09-25T23:24:05+05:30		
juuq1	3	https://ncert.nic.in/textbook/pdf/juuq103.pdf	HEAD	200	1239775	Fri, 12 Jun 2020 07:35:32 GMT	2026-09-25T23:24:05+05:30		
juuq1	4	https://ncert.nic.in/textbook/pdf/juuq104.pdf	HEAD	200	3344979	Fri, 12 Jun 2020 07:35:36 GMT	2026-09-25T23:24:05+05:30		
juuq1	5	https://ncert.nic.in/textbook/pdf/juuq105.pdf	HEAD	200	1275532	Fri, 12 Jun 2020 07:35:36 GMT	2026-09-25T23:24:05+05:30		
juuq1	6	https://ncert.nic.in/textbook/pdf/juuq106.pdf	HEAD	200	3586844	Fri, 12 Jun 2020 07:35:38 GMT	2026-09-25T23:24:05+05:30		
juuq1	7	https://ncert.nic.in/textbook/pdf/juuq107.pdf	HEAD	200	340910	Fri, 12 Jun 2020 07:35:40 GMT	2026-09-25T23:24:05+05:30		
juuq1	8	https://ncert.nic.in/textbook/pdf/juuq108.pdf	HEAD	200	175684	Fri, 12 Jun 2020 07:35:42 GMT	2026-09-25T23:24:05+05:30		
juuq1	9	https://ncert.nic.in/textbook/pdf/juuq109.pdf	HEAD	200	228438	Fri, 12 Jun 2020 07:35:44 GMT	2026-09-25T23:24:05+05:30		
juuq1	10	https://ncert.nic.in/textbook/pdf/juuq110.pdf	HEAD	200	440529	Fri, 12 Jun 2020 07:35:44 GMT	2026-09-25T23:24:05+05:30		
juuq1	11	https://ncert.nic.in/textbook/pdf/juuq111.pdf	HEAD	200	156867	Fri, 12 Jun 2020 07:35:46 GMT	2026-09-25T23:24:05+05:30		
juuq1	12	https://ncert.nic.in/textbook/pdf/juuq112.pdf	HEAD	200	186517	Fri, 12 Jun 2020 07:35:48 GMT	2026-09-25T23:24:05+05:30		
juuq1	13	https://ncert.nic.in/textbook/pdf/juuq113.pdf	HEAD	200	680124	Fri, 12 Jun 2020 07:35:48 GMT	2026-09-25T23:24:05+05:30		
juuq1	14	https://ncert.nic.in/textbook/pdf/juuq114.pdf	HEAD	200	1046499	Fri, 12 Jun 2020 07:35:52 GMT	2026-09-25T23:24:05+05:30		
juuq1	15	https://ncert.nic.in/textbook/pdf/juuq115.pdf	HEAD	200	1127741	Fri, 12 Jun 2020 07:35:50 GMT	2026-09-25T23:24:05+05:30		
juuq1	16	https://ncert.nic.in/textbook/pdf/juuq116.pdf	HEAD	200	2808079	Fri, 12 Jun 2020 07:35:52 GMT	2026-09-25T23:24:05+05:30		
juuq1	17	https://ncert.nic.in/textbook/pdf/juuq117.pdf	HEAD	200	1605099	Fri, 12 Jun 2020 07:35:58 GMT	2026-09-25T23:24:06+05:30		
juuq1	18	https://ncert.nic.in/textbook/pdf/juuq118.pdf	HEAD	200	2685519	Fri, 12 Jun 2020 07:35:58 GMT	2026-09-25T23:24:06+05:30		
juuq1	19	https://ncert.nic.in/textbook/pdf/juuq119.pdf	HEAD	200	4318794	Fri, 12 Jun 2020 07:35:58 GMT	2026-09-25T23:24:06+05:30		
juuq1	20	https://ncert.nic.in/textbook/pdf/juuq120.pdf	HEAD	200	2620416	Fri, 12 Jun 2020 07:36:02 GMT	2026-09-25T23:24:06+05:30		
juuq1	21	https://ncert.nic.in/textbook/pdf/juuq121.pdf	HEAD	200	4068187	Fri, 12 Jun 2020 07:36:02 GMT	2026-09-25T23:24:06+05:30		
juuq1	22	https://ncert.nic.in/textbook/pdf/juuq122.pdf	HEAD	200	3155098	Fri, 12 Jun 2020 07:36:02 GMT	2026-09-25T23:24:06+05:30		
juuq1	23	https://ncert.nic.in/textbook/pdf/juuq123.pdf	HEAD	404			2026-09-25T23:24:06+05:30		
juuq1	24	https://ncert.nic.in/textbook/pdf/juuq124.pdf	HEAD	404			2026-09-25T23:24:06+05:30		
kuiz1	1	https://ncert.nic.in/textbook/pdf/kuiz101.pdf	GET	200	24540580	Thu, 26 May 2022 09:51:00 GMT	2026-09-25T23:24:11+05:30	3d1184f464ae8d3fa1eb22e0cdcfb663c178e71adc8ff4432b1f92f29cc8a135	
kuiz1	2	https://ncert.nic.in/textbook/pdf/kuiz102.pdf	HEAD	200	16641465	Thu, 26 May 2022 09:51:09 GMT	2026-09-25T23:24:06+05:30		
kuiz1	3	https://ncert.nic.in/textbook/pdf/kuiz103.pdf	HEAD	200	54607640	Thu, 26 May 2022 09:51:51 GMT	2026-09-25T23:24:06+05:30		
kuiz1	4	https://ncert.nic.in/textbook/pdf/kuiz104.pdf	GET	200	16460288	Thu, 26 May 2022 09:52:01 GMT	2026-09-25T23:24:09+05:30	444426f34ff0d6d6280a2abf4c026687f3961fab3a1e8e60aaed5bd4c4e64c4e	
